family,floor_fraction,sd_reference_fraction,reference_mean_tco2e,budget_eur,floor_eur,sd_tco2e,halfwidth_tco2e,threshold_tco2e,constant_contract,expected_payment_eur,marginal_eur_per_tco2e,marginal_fraction_of_cap,reported_emissions_negative_probability,value_status
uniform,0.0,0.0,316912.0,7925000.0,0.0,0.0,0.0,-88.0,False,7925000.0,25.0,1.0,0.0,hypothetical scenario
uniform,0.002,0.0,316912.0,7925000.0,15850.0,0.0,0.0,546.0,False,7925000.0,25.0,1.0,0.0,hypothetical scenario
uniform,0.004,0.0,316912.0,7925000.0,31700.0,0.0,0.0,1180.0,False,7925000.0,25.0,1.0,0.0,hypothetical scenario
uniform,0.006,0.0,316912.0,7925000.0,47550.0,0.0,0.0,1814.0,False,7925000.0,25.0,1.0,0.0,hypothetical scenario
uniform,0.008,0.0,316912.0,7925000.0,63400.0,0.0,0.0,2448.0,False,7925000.0,25.0,1.0,0.0,hypothetical scenario
uniform,0.01,0.0,316912.0,7925000.0,79250.0,0.0,0.0,3082.0,False,7925000.0,25.0,1.0,0.0,hypothetical scenario
uniform,0.012,0.0,316912.0,7925000.0,95100.0,0.0,0.0,3716.0,False,7925000.0,25.0,1.0,0.0,hypothetical scenario
uniform,0.014,0.0,316912.0,7925000.0,110950.0,0.0,0.0,4350.0,False,7925000.0,25.0,1.0,0.0,hypothetical scenario
uniform,0.016,0.0,316912.0,7925000.0,126800.0,0.0,0.0,4984.0,False,7925000.0,25.0,1.0,0.0,hypothetical scenario
uniform,0.018000000000000002,0.0,316912.0,7925000.0,142650.00000000003,0.0,0.0,5618.0,False,7925000.0,25.0,1.0,0.0,hypothetical scenario
uniform,0.02,0.0,316912.0,7925000.0,158500.0,0.0,0.0,6252.0,False,7925000.0,25.0,1.0,0.0,hypothetical scenario
uniform,0.022,0.0,316912.0,7925000.0,174350.0,0.0,0.0,6886.0,False,7925000.0,25.0,1.0,0.0,hypothetical scenario
uniform,0.024,0.0,316912.0,7925000.0,190200.0,0.0,0.0,7520.0,False,7925000.0,25.0,1.0,0.0,hypothetical scenario
uniform,0.026000000000000002,0.0,316912.0,7925000.0,206050.00000000003,0.0,0.0,8154.0,False,7925000.0,25.0,1.0,0.0,hypothetical scenario
uniform,0.028,0.0,316912.0,7925000.0,221900.0,0.0,0.0,8788.0,False,7925000.0,25.0,1.0,0.0,hypothetical scenario
uniform,0.03,0.0,316912.0,7925000.0,237750.0,0.0,0.0,9422.0,False,7925000.0,25.0,1.0,0.0,hypothetical scenario
uniform,0.032,0.0,316912.0,7925000.0,253600.0,0.0,0.0,10056.0,False,7925000.0,25.0,1.0,0.0,hypothetical scenario
uniform,0.034,0.0,316912.0,7925000.0,269450.0,0.0,0.0,10690.0,False,7925000.0,25.0,1.0,0.0,hypothetical scenario
uniform,0.036000000000000004,0.0,316912.0,7925000.0,285300.00000000006,0.0,0.0,11324.0,False,7925000.0,25.0,1.0,0.0,hypothetical scenario
uniform,0.038,0.0,316912.0,7925000.0,301150.0,0.0,0.0,11958.0,False,7925000.0,25.0,1.0,0.0,hypothetical scenario
uniform,0.04,0.0,316912.0,7925000.0,317000.0,0.0,0.0,12592.0,False,7925000.0,25.0,1.0,0.0,hypothetical scenario
uniform,0.042,0.0,316912.0,7925000.0,332850.0,0.0,0.0,13226.0,False,7925000.0,25.0,1.0,0.0,hypothetical scenario
uniform,0.044,0.0,316912.0,7925000.0,348700.0,0.0,0.0,13860.0,False,7925000.0,25.0,1.0,0.0,hypothetical scenario
uniform,0.046,0.0,316912.0,7925000.0,364550.0,0.0,0.0,14494.0,False,7925000.0,25.0,1.0,0.0,hypothetical scenario
uniform,0.048,0.0,316912.0,7925000.0,380400.0,0.0,0.0,15128.0,False,7925000.0,25.0,1.0,0.0,hypothetical scenario
uniform,0.05,0.0,316912.0,7925000.0,396250.0,0.0,0.0,15762.0,False,7925000.0,25.0,1.0,0.0,hypothetical scenario
uniform,0.052000000000000005,0.0,316912.0,7925000.0,412100.00000000006,0.0,0.0,16396.0,False,7925000.0,25.0,1.0,0.0,hypothetical scenario
uniform,0.054,0.0,316912.0,7925000.0,427950.0,0.0,0.0,17030.0,False,7925000.0,25.0,1.0,0.0,hypothetical scenario
uniform,0.056,0.0,316912.0,7925000.0,443800.0,0.0,0.0,17664.0,False,7925000.0,25.0,1.0,0.0,hypothetical scenario
uniform,0.058,0.0,316912.0,7925000.0,459650.0,0.0,0.0,18298.0,False,7925000.0,25.0,1.0,0.0,hypothetical scenario
uniform,0.06,0.0,316912.0,7925000.0,475500.0,0.0,0.0,18932.0,False,7925000.0,25.0,1.0,0.0,hypothetical scenario
uniform,0.062,0.0,316912.0,7925000.0,491350.0,0.0,0.0,19566.0,False,7925000.0,25.0,1.0,0.0,hypothetical scenario
uniform,0.064,0.0,316912.0,7925000.0,507200.0,0.0,0.0,20200.0,False,7925000.0,25.0,1.0,0.0,hypothetical scenario
uniform,0.066,0.0,316912.0,7925000.0,523050.0,0.0,0.0,20834.0,False,7925000.0,25.0,1.0,0.0,hypothetical scenario
uniform,0.068,0.0,316912.0,7925000.0,538900.0,0.0,0.0,21468.0,False,7925000.0,25.0,1.0,0.0,hypothetical scenario
uniform,0.07,0.0,316912.0,7925000.0,554750.0,0.0,0.0,22102.0,False,7925000.0,25.0,1.0,0.0,hypothetical scenario
uniform,0.07200000000000001,0.0,316912.0,7925000.0,570600.0000000001,0.0,0.0,22736.0,False,7925000.0,25.0,1.0,0.0,hypothetical scenario
uniform,0.074,0.0,316912.0,7925000.0,586450.0,0.0,0.0,23370.0,False,7925000.0,25.0,1.0,0.0,hypothetical scenario
uniform,0.076,0.0,316912.0,7925000.0,602300.0,0.0,0.0,24004.0,False,7925000.0,25.0,1.0,0.0,hypothetical scenario
uniform,0.078,0.0,316912.0,7925000.0,618150.0,0.0,0.0,24638.0,False,7925000.0,25.0,1.0,0.0,hypothetical scenario
uniform,0.08,0.0,316912.0,7925000.0,634000.0,0.0,0.0,25272.0,False,7925000.0,25.0,1.0,0.0,hypothetical scenario
uniform,0.082,0.0,316912.0,7925000.0,649850.0,0.0,0.0,25906.0,False,7925000.0,25.0,1.0,0.0,hypothetical scenario
uniform,0.084,0.0,316912.0,7925000.0,665700.0,0.0,0.0,26540.0,False,7925000.0,25.0,1.0,0.0,hypothetical scenario
uniform,0.08600000000000001,0.0,316912.0,7925000.0,681550.0,0.0,0.0,27174.0,False,7925000.0,25.0,1.0,0.0,hypothetical scenario
uniform,0.088,0.0,316912.0,7925000.0,697400.0,0.0,0.0,27808.0,False,7925000.0,25.0,1.0,0.0,hypothetical scenario
uniform,0.09,0.0,316912.0,7925000.0,713250.0,0.0,0.0,28442.0,False,7925000.0,25.0,1.0,0.0,hypothetical scenario
uniform,0.092,0.0,316912.0,7925000.0,729100.0,0.0,0.0,29076.0,False,7925000.0,25.0,1.0,0.0,hypothetical scenario
uniform,0.094,0.0,316912.0,7925000.0,744950.0,0.0,0.0,29710.0,False,7925000.0,25.0,1.0,0.0,hypothetical scenario
uniform,0.096,0.0,316912.0,7925000.0,760800.0,0.0,0.0,30344.0,False,7925000.0,25.0,1.0,0.0,hypothetical scenario
uniform,0.098,0.0,316912.0,7925000.0,776650.0,0.0,0.0,30978.0,False,7925000.0,25.0,1.0,0.0,hypothetical scenario
uniform,0.1,0.0,316912.0,7925000.0,792500.0,0.0,0.0,31612.0,False,7925000.0,25.0,1.0,0.0,hypothetical scenario
uniform,0.10200000000000001,0.0,316912.0,7925000.0,808350.0,0.0,0.0,32246.0,False,7925000.0,25.0,1.0,0.0,hypothetical scenario
uniform,0.10400000000000001,0.0,316912.0,7925000.0,824200.0000000001,0.0,0.0,32880.0,False,7925000.0,25.0,1.0,0.0,hypothetical scenario
uniform,0.106,0.0,316912.0,7925000.0,840050.0,0.0,0.0,33514.0,False,7925000.0,25.0,1.0,0.0,hypothetical scenario
uniform,0.108,0.0,316912.0,7925000.0,855900.0,0.0,0.0,34148.0,False,7925000.0,25.0,1.0,0.0,hypothetical scenario
uniform,0.11,0.0,316912.0,7925000.0,871750.0,0.0,0.0,34782.0,False,7925000.0,25.0,1.0,0.0,hypothetical scenario
uniform,0.112,0.0,316912.0,7925000.0,887600.0,0.0,0.0,35416.0,False,7925000.0,25.0,1.0,0.0,hypothetical scenario
uniform,0.114,0.0,316912.0,7925000.0,903450.0,0.0,0.0,36050.0,False,7925000.0,25.0,1.0,0.0,hypothetical scenario
uniform,0.116,0.0,316912.0,7925000.0,919300.0,0.0,0.0,36684.0,False,7925000.0,25.0,1.0,0.0,hypothetical scenario
uniform,0.11800000000000001,0.0,316912.0,7925000.0,935150.0000000001,0.0,0.0,37318.0,False,7925000.0,25.0,1.0,0.0,hypothetical scenario
uniform,0.12,0.0,316912.0,7925000.0,951000.0,0.0,0.0,37952.0,False,7925000.0,25.0,1.0,0.0,hypothetical scenario
uniform,0.122,0.0,316912.0,7925000.0,966850.0,0.0,0.0,38586.0,False,7925000.0,25.0,1.0,0.0,hypothetical scenario
uniform,0.124,0.0,316912.0,7925000.0,982700.0,0.0,0.0,39220.0,False,7925000.0,25.0,1.0,0.0,hypothetical scenario
uniform,0.126,0.0,316912.0,7925000.0,998550.0,0.0,0.0,39854.0,False,7925000.0,25.0,1.0,0.0,hypothetical scenario
uniform,0.128,0.0,316912.0,7925000.0,1014400.0,0.0,0.0,40488.0,False,7925000.0,25.0,1.0,0.0,hypothetical scenario
uniform,0.13,0.0,316912.0,7925000.0,1030250.0,0.0,0.0,41122.0,False,7925000.0,25.0,1.0,0.0,hypothetical scenario
uniform,0.132,0.0,316912.0,7925000.0,1046100.0,0.0,0.0,41756.0,False,7925000.0,25.0,1.0,0.0,hypothetical scenario
uniform,0.134,0.0,316912.0,7925000.0,1061950.0,0.0,0.0,42390.0,False,7925000.0,25.0,1.0,0.0,hypothetical scenario
uniform,0.136,0.0,316912.0,7925000.0,1077800.0,0.0,0.0,43024.0,False,7925000.0,25.0,1.0,0.0,hypothetical scenario
uniform,0.138,0.0,316912.0,7925000.0,1093650.0,0.0,0.0,43658.0,False,7925000.0,25.0,1.0,0.0,hypothetical scenario
uniform,0.14,0.0,316912.0,7925000.0,1109500.0,0.0,0.0,44292.0,False,7925000.0,25.0,1.0,0.0,hypothetical scenario
uniform,0.14200000000000002,0.0,316912.0,7925000.0,1125350.0000000002,0.0,0.0,44926.0,False,7925000.0,25.0,1.0,0.0,hypothetical scenario
uniform,0.14400000000000002,0.0,316912.0,7925000.0,1141200.0000000002,0.0,0.0,45560.0,False,7925000.0,25.0,1.0,0.0,hypothetical scenario
uniform,0.146,0.0,316912.0,7925000.0,1157050.0,0.0,0.0,46194.0,False,7925000.0,25.0,1.0,0.0,hypothetical scenario
uniform,0.148,0.0,316912.0,7925000.0,1172900.0,0.0,0.0,46828.0,False,7925000.0,25.0,1.0,0.0,hypothetical scenario
uniform,0.15,0.0,316912.0,7925000.0,1188750.0,0.0,0.0,47462.0,False,7925000.0,25.0,1.0,0.0,hypothetical scenario
uniform,0.152,0.0,316912.0,7925000.0,1204600.0,0.0,0.0,48096.0,False,7925000.0,25.0,1.0,0.0,hypothetical scenario
uniform,0.154,0.0,316912.0,7925000.0,1220450.0,0.0,0.0,48730.0,False,7925000.0,25.0,1.0,0.0,hypothetical scenario
uniform,0.156,0.0,316912.0,7925000.0,1236300.0,0.0,0.0,49364.0,False,7925000.0,25.0,1.0,0.0,hypothetical scenario
uniform,0.158,0.0,316912.0,7925000.0,1252150.0,0.0,0.0,49998.0,False,7925000.0,25.0,1.0,0.0,hypothetical scenario
uniform,0.16,0.0,316912.0,7925000.0,1268000.0,0.0,0.0,50632.0,False,7925000.0,25.0,1.0,0.0,hypothetical scenario
uniform,0.162,0.0,316912.0,7925000.0,1283850.0,0.0,0.0,51266.0,False,7925000.0,25.0,1.0,0.0,hypothetical scenario
uniform,0.164,0.0,316912.0,7925000.0,1299700.0,0.0,0.0,51900.0,False,7925000.0,25.0,1.0,0.0,hypothetical scenario
uniform,0.166,0.0,316912.0,7925000.0,1315550.0,0.0,0.0,52534.0,False,7925000.0,25.0,1.0,0.0,hypothetical scenario
uniform,0.168,0.0,316912.0,7925000.0,1331400.0,0.0,0.0,53168.0,False,7925000.0,25.0,1.0,0.0,hypothetical scenario
uniform,0.17,0.0,316912.0,7925000.0,1347250.0,0.0,0.0,53802.0,False,7925000.0,25.0,1.0,0.0,hypothetical scenario
uniform,0.17200000000000001,0.0,316912.0,7925000.0,1363100.0,0.0,0.0,54436.0,False,7925000.0,25.0,1.0,0.0,hypothetical scenario
uniform,0.17400000000000002,0.0,316912.0,7925000.0,1378950.0000000002,0.0,0.0,55070.0,False,7925000.0,25.0,1.0,0.0,hypothetical scenario
uniform,0.176,0.0,316912.0,7925000.0,1394800.0,0.0,0.0,55704.0,False,7925000.0,25.0,1.0,0.0,hypothetical scenario
uniform,0.178,0.0,316912.0,7925000.0,1410650.0,0.0,0.0,56338.0,False,7925000.0,25.0,1.0,0.0,hypothetical scenario
uniform,0.18,0.0,316912.0,7925000.0,1426500.0,0.0,0.0,56972.0,False,7925000.0,25.0,1.0,0.0,hypothetical scenario
uniform,0.182,0.0,316912.0,7925000.0,1442350.0,0.0,0.0,57606.0,False,7925000.0,25.0,1.0,0.0,hypothetical scenario
uniform,0.184,0.0,316912.0,7925000.0,1458200.0,0.0,0.0,58240.0,False,7925000.0,25.0,1.0,0.0,hypothetical scenario
uniform,0.186,0.0,316912.0,7925000.0,1474050.0,0.0,0.0,58874.0,False,7925000.0,25.0,1.0,0.0,hypothetical scenario
uniform,0.188,0.0,316912.0,7925000.0,1489900.0,0.0,0.0,59508.0,False,7925000.0,25.0,1.0,0.0,hypothetical scenario
uniform,0.19,0.0,316912.0,7925000.0,1505750.0,0.0,0.0,60142.0,False,7925000.0,25.0,1.0,0.0,hypothetical scenario
uniform,0.192,0.0,316912.0,7925000.0,1521600.0,0.0,0.0,60776.0,False,7925000.0,25.0,1.0,0.0,hypothetical scenario
uniform,0.194,0.0,316912.0,7925000.0,1537450.0,0.0,0.0,61410.0,False,7925000.0,25.0,1.0,0.0,hypothetical scenario
uniform,0.196,0.0,316912.0,7925000.0,1553300.0,0.0,0.0,62044.0,False,7925000.0,25.0,1.0,0.0,hypothetical scenario
uniform,0.198,0.0,316912.0,7925000.0,1569150.0,0.0,0.0,62678.0,False,7925000.0,25.0,1.0,0.0,hypothetical scenario
uniform,0.2,0.0,316912.0,7925000.0,1585000.0,0.0,0.0,63312.0,False,7925000.0,25.0,1.0,0.0,hypothetical scenario
uniform,0.202,0.0,316912.0,7925000.0,1600850.0,0.0,0.0,63946.0,False,7925000.0,25.0,1.0,0.0,hypothetical scenario
uniform,0.20400000000000001,0.0,316912.0,7925000.0,1616700.0,0.0,0.0,64580.0,False,7925000.0,25.0,1.0,0.0,hypothetical scenario
uniform,0.20600000000000002,0.0,316912.0,7925000.0,1632550.0000000002,0.0,0.0,65214.0,False,7925000.0,25.0,1.0,0.0,hypothetical scenario
uniform,0.20800000000000002,0.0,316912.0,7925000.0,1648400.0000000002,0.0,0.0,65848.0,False,7925000.0,25.0,1.0,0.0,hypothetical scenario
uniform,0.21,0.0,316912.0,7925000.0,1664250.0,0.0,0.0,66482.0,False,7925000.0,25.0,1.0,0.0,hypothetical scenario
uniform,0.212,0.0,316912.0,7925000.0,1680100.0,0.0,0.0,67116.0,False,7925000.0,25.0,1.0,0.0,hypothetical scenario
uniform,0.214,0.0,316912.0,7925000.0,1695950.0,0.0,0.0,67750.0,False,7925000.0,25.0,1.0,0.0,hypothetical scenario
uniform,0.216,0.0,316912.0,7925000.0,1711800.0,0.0,0.0,68384.0,False,7925000.0,25.0,1.0,0.0,hypothetical scenario
uniform,0.218,0.0,316912.0,7925000.0,1727650.0,0.0,0.0,69018.0,False,7925000.0,25.0,1.0,0.0,hypothetical scenario
uniform,0.22,0.0,316912.0,7925000.0,1743500.0,0.0,0.0,69652.0,False,7925000.0,25.0,1.0,0.0,hypothetical scenario
uniform,0.222,0.0,316912.0,7925000.0,1759350.0,0.0,0.0,70286.0,False,7925000.0,25.0,1.0,0.0,hypothetical scenario
uniform,0.224,0.0,316912.0,7925000.0,1775200.0,0.0,0.0,70920.0,False,7925000.0,25.0,1.0,0.0,hypothetical scenario
uniform,0.226,0.0,316912.0,7925000.0,1791050.0,0.0,0.0,71554.0,False,7925000.0,25.0,1.0,0.0,hypothetical scenario
uniform,0.228,0.0,316912.0,7925000.0,1806900.0,0.0,0.0,72188.0,False,7925000.0,25.0,1.0,0.0,hypothetical scenario
uniform,0.23,0.0,316912.0,7925000.0,1822750.0,0.0,0.0,72822.0,False,7925000.0,25.0,1.0,0.0,hypothetical scenario
uniform,0.232,0.0,316912.0,7925000.0,1838600.0,0.0,0.0,73456.0,False,7925000.0,25.0,1.0,0.0,hypothetical scenario
uniform,0.234,0.0,316912.0,7925000.0,1854450.0,0.0,0.0,74090.0,False,7925000.0,25.0,1.0,0.0,hypothetical scenario
uniform,0.23600000000000002,0.0,316912.0,7925000.0,1870300.0000000002,0.0,0.0,74724.0,False,7925000.0,25.0,1.0,0.0,hypothetical scenario
uniform,0.23800000000000002,0.0,316912.0,7925000.0,1886150.0000000002,0.0,0.0,75358.0,False,7925000.0,25.0,1.0,0.0,hypothetical scenario
uniform,0.24,0.0,316912.0,7925000.0,1902000.0,0.0,0.0,75992.0,False,7925000.0,25.0,1.0,0.0,hypothetical scenario
uniform,0.242,0.0,316912.0,7925000.0,1917850.0,0.0,0.0,76626.0,False,7925000.0,25.0,1.0,0.0,hypothetical scenario
uniform,0.244,0.0,316912.0,7925000.0,1933700.0,0.0,0.0,77260.0,False,7925000.0,25.0,1.0,0.0,hypothetical scenario
uniform,0.246,0.0,316912.0,7925000.0,1949550.0,0.0,0.0,77894.0,False,7925000.0,25.0,1.0,0.0,hypothetical scenario
uniform,0.248,0.0,316912.0,7925000.0,1965400.0,0.0,0.0,78528.0,False,7925000.0,25.0,1.0,0.0,hypothetical scenario
uniform,0.25,0.0,316912.0,7925000.0,1981250.0,0.0,0.0,79162.0,False,7925000.0,25.0,1.0,0.0,hypothetical scenario
uniform,0.252,0.0,316912.0,7925000.0,1997100.0,0.0,0.0,79796.0,False,7925000.0,25.0,1.0,0.0,hypothetical scenario
uniform,0.254,0.0,316912.0,7925000.0,2012950.0,0.0,0.0,80430.0,False,7925000.0,25.0,1.0,0.0,hypothetical scenario
uniform,0.256,0.0,316912.0,7925000.0,2028800.0,0.0,0.0,81064.0,False,7925000.0,25.0,1.0,0.0,hypothetical scenario
uniform,0.258,0.0,316912.0,7925000.0,2044650.0,0.0,0.0,81698.0,False,7925000.0,25.0,1.0,0.0,hypothetical scenario
uniform,0.26,0.0,316912.0,7925000.0,2060500.0,0.0,0.0,82332.0,False,7925000.0,25.0,1.0,0.0,hypothetical scenario
uniform,0.262,0.0,316912.0,7925000.0,2076350.0,0.0,0.0,82966.0,False,7925000.0,25.0,1.0,0.0,hypothetical scenario
uniform,0.264,0.0,316912.0,7925000.0,2092200.0,0.0,0.0,83600.0,False,7925000.0,25.0,1.0,0.0,hypothetical scenario
uniform,0.266,0.0,316912.0,7925000.0,2108050.0,0.0,0.0,84234.0,False,7925000.0,25.0,1.0,0.0,hypothetical scenario
uniform,0.268,0.0,316912.0,7925000.0,2123900.0,0.0,0.0,84868.0,False,7925000.0,25.0,1.0,0.0,hypothetical scenario
uniform,0.27,0.0,316912.0,7925000.0,2139750.0,0.0,0.0,85502.0,False,7925000.0,25.0,1.0,0.0,hypothetical scenario
uniform,0.272,0.0,316912.0,7925000.0,2155600.0,0.0,0.0,86136.0,False,7925000.0,25.0,1.0,0.0,hypothetical scenario
uniform,0.274,0.0,316912.0,7925000.0,2171450.0,0.0,0.0,86770.0,False,7925000.0,25.0,1.0,0.0,hypothetical scenario
uniform,0.276,0.0,316912.0,7925000.0,2187300.0,0.0,0.0,87404.0,False,7925000.0,25.0,1.0,0.0,hypothetical scenario
uniform,0.278,0.0,316912.0,7925000.0,2203150.0,0.0,0.0,88038.0,False,7925000.0,25.0,1.0,0.0,hypothetical scenario
uniform,0.28,0.0,316912.0,7925000.0,2219000.0,0.0,0.0,88672.0,False,7925000.0,25.0,1.0,0.0,hypothetical scenario
uniform,0.28200000000000003,0.0,316912.0,7925000.0,2234850.0,0.0,0.0,89306.0,False,7925000.0,25.0,1.0,0.0,hypothetical scenario
uniform,0.28400000000000003,0.0,316912.0,7925000.0,2250700.0000000005,0.0,0.0,89940.0,False,7925000.0,25.0,1.0,0.0,hypothetical scenario
uniform,0.28600000000000003,0.0,316912.0,7925000.0,2266550.0000000005,0.0,0.0,90574.0,False,7925000.0,25.0,1.0,0.0,hypothetical scenario
uniform,0.28800000000000003,0.0,316912.0,7925000.0,2282400.0000000005,0.0,0.0,91208.0,False,7925000.0,25.0,1.0,0.0,hypothetical scenario
uniform,0.29,0.0,316912.0,7925000.0,2298250.0,0.0,0.0,91842.0,False,7925000.0,25.0,1.0,0.0,hypothetical scenario
uniform,0.292,0.0,316912.0,7925000.0,2314100.0,0.0,0.0,92476.0,False,7925000.0,25.0,1.0,0.0,hypothetical scenario
uniform,0.294,0.0,316912.0,7925000.0,2329950.0,0.0,0.0,93110.0,False,7925000.0,25.0,1.0,0.0,hypothetical scenario
uniform,0.296,0.0,316912.0,7925000.0,2345800.0,0.0,0.0,93744.0,False,7925000.0,25.0,1.0,0.0,hypothetical scenario
uniform,0.298,0.0,316912.0,7925000.0,2361650.0,0.0,0.0,94378.0,False,7925000.0,25.0,1.0,0.0,hypothetical scenario
uniform,0.3,0.0,316912.0,7925000.0,2377500.0,0.0,0.0,95012.0,False,7925000.0,25.0,1.0,0.0,hypothetical scenario
uniform,0.302,0.0,316912.0,7925000.0,2393350.0,0.0,0.0,95646.0,False,7925000.0,25.0,1.0,0.0,hypothetical scenario
uniform,0.304,0.0,316912.0,7925000.0,2409200.0,0.0,0.0,96280.0,False,7925000.0,25.0,1.0,0.0,hypothetical scenario
uniform,0.306,0.0,316912.0,7925000.0,2425050.0,0.0,0.0,96914.0,False,7925000.0,25.0,1.0,0.0,hypothetical scenario
uniform,0.308,0.0,316912.0,7925000.0,2440900.0,0.0,0.0,97548.0,False,7925000.0,25.0,1.0,0.0,hypothetical scenario
uniform,0.31,0.0,316912.0,7925000.0,2456750.0,0.0,0.0,98182.0,False,7925000.0,25.0,1.0,0.0,hypothetical scenario
uniform,0.312,0.0,316912.0,7925000.0,2472600.0,0.0,0.0,98816.0,False,7925000.0,25.0,1.0,0.0,hypothetical scenario
uniform,0.314,0.0,316912.0,7925000.0,2488450.0,0.0,0.0,99450.0,False,7925000.0,25.0,1.0,0.0,hypothetical scenario
uniform,0.316,0.0,316912.0,7925000.0,2504300.0,0.0,0.0,100084.0,False,7925000.0,25.0,1.0,0.0,hypothetical scenario
uniform,0.318,0.0,316912.0,7925000.0,2520150.0,0.0,0.0,100718.0,False,7925000.0,25.0,1.0,0.0,hypothetical scenario
uniform,0.32,0.0,316912.0,7925000.0,2536000.0,0.0,0.0,101352.0,False,7925000.0,25.0,1.0,0.0,hypothetical scenario
uniform,0.322,0.0,316912.0,7925000.0,2551850.0,0.0,0.0,101986.0,False,7925000.0,25.0,1.0,0.0,hypothetical scenario
uniform,0.324,0.0,316912.0,7925000.0,2567700.0,0.0,0.0,102620.0,False,7925000.0,25.0,1.0,0.0,hypothetical scenario
uniform,0.326,0.0,316912.0,7925000.0,2583550.0,0.0,0.0,103254.0,False,7925000.0,25.0,1.0,0.0,hypothetical scenario
uniform,0.328,0.0,316912.0,7925000.0,2599400.0,0.0,0.0,103888.0,False,7925000.0,25.0,1.0,0.0,hypothetical scenario
uniform,0.33,0.0,316912.0,7925000.0,2615250.0,0.0,0.0,104522.0,False,7925000.0,25.0,1.0,0.0,hypothetical scenario
uniform,0.332,0.0,316912.0,7925000.0,2631100.0,0.0,0.0,105156.0,False,7925000.0,25.0,1.0,0.0,hypothetical scenario
uniform,0.334,0.0,316912.0,7925000.0,2646950.0,0.0,0.0,105790.0,False,7925000.0,25.0,1.0,0.0,hypothetical scenario
uniform,0.336,0.0,316912.0,7925000.0,2662800.0,0.0,0.0,106424.0,False,7925000.0,25.0,1.0,0.0,hypothetical scenario
uniform,0.338,0.0,316912.0,7925000.0,2678650.0,0.0,0.0,107058.0,False,7925000.0,25.0,1.0,0.0,hypothetical scenario
uniform,0.34,0.0,316912.0,7925000.0,2694500.0,0.0,0.0,107692.0,False,7925000.0,25.0,1.0,0.0,hypothetical scenario
uniform,0.342,0.0,316912.0,7925000.0,2710350.0,0.0,0.0,108326.0,False,7925000.0,25.0,1.0,0.0,hypothetical scenario
uniform,0.34400000000000003,0.0,316912.0,7925000.0,2726200.0,0.0,0.0,108960.0,False,7925000.0,25.0,1.0,0.0,hypothetical scenario
uniform,0.34600000000000003,0.0,316912.0,7925000.0,2742050.0000000005,0.0,0.0,109594.0,False,7925000.0,25.0,1.0,0.0,hypothetical scenario
uniform,0.34800000000000003,0.0,316912.0,7925000.0,2757900.0000000005,0.0,0.0,110228.0,False,7925000.0,25.0,1.0,0.0,hypothetical scenario
uniform,0.35000000000000003,0.0,316912.0,7925000.0,2773750.0000000005,0.0,0.0,110862.0,False,7925000.0,25.0,1.0,0.0,hypothetical scenario
uniform,0.352,0.0,316912.0,7925000.0,2789600.0,0.0,0.0,111496.0,False,7925000.0,25.0,1.0,0.0,hypothetical scenario
uniform,0.354,0.0,316912.0,7925000.0,2805450.0,0.0,0.0,112130.0,False,7925000.0,25.0,1.0,0.0,hypothetical scenario
uniform,0.356,0.0,316912.0,7925000.0,2821300.0,0.0,0.0,112764.0,False,7925000.0,25.0,1.0,0.0,hypothetical scenario
uniform,0.358,0.0,316912.0,7925000.0,2837150.0,0.0,0.0,113398.0,False,7925000.0,25.0,1.0,0.0,hypothetical scenario
uniform,0.36,0.0,316912.0,7925000.0,2853000.0,0.0,0.0,114032.0,False,7925000.0,25.0,1.0,0.0,hypothetical scenario
uniform,0.362,0.0,316912.0,7925000.0,2868850.0,0.0,0.0,114666.0,False,7925000.0,25.0,1.0,0.0,hypothetical scenario
uniform,0.364,0.0,316912.0,7925000.0,2884700.0,0.0,0.0,115300.0,False,7925000.0,25.0,1.0,0.0,hypothetical scenario
uniform,0.366,0.0,316912.0,7925000.0,2900550.0,0.0,0.0,115934.0,False,7925000.0,25.0,1.0,0.0,hypothetical scenario
uniform,0.368,0.0,316912.0,7925000.0,2916400.0,0.0,0.0,116568.0,False,7925000.0,25.0,1.0,0.0,hypothetical scenario
uniform,0.37,0.0,316912.0,7925000.0,2932250.0,0.0,0.0,117202.0,False,7925000.0,25.0,1.0,0.0,hypothetical scenario
uniform,0.372,0.0,316912.0,7925000.0,2948100.0,0.0,0.0,117836.0,False,7925000.0,25.0,1.0,0.0,hypothetical scenario
uniform,0.374,0.0,316912.0,7925000.0,2963950.0,0.0,0.0,118470.0,False,7925000.0,25.0,1.0,0.0,hypothetical scenario
uniform,0.376,0.0,316912.0,7925000.0,2979800.0,0.0,0.0,119104.0,False,7925000.0,25.0,1.0,0.0,hypothetical scenario
uniform,0.378,0.0,316912.0,7925000.0,2995650.0,0.0,0.0,119738.0,False,7925000.0,25.0,1.0,0.0,hypothetical scenario
uniform,0.38,0.0,316912.0,7925000.0,3011500.0,0.0,0.0,120372.0,False,7925000.0,25.0,1.0,0.0,hypothetical scenario
uniform,0.382,0.0,316912.0,7925000.0,3027350.0,0.0,0.0,121006.0,False,7925000.0,25.0,1.0,0.0,hypothetical scenario
uniform,0.384,0.0,316912.0,7925000.0,3043200.0,0.0,0.0,121640.0,False,7925000.0,25.0,1.0,0.0,hypothetical scenario
uniform,0.386,0.0,316912.0,7925000.0,3059050.0,0.0,0.0,122274.0,False,7925000.0,25.0,1.0,0.0,hypothetical scenario
uniform,0.388,0.0,316912.0,7925000.0,3074900.0,0.0,0.0,122908.0,False,7925000.0,25.0,1.0,0.0,hypothetical scenario
uniform,0.39,0.0,316912.0,7925000.0,3090750.0,0.0,0.0,123542.0,False,7925000.0,25.0,1.0,0.0,hypothetical scenario
uniform,0.392,0.0,316912.0,7925000.0,3106600.0,0.0,0.0,124176.0,False,7925000.0,25.0,1.0,0.0,hypothetical scenario
uniform,0.394,0.0,316912.0,7925000.0,3122450.0,0.0,0.0,124810.0,False,7925000.0,25.0,1.0,0.0,hypothetical scenario
uniform,0.396,0.0,316912.0,7925000.0,3138300.0,0.0,0.0,125444.0,False,7925000.0,25.0,1.0,0.0,hypothetical scenario
uniform,0.398,0.0,316912.0,7925000.0,3154150.0,0.0,0.0,126078.0,False,7925000.0,25.0,1.0,0.0,hypothetical scenario
uniform,0.4,0.0,316912.0,7925000.0,3170000.0,0.0,0.0,126712.0,False,7925000.0,25.0,1.0,0.0,hypothetical scenario
uniform,0.402,0.0,316912.0,7925000.0,3185850.0,0.0,0.0,127346.0,False,7925000.0,25.0,1.0,0.0,hypothetical scenario
uniform,0.404,0.0,316912.0,7925000.0,3201700.0,0.0,0.0,127980.0,False,7925000.0,25.0,1.0,0.0,hypothetical scenario
uniform,0.406,0.0,316912.0,7925000.0,3217550.0,0.0,0.0,128614.0,False,7925000.0,25.0,1.0,0.0,hypothetical scenario
uniform,0.40800000000000003,0.0,316912.0,7925000.0,3233400.0,0.0,0.0,129248.0,False,7925000.0,25.0,1.0,0.0,hypothetical scenario
uniform,0.41000000000000003,0.0,316912.0,7925000.0,3249250.0000000005,0.0,0.0,129882.0,False,7925000.0,25.0,1.0,0.0,hypothetical scenario
uniform,0.41200000000000003,0.0,316912.0,7925000.0,3265100.0000000005,0.0,0.0,130516.0,False,7925000.0,25.0,1.0,0.0,hypothetical scenario
uniform,0.41400000000000003,0.0,316912.0,7925000.0,3280950.0000000005,0.0,0.0,131150.0,False,7925000.0,25.0,1.0,0.0,hypothetical scenario
uniform,0.41600000000000004,0.0,316912.0,7925000.0,3296800.0000000005,0.0,0.0,131784.0,False,7925000.0,25.0,1.0,0.0,hypothetical scenario
uniform,0.418,0.0,316912.0,7925000.0,3312650.0,0.0,0.0,132418.0,False,7925000.0,25.0,1.0,0.0,hypothetical scenario
uniform,0.42,0.0,316912.0,7925000.0,3328500.0,0.0,0.0,133052.0,False,7925000.0,25.0,1.0,0.0,hypothetical scenario
uniform,0.422,0.0,316912.0,7925000.0,3344350.0,0.0,0.0,133686.0,False,7925000.0,25.0,1.0,0.0,hypothetical scenario
uniform,0.424,0.0,316912.0,7925000.0,3360200.0,0.0,0.0,134320.0,False,7925000.0,25.0,1.0,0.0,hypothetical scenario
uniform,0.426,0.0,316912.0,7925000.0,3376050.0,0.0,0.0,134954.0,False,7925000.0,25.0,1.0,0.0,hypothetical scenario
uniform,0.428,0.0,316912.0,7925000.0,3391900.0,0.0,0.0,135588.0,False,7925000.0,25.0,1.0,0.0,hypothetical scenario
uniform,0.43,0.0,316912.0,7925000.0,3407750.0,0.0,0.0,136222.0,False,7925000.0,25.0,1.0,0.0,hypothetical scenario
uniform,0.432,0.0,316912.0,7925000.0,3423600.0,0.0,0.0,136856.0,False,7925000.0,25.0,1.0,0.0,hypothetical scenario
uniform,0.434,0.0,316912.0,7925000.0,3439450.0,0.0,0.0,137490.0,False,7925000.0,25.0,1.0,0.0,hypothetical scenario
uniform,0.436,0.0,316912.0,7925000.0,3455300.0,0.0,0.0,138124.0,False,7925000.0,25.0,1.0,0.0,hypothetical scenario
uniform,0.438,0.0,316912.0,7925000.0,3471150.0,0.0,0.0,138758.0,False,7925000.0,25.0,1.0,0.0,hypothetical scenario
uniform,0.44,0.0,316912.0,7925000.0,3487000.0,0.0,0.0,139392.0,False,7925000.0,25.0,1.0,0.0,hypothetical scenario
uniform,0.442,0.0,316912.0,7925000.0,3502850.0,0.0,0.0,140026.0,False,7925000.0,25.0,1.0,0.0,hypothetical scenario
uniform,0.444,0.0,316912.0,7925000.0,3518700.0,0.0,0.0,140660.0,False,7925000.0,25.0,1.0,0.0,hypothetical scenario
uniform,0.446,0.0,316912.0,7925000.0,3534550.0,0.0,0.0,141294.0,False,7925000.0,25.0,1.0,0.0,hypothetical scenario
uniform,0.448,0.0,316912.0,7925000.0,3550400.0,0.0,0.0,141928.0,False,7925000.0,25.0,1.0,0.0,hypothetical scenario
uniform,0.45,0.0,316912.0,7925000.0,3566250.0,0.0,0.0,142562.0,False,7925000.0,25.0,1.0,0.0,hypothetical scenario
uniform,0.452,0.0,316912.0,7925000.0,3582100.0,0.0,0.0,143196.0,False,7925000.0,25.0,1.0,0.0,hypothetical scenario
uniform,0.454,0.0,316912.0,7925000.0,3597950.0,0.0,0.0,143830.0,False,7925000.0,25.0,1.0,0.0,hypothetical scenario
uniform,0.456,0.0,316912.0,7925000.0,3613800.0,0.0,0.0,144464.0,False,7925000.0,25.0,1.0,0.0,hypothetical scenario
uniform,0.458,0.0,316912.0,7925000.0,3629650.0,0.0,0.0,145098.0,False,7925000.0,25.0,1.0,0.0,hypothetical scenario
uniform,0.46,0.0,316912.0,7925000.0,3645500.0,0.0,0.0,145732.0,False,7925000.0,25.0,1.0,0.0,hypothetical scenario
uniform,0.462,0.0,316912.0,7925000.0,3661350.0,0.0,0.0,146366.0,False,7925000.0,25.0,1.0,0.0,hypothetical scenario
uniform,0.464,0.0,316912.0,7925000.0,3677200.0,0.0,0.0,147000.0,False,7925000.0,25.0,1.0,0.0,hypothetical scenario
uniform,0.466,0.0,316912.0,7925000.0,3693050.0,0.0,0.0,147634.0,False,7925000.0,25.0,1.0,0.0,hypothetical scenario
uniform,0.468,0.0,316912.0,7925000.0,3708900.0,0.0,0.0,148268.0,False,7925000.0,25.0,1.0,0.0,hypothetical scenario
uniform,0.47000000000000003,0.0,316912.0,7925000.0,3724750.0,0.0,0.0,148902.0,False,7925000.0,25.0,1.0,0.0,hypothetical scenario
uniform,0.47200000000000003,0.0,316912.0,7925000.0,3740600.0000000005,0.0,0.0,149536.00000000003,False,7925000.0,25.0,1.0,0.0,hypothetical scenario
uniform,0.47400000000000003,0.0,316912.0,7925000.0,3756450.0000000005,0.0,0.0,150170.00000000003,False,7925000.0,25.0,1.0,0.0,hypothetical scenario
uniform,0.47600000000000003,0.0,316912.0,7925000.0,3772300.0000000005,0.0,0.0,150804.00000000003,False,7925000.0,25.0,1.0,0.0,hypothetical scenario
uniform,0.47800000000000004,0.0,316912.0,7925000.0,3788150.0000000005,0.0,0.0,151438.00000000003,False,7925000.0,25.0,1.0,0.0,hypothetical scenario
uniform,0.48,0.0,316912.0,7925000.0,3804000.0,0.0,0.0,152072.0,False,7925000.0,25.0,1.0,0.0,hypothetical scenario
uniform,0.482,0.0,316912.0,7925000.0,3819850.0,0.0,0.0,152706.0,False,7925000.0,25.0,1.0,0.0,hypothetical scenario
uniform,0.484,0.0,316912.0,7925000.0,3835700.0,0.0,0.0,153340.0,False,7925000.0,25.0,1.0,0.0,hypothetical scenario
uniform,0.486,0.0,316912.0,7925000.0,3851550.0,0.0,0.0,153974.0,False,7925000.0,25.0,1.0,0.0,hypothetical scenario
uniform,0.488,0.0,316912.0,7925000.0,3867400.0,0.0,0.0,154608.0,False,7925000.0,25.0,1.0,0.0,hypothetical scenario
uniform,0.49,0.0,316912.0,7925000.0,3883250.0,0.0,0.0,155242.0,False,7925000.0,25.0,1.0,0.0,hypothetical scenario
uniform,0.492,0.0,316912.0,7925000.0,3899100.0,0.0,0.0,155876.0,False,7925000.0,25.0,1.0,0.0,hypothetical scenario
uniform,0.494,0.0,316912.0,7925000.0,3914950.0,0.0,0.0,156510.0,False,7925000.0,25.0,1.0,0.0,hypothetical scenario
uniform,0.496,0.0,316912.0,7925000.0,3930800.0,0.0,0.0,157144.0,False,7925000.0,25.0,1.0,0.0,hypothetical scenario
uniform,0.498,0.0,316912.0,7925000.0,3946650.0,0.0,0.0,157778.0,False,7925000.0,25.0,1.0,0.0,hypothetical scenario
uniform,0.5,0.0,316912.0,7925000.0,3962500.0,0.0,0.0,158412.0,False,7925000.0,25.0,1.0,0.0,hypothetical scenario
uniform,0.502,0.0,316912.0,7925000.0,3978350.0,0.0,0.0,159046.0,False,7925000.0,25.0,1.0,0.0,hypothetical scenario
uniform,0.504,0.0,316912.0,7925000.0,3994200.0,0.0,0.0,159680.0,False,7925000.0,25.0,1.0,0.0,hypothetical scenario
uniform,0.506,0.0,316912.0,7925000.0,4010050.0,0.0,0.0,160314.0,False,7925000.0,25.0,1.0,0.0,hypothetical scenario
uniform,0.508,0.0,316912.0,7925000.0,4025900.0,0.0,0.0,160948.0,False,7925000.0,25.0,1.0,0.0,hypothetical scenario
uniform,0.51,0.0,316912.0,7925000.0,4041750.0,0.0,0.0,161582.0,False,7925000.0,25.0,1.0,0.0,hypothetical scenario
uniform,0.512,0.0,316912.0,7925000.0,4057600.0,0.0,0.0,162216.0,False,7925000.0,25.0,1.0,0.0,hypothetical scenario
uniform,0.514,0.0,316912.0,7925000.0,4073450.0,0.0,0.0,162850.0,False,7925000.0,25.0,1.0,0.0,hypothetical scenario
uniform,0.516,0.0,316912.0,7925000.0,4089300.0,0.0,0.0,163484.0,False,7925000.0,25.0,1.0,0.0,hypothetical scenario
uniform,0.518,0.0,316912.0,7925000.0,4105150.0,0.0,0.0,164118.0,False,7925000.0,25.0,1.0,0.0,hypothetical scenario
uniform,0.52,0.0,316912.0,7925000.0,4121000.0,0.0,0.0,164752.0,False,7925000.0,25.0,1.0,0.0,hypothetical scenario
uniform,0.522,0.0,316912.0,7925000.0,4136850.0,0.0,0.0,165386.0,False,7925000.0,25.0,1.0,0.0,hypothetical scenario
uniform,0.524,0.0,316912.0,7925000.0,4152700.0,0.0,0.0,166020.0,False,7925000.0,25.0,1.0,0.0,hypothetical scenario
uniform,0.526,0.0,316912.0,7925000.0,4168550.0,0.0,0.0,166654.0,False,7925000.0,25.0,1.0,0.0,hypothetical scenario
uniform,0.528,0.0,316912.0,7925000.0,4184400.0,0.0,0.0,167288.0,False,7925000.0,25.0,1.0,0.0,hypothetical scenario
uniform,0.53,0.0,316912.0,7925000.0,4200250.0,0.0,0.0,167922.0,False,7925000.0,25.0,1.0,0.0,hypothetical scenario
uniform,0.532,0.0,316912.0,7925000.0,4216100.0,0.0,0.0,168556.0,False,7925000.0,25.0,1.0,0.0,hypothetical scenario
uniform,0.534,0.0,316912.0,7925000.0,4231950.0,0.0,0.0,169190.0,False,7925000.0,25.0,1.0,0.0,hypothetical scenario
uniform,0.536,0.0,316912.0,7925000.0,4247800.0,0.0,0.0,169824.0,False,7925000.0,25.0,1.0,0.0,hypothetical scenario
uniform,0.538,0.0,316912.0,7925000.0,4263650.0,0.0,0.0,170458.0,False,7925000.0,25.0,1.0,0.0,hypothetical scenario
uniform,0.54,0.0,316912.0,7925000.0,4279500.0,0.0,0.0,171092.0,False,7925000.0,25.0,1.0,0.0,hypothetical scenario
uniform,0.542,0.0,316912.0,7925000.0,4295350.0,0.0,0.0,171726.0,False,7925000.0,25.0,1.0,0.0,hypothetical scenario
uniform,0.544,0.0,316912.0,7925000.0,4311200.0,0.0,0.0,172360.0,False,7925000.0,25.0,1.0,0.0,hypothetical scenario
uniform,0.546,0.0,316912.0,7925000.0,4327050.0,0.0,0.0,172994.0,False,7925000.0,25.0,1.0,0.0,hypothetical scenario
uniform,0.548,0.0,316912.0,7925000.0,4342900.0,0.0,0.0,173628.0,False,7925000.0,25.0,1.0,0.0,hypothetical scenario
uniform,0.55,0.0,316912.0,7925000.0,4358750.0,0.0,0.0,174262.0,False,7925000.0,25.0,1.0,0.0,hypothetical scenario
uniform,0.552,0.0,316912.0,7925000.0,4374600.0,0.0,0.0,174896.0,False,7925000.0,25.0,1.0,0.0,hypothetical scenario
uniform,0.554,0.0,316912.0,7925000.0,4390450.0,0.0,0.0,175530.0,False,7925000.0,25.0,1.0,0.0,hypothetical scenario
uniform,0.556,0.0,316912.0,7925000.0,4406300.0,0.0,0.0,176164.0,False,7925000.0,25.0,1.0,0.0,hypothetical scenario
uniform,0.558,0.0,316912.0,7925000.0,4422150.0,0.0,0.0,176798.0,False,7925000.0,25.0,1.0,0.0,hypothetical scenario
uniform,0.56,0.0,316912.0,7925000.0,4438000.0,0.0,0.0,177432.0,False,7925000.0,25.0,1.0,0.0,hypothetical scenario
uniform,0.562,0.0,316912.0,7925000.0,4453850.0,0.0,0.0,178066.0,False,7925000.0,25.0,1.0,0.0,hypothetical scenario
uniform,0.5640000000000001,0.0,316912.0,7925000.0,4469700.0,0.0,0.0,178700.0,False,7925000.0,25.0,1.0,0.0,hypothetical scenario
uniform,0.5660000000000001,0.0,316912.0,7925000.0,4485550.0,0.0,0.0,179334.0,False,7925000.0,25.0,1.0,0.0,hypothetical scenario
uniform,0.5680000000000001,0.0,316912.0,7925000.0,4501400.000000001,0.0,0.0,179968.00000000003,False,7925000.0,25.0,1.0,0.0,hypothetical scenario
uniform,0.5700000000000001,0.0,316912.0,7925000.0,4517250.000000001,0.0,0.0,180602.00000000003,False,7925000.0,25.0,1.0,0.0,hypothetical scenario
uniform,0.5720000000000001,0.0,316912.0,7925000.0,4533100.000000001,0.0,0.0,181236.00000000003,False,7925000.0,25.0,1.0,0.0,hypothetical scenario
uniform,0.5740000000000001,0.0,316912.0,7925000.0,4548950.000000001,0.0,0.0,181870.00000000003,False,7925000.0,25.0,1.0,0.0,hypothetical scenario
uniform,0.5760000000000001,0.0,316912.0,7925000.0,4564800.000000001,0.0,0.0,182504.00000000003,False,7925000.0,25.0,1.0,0.0,hypothetical scenario
uniform,0.578,0.0,316912.0,7925000.0,4580650.0,0.0,0.0,183138.0,False,7925000.0,25.0,1.0,0.0,hypothetical scenario
uniform,0.58,0.0,316912.0,7925000.0,4596500.0,0.0,0.0,183772.0,False,7925000.0,25.0,1.0,0.0,hypothetical scenario
uniform,0.582,0.0,316912.0,7925000.0,4612350.0,0.0,0.0,184406.0,False,7925000.0,25.0,1.0,0.0,hypothetical scenario
uniform,0.584,0.0,316912.0,7925000.0,4628200.0,0.0,0.0,185040.0,False,7925000.0,25.0,1.0,0.0,hypothetical scenario
uniform,0.586,0.0,316912.0,7925000.0,4644050.0,0.0,0.0,185674.0,False,7925000.0,25.0,1.0,0.0,hypothetical scenario
uniform,0.588,0.0,316912.0,7925000.0,4659900.0,0.0,0.0,186308.0,False,7925000.0,25.0,1.0,0.0,hypothetical scenario
uniform,0.59,0.0,316912.0,7925000.0,4675750.0,0.0,0.0,186942.0,False,7925000.0,25.0,1.0,0.0,hypothetical scenario
uniform,0.592,0.0,316912.0,7925000.0,4691600.0,0.0,0.0,187576.0,False,7925000.0,25.0,1.0,0.0,hypothetical scenario
uniform,0.594,0.0,316912.0,7925000.0,4707450.0,0.0,0.0,188210.0,False,7925000.0,25.0,1.0,0.0,hypothetical scenario
uniform,0.596,0.0,316912.0,7925000.0,4723300.0,0.0,0.0,188844.0,False,7925000.0,25.0,1.0,0.0,hypothetical scenario
uniform,0.598,0.0,316912.0,7925000.0,4739150.0,0.0,0.0,189478.0,False,7925000.0,25.0,1.0,0.0,hypothetical scenario
uniform,0.6,0.0,316912.0,7925000.0,4755000.0,0.0,0.0,190112.0,False,7925000.0,25.0,1.0,0.0,hypothetical scenario
uniform,0.602,0.0,316912.0,7925000.0,4770850.0,0.0,0.0,190746.0,False,7925000.0,25.0,1.0,0.0,hypothetical scenario
uniform,0.604,0.0,316912.0,7925000.0,4786700.0,0.0,0.0,191380.0,False,7925000.0,25.0,1.0,0.0,hypothetical scenario
uniform,0.606,0.0,316912.0,7925000.0,4802550.0,0.0,0.0,192014.0,False,7925000.0,25.0,1.0,0.0,hypothetical scenario
uniform,0.608,0.0,316912.0,7925000.0,4818400.0,0.0,0.0,192648.0,False,7925000.0,25.0,1.0,0.0,hypothetical scenario
uniform,0.61,0.0,316912.0,7925000.0,4834250.0,0.0,0.0,193282.0,False,7925000.0,25.0,1.0,0.0,hypothetical scenario
uniform,0.612,0.0,316912.0,7925000.0,4850100.0,0.0,0.0,193916.0,False,7925000.0,25.0,1.0,0.0,hypothetical scenario
uniform,0.614,0.0,316912.0,7925000.0,4865950.0,0.0,0.0,194550.0,False,7925000.0,25.0,1.0,0.0,hypothetical scenario
uniform,0.616,0.0,316912.0,7925000.0,4881800.0,0.0,0.0,195184.0,False,7925000.0,25.0,1.0,0.0,hypothetical scenario
uniform,0.618,0.0,316912.0,7925000.0,4897650.0,0.0,0.0,195818.0,False,7925000.0,25.0,1.0,0.0,hypothetical scenario
uniform,0.62,0.0,316912.0,7925000.0,4913500.0,0.0,0.0,196452.0,False,7925000.0,25.0,1.0,0.0,hypothetical scenario
uniform,0.622,0.0,316912.0,7925000.0,4929350.0,0.0,0.0,197086.0,False,7925000.0,25.0,1.0,0.0,hypothetical scenario
uniform,0.624,0.0,316912.0,7925000.0,4945200.0,0.0,0.0,197720.0,False,7925000.0,25.0,1.0,0.0,hypothetical scenario
uniform,0.626,0.0,316912.0,7925000.0,4961050.0,0.0,0.0,198354.0,False,7925000.0,25.0,1.0,0.0,hypothetical scenario
uniform,0.628,0.0,316912.0,7925000.0,4976900.0,0.0,0.0,198988.0,False,7925000.0,25.0,1.0,0.0,hypothetical scenario
uniform,0.63,0.0,316912.0,7925000.0,4992750.0,0.0,0.0,199622.0,False,7925000.0,25.0,1.0,0.0,hypothetical scenario
uniform,0.632,0.0,316912.0,7925000.0,5008600.0,0.0,0.0,200256.0,False,7925000.0,25.0,1.0,0.0,hypothetical scenario
uniform,0.634,0.0,316912.0,7925000.0,5024450.0,0.0,0.0,200890.0,False,7925000.0,25.0,1.0,0.0,hypothetical scenario
uniform,0.636,0.0,316912.0,7925000.0,5040300.0,0.0,0.0,201524.0,False,7925000.0,25.0,1.0,0.0,hypothetical scenario
uniform,0.638,0.0,316912.0,7925000.0,5056150.0,0.0,0.0,202158.0,False,7925000.0,25.0,1.0,0.0,hypothetical scenario
uniform,0.64,0.0,316912.0,7925000.0,5072000.0,0.0,0.0,202792.0,False,7925000.0,25.0,1.0,0.0,hypothetical scenario
uniform,0.642,0.0,316912.0,7925000.0,5087850.0,0.0,0.0,203426.0,False,7925000.0,25.0,1.0,0.0,hypothetical scenario
uniform,0.644,0.0,316912.0,7925000.0,5103700.0,0.0,0.0,204060.0,False,7925000.0,25.0,1.0,0.0,hypothetical scenario
uniform,0.646,0.0,316912.0,7925000.0,5119550.0,0.0,0.0,204694.0,False,7925000.0,25.0,1.0,0.0,hypothetical scenario
uniform,0.648,0.0,316912.0,7925000.0,5135400.0,0.0,0.0,205328.0,False,7925000.0,25.0,1.0,0.0,hypothetical scenario
uniform,0.65,0.0,316912.0,7925000.0,5151250.0,0.0,0.0,205962.0,False,7925000.0,25.0,1.0,0.0,hypothetical scenario
uniform,0.652,0.0,316912.0,7925000.0,5167100.0,0.0,0.0,206596.0,False,7925000.0,25.0,1.0,0.0,hypothetical scenario
uniform,0.654,0.0,316912.0,7925000.0,5182950.0,0.0,0.0,207230.0,False,7925000.0,25.0,1.0,0.0,hypothetical scenario
uniform,0.656,0.0,316912.0,7925000.0,5198800.0,0.0,0.0,207864.0,False,7925000.0,25.0,1.0,0.0,hypothetical scenario
uniform,0.658,0.0,316912.0,7925000.0,5214650.0,0.0,0.0,208498.0,False,7925000.0,25.0,1.0,0.0,hypothetical scenario
uniform,0.66,0.0,316912.0,7925000.0,5230500.0,0.0,0.0,209132.0,False,7925000.0,25.0,1.0,0.0,hypothetical scenario
uniform,0.662,0.0,316912.0,7925000.0,5246350.0,0.0,0.0,209766.0,False,7925000.0,25.0,1.0,0.0,hypothetical scenario
uniform,0.664,0.0,316912.0,7925000.0,5262200.0,0.0,0.0,210400.0,False,7925000.0,25.0,1.0,0.0,hypothetical scenario
uniform,0.666,0.0,316912.0,7925000.0,5278050.0,0.0,0.0,211034.0,False,7925000.0,25.0,1.0,0.0,hypothetical scenario
uniform,0.668,0.0,316912.0,7925000.0,5293900.0,0.0,0.0,211668.0,False,7925000.0,25.0,1.0,0.0,hypothetical scenario
uniform,0.67,0.0,316912.0,7925000.0,5309750.0,0.0,0.0,212302.0,False,7925000.0,25.0,1.0,0.0,hypothetical scenario
uniform,0.672,0.0,316912.0,7925000.0,5325600.0,0.0,0.0,212936.0,False,7925000.0,25.0,1.0,0.0,hypothetical scenario
uniform,0.674,0.0,316912.0,7925000.0,5341450.0,0.0,0.0,213570.0,False,7925000.0,25.0,1.0,0.0,hypothetical scenario
uniform,0.676,0.0,316912.0,7925000.0,5357300.0,0.0,0.0,214204.0,False,7925000.0,25.0,1.0,0.0,hypothetical scenario
uniform,0.678,0.0,316912.0,7925000.0,5373150.0,0.0,0.0,214838.0,False,7925000.0,25.0,1.0,0.0,hypothetical scenario
uniform,0.68,0.0,316912.0,7925000.0,5389000.0,0.0,0.0,215472.0,False,7925000.0,25.0,1.0,0.0,hypothetical scenario
uniform,0.682,0.0,316912.0,7925000.0,5404850.0,0.0,0.0,216106.0,False,7925000.0,25.0,1.0,0.0,hypothetical scenario
uniform,0.684,0.0,316912.0,7925000.0,5420700.0,0.0,0.0,216740.0,False,7925000.0,25.0,1.0,0.0,hypothetical scenario
uniform,0.686,0.0,316912.0,7925000.0,5436550.0,0.0,0.0,217374.0,False,7925000.0,25.0,1.0,0.0,hypothetical scenario
uniform,0.6880000000000001,0.0,316912.0,7925000.0,5452400.0,0.0,0.0,218008.0,False,7925000.0,25.0,1.0,0.0,hypothetical scenario
uniform,0.6900000000000001,0.0,316912.0,7925000.0,5468250.0,0.0,0.0,218642.0,False,7925000.0,25.0,1.0,0.0,hypothetical scenario
uniform,0.6920000000000001,0.0,316912.0,7925000.0,5484100.000000001,0.0,0.0,219276.00000000006,False,7925000.0,25.0,1.0,0.0,hypothetical scenario
uniform,0.6940000000000001,0.0,316912.0,7925000.0,5499950.000000001,0.0,0.0,219910.00000000006,False,7925000.0,25.0,1.0,0.0,hypothetical scenario
uniform,0.6960000000000001,0.0,316912.0,7925000.0,5515800.000000001,0.0,0.0,220544.00000000006,False,7925000.0,25.0,1.0,0.0,hypothetical scenario
uniform,0.6980000000000001,0.0,316912.0,7925000.0,5531650.000000001,0.0,0.0,221178.00000000006,False,7925000.0,25.0,1.0,0.0,hypothetical scenario
uniform,0.7000000000000001,0.0,316912.0,7925000.0,5547500.000000001,0.0,0.0,221812.00000000006,False,7925000.0,25.0,1.0,0.0,hypothetical scenario
uniform,0.7020000000000001,0.0,316912.0,7925000.0,5563350.000000001,0.0,0.0,222446.00000000006,False,7925000.0,25.0,1.0,0.0,hypothetical scenario
uniform,0.704,0.0,316912.0,7925000.0,5579200.0,0.0,0.0,223080.0,False,7925000.0,25.0,1.0,0.0,hypothetical scenario
uniform,0.706,0.0,316912.0,7925000.0,5595050.0,0.0,0.0,223714.0,False,7925000.0,25.0,1.0,0.0,hypothetical scenario
uniform,0.708,0.0,316912.0,7925000.0,5610900.0,0.0,0.0,224348.0,False,7925000.0,25.0,1.0,0.0,hypothetical scenario
uniform,0.71,0.0,316912.0,7925000.0,5626750.0,0.0,0.0,224982.0,False,7925000.0,25.0,1.0,0.0,hypothetical scenario
uniform,0.712,0.0,316912.0,7925000.0,5642600.0,0.0,0.0,225616.0,False,7925000.0,25.0,1.0,0.0,hypothetical scenario
uniform,0.714,0.0,316912.0,7925000.0,5658450.0,0.0,0.0,226250.0,False,7925000.0,25.0,1.0,0.0,hypothetical scenario
uniform,0.716,0.0,316912.0,7925000.0,5674300.0,0.0,0.0,226884.0,False,7925000.0,25.0,1.0,0.0,hypothetical scenario
uniform,0.718,0.0,316912.0,7925000.0,5690150.0,0.0,0.0,227518.0,False,7925000.0,25.0,1.0,0.0,hypothetical scenario
uniform,0.72,0.0,316912.0,7925000.0,5706000.0,0.0,0.0,228152.0,False,7925000.0,25.0,1.0,0.0,hypothetical scenario
uniform,0.722,0.0,316912.0,7925000.0,5721850.0,0.0,0.0,228786.0,False,7925000.0,25.0,1.0,0.0,hypothetical scenario
uniform,0.724,0.0,316912.0,7925000.0,5737700.0,0.0,0.0,229420.0,False,7925000.0,25.0,1.0,0.0,hypothetical scenario
uniform,0.726,0.0,316912.0,7925000.0,5753550.0,0.0,0.0,230054.0,False,7925000.0,25.0,1.0,0.0,hypothetical scenario
uniform,0.728,0.0,316912.0,7925000.0,5769400.0,0.0,0.0,230688.0,False,7925000.0,25.0,1.0,0.0,hypothetical scenario
uniform,0.73,0.0,316912.0,7925000.0,5785250.0,0.0,0.0,231322.0,False,7925000.0,25.0,1.0,0.0,hypothetical scenario
uniform,0.732,0.0,316912.0,7925000.0,5801100.0,0.0,0.0,231956.0,False,7925000.0,25.0,1.0,0.0,hypothetical scenario
uniform,0.734,0.0,316912.0,7925000.0,5816950.0,0.0,0.0,232590.0,False,7925000.0,25.0,1.0,0.0,hypothetical scenario
uniform,0.736,0.0,316912.0,7925000.0,5832800.0,0.0,0.0,233224.0,False,7925000.0,25.0,1.0,0.0,hypothetical scenario
uniform,0.738,0.0,316912.0,7925000.0,5848650.0,0.0,0.0,233858.0,False,7925000.0,25.0,1.0,0.0,hypothetical scenario
uniform,0.74,0.0,316912.0,7925000.0,5864500.0,0.0,0.0,234492.0,False,7925000.0,25.0,1.0,0.0,hypothetical scenario
uniform,0.742,0.0,316912.0,7925000.0,5880350.0,0.0,0.0,235126.0,False,7925000.0,25.0,1.0,0.0,hypothetical scenario
uniform,0.744,0.0,316912.0,7925000.0,5896200.0,0.0,0.0,235760.0,False,7925000.0,25.0,1.0,0.0,hypothetical scenario
uniform,0.746,0.0,316912.0,7925000.0,5912050.0,0.0,0.0,236394.0,False,7925000.0,25.0,1.0,0.0,hypothetical scenario
uniform,0.748,0.0,316912.0,7925000.0,5927900.0,0.0,0.0,237028.0,False,7925000.0,25.0,1.0,0.0,hypothetical scenario
uniform,0.75,0.0,316912.0,7925000.0,5943750.0,0.0,0.0,237662.0,False,7925000.0,25.0,1.0,0.0,hypothetical scenario
uniform,0.752,0.0,316912.0,7925000.0,5959600.0,0.0,0.0,238296.0,False,7925000.0,25.0,1.0,0.0,hypothetical scenario
uniform,0.754,0.0,316912.0,7925000.0,5975450.0,0.0,0.0,238930.0,False,7925000.0,25.0,1.0,0.0,hypothetical scenario
uniform,0.756,0.0,316912.0,7925000.0,5991300.0,0.0,0.0,239564.0,False,7925000.0,25.0,1.0,0.0,hypothetical scenario
uniform,0.758,0.0,316912.0,7925000.0,6007150.0,0.0,0.0,240198.0,False,7925000.0,25.0,1.0,0.0,hypothetical scenario
uniform,0.76,0.0,316912.0,7925000.0,6023000.0,0.0,0.0,240832.0,False,7925000.0,25.0,1.0,0.0,hypothetical scenario
uniform,0.762,0.0,316912.0,7925000.0,6038850.0,0.0,0.0,241466.0,False,7925000.0,25.0,1.0,0.0,hypothetical scenario
uniform,0.764,0.0,316912.0,7925000.0,6054700.0,0.0,0.0,242100.0,False,7925000.0,25.0,1.0,0.0,hypothetical scenario
uniform,0.766,0.0,316912.0,7925000.0,6070550.0,0.0,0.0,242734.0,False,7925000.0,25.0,1.0,0.0,hypothetical scenario
uniform,0.768,0.0,316912.0,7925000.0,6086400.0,0.0,0.0,243368.0,False,7925000.0,25.0,1.0,0.0,hypothetical scenario
uniform,0.77,0.0,316912.0,7925000.0,6102250.0,0.0,0.0,244002.0,False,7925000.0,25.0,1.0,0.0,hypothetical scenario
uniform,0.772,0.0,316912.0,7925000.0,6118100.0,0.0,0.0,244636.0,False,7925000.0,25.0,1.0,0.0,hypothetical scenario
uniform,0.774,0.0,316912.0,7925000.0,6133950.0,0.0,0.0,245270.0,False,7925000.0,25.0,1.0,0.0,hypothetical scenario
uniform,0.776,0.0,316912.0,7925000.0,6149800.0,0.0,0.0,245904.0,False,7925000.0,25.0,1.0,0.0,hypothetical scenario
uniform,0.778,0.0,316912.0,7925000.0,6165650.0,0.0,0.0,246538.0,False,7925000.0,25.0,1.0,0.0,hypothetical scenario
uniform,0.78,0.0,316912.0,7925000.0,6181500.0,0.0,0.0,247172.0,False,7925000.0,25.0,1.0,0.0,hypothetical scenario
uniform,0.782,0.0,316912.0,7925000.0,6197350.0,0.0,0.0,247806.0,False,7925000.0,25.0,1.0,0.0,hypothetical scenario
uniform,0.784,0.0,316912.0,7925000.0,6213200.0,0.0,0.0,248440.0,False,7925000.0,25.0,1.0,0.0,hypothetical scenario
uniform,0.786,0.0,316912.0,7925000.0,6229050.0,0.0,0.0,249074.0,False,7925000.0,25.0,1.0,0.0,hypothetical scenario
uniform,0.788,0.0,316912.0,7925000.0,6244900.0,0.0,0.0,249708.0,False,7925000.0,25.0,1.0,0.0,hypothetical scenario
uniform,0.79,0.0,316912.0,7925000.0,6260750.0,0.0,0.0,250342.0,False,7925000.0,25.0,1.0,0.0,hypothetical scenario
uniform,0.792,0.0,316912.0,7925000.0,6276600.0,0.0,0.0,250976.0,False,7925000.0,25.0,1.0,0.0,hypothetical scenario
uniform,0.794,0.0,316912.0,7925000.0,6292450.0,0.0,0.0,251610.0,False,7925000.0,25.0,1.0,0.0,hypothetical scenario
uniform,0.796,0.0,316912.0,7925000.0,6308300.0,0.0,0.0,252244.0,False,7925000.0,25.0,1.0,0.0,hypothetical scenario
uniform,0.798,0.0,316912.0,7925000.0,6324150.0,0.0,0.0,252878.0,False,7925000.0,25.0,1.0,0.0,hypothetical scenario
uniform,0.8,0.0,316912.0,7925000.0,6340000.0,0.0,0.0,253512.0,False,7925000.0,25.0,1.0,0.0,hypothetical scenario
uniform,0.802,0.0,316912.0,7925000.0,6355850.0,0.0,0.0,254146.0,False,7925000.0,25.0,1.0,0.0,hypothetical scenario
uniform,0.804,0.0,316912.0,7925000.0,6371700.0,0.0,0.0,254780.0,False,7925000.0,25.0,1.0,0.0,hypothetical scenario
uniform,0.806,0.0,316912.0,7925000.0,6387550.0,0.0,0.0,255414.0,False,7925000.0,25.0,1.0,0.0,hypothetical scenario
uniform,0.808,0.0,316912.0,7925000.0,6403400.0,0.0,0.0,256048.0,False,7925000.0,25.0,1.0,0.0,hypothetical scenario
uniform,0.81,0.0,316912.0,7925000.0,6419250.0,0.0,0.0,256682.0,False,7925000.0,25.0,1.0,0.0,hypothetical scenario
uniform,0.812,0.0,316912.0,7925000.0,6435100.0,0.0,0.0,257316.0,False,7925000.0,25.0,1.0,0.0,hypothetical scenario
uniform,0.8140000000000001,0.0,316912.0,7925000.0,6450950.0,0.0,0.0,257950.0,False,7925000.0,25.0,1.0,0.0,hypothetical scenario
uniform,0.8160000000000001,0.0,316912.0,7925000.0,6466800.0,0.0,0.0,258584.0,False,7925000.0,25.0,1.0,0.0,hypothetical scenario
uniform,0.8180000000000001,0.0,316912.0,7925000.0,6482650.000000001,0.0,0.0,259218.00000000003,False,7925000.0,25.0,1.0,0.0,hypothetical scenario
uniform,0.8200000000000001,0.0,316912.0,7925000.0,6498500.000000001,0.0,0.0,259852.00000000003,False,7925000.0,25.0,1.0,0.0,hypothetical scenario
uniform,0.8220000000000001,0.0,316912.0,7925000.0,6514350.000000001,0.0,0.0,260486.00000000003,False,7925000.0,25.0,1.0,0.0,hypothetical scenario
uniform,0.8240000000000001,0.0,316912.0,7925000.0,6530200.000000001,0.0,0.0,261120.00000000003,False,7925000.0,25.0,1.0,0.0,hypothetical scenario
uniform,0.8260000000000001,0.0,316912.0,7925000.0,6546050.000000001,0.0,0.0,261754.00000000003,False,7925000.0,25.0,1.0,0.0,hypothetical scenario
uniform,0.8280000000000001,0.0,316912.0,7925000.0,6561900.000000001,0.0,0.0,262388.00000000006,False,7925000.0,25.0,1.0,0.0,hypothetical scenario
uniform,0.8300000000000001,0.0,316912.0,7925000.0,6577750.000000001,0.0,0.0,263022.00000000006,False,7925000.0,25.0,1.0,0.0,hypothetical scenario
uniform,0.8320000000000001,0.0,316912.0,7925000.0,6593600.000000001,0.0,0.0,263656.00000000006,False,7925000.0,25.0,1.0,0.0,hypothetical scenario
uniform,0.834,0.0,316912.0,7925000.0,6609450.0,0.0,0.0,264290.0,False,7925000.0,25.0,1.0,0.0,hypothetical scenario
uniform,0.836,0.0,316912.0,7925000.0,6625300.0,0.0,0.0,264924.0,False,7925000.0,25.0,1.0,0.0,hypothetical scenario
uniform,0.838,0.0,316912.0,7925000.0,6641150.0,0.0,0.0,265558.0,False,7925000.0,25.0,1.0,0.0,hypothetical scenario
uniform,0.84,0.0,316912.0,7925000.0,6657000.0,0.0,0.0,266192.0,False,7925000.0,25.0,1.0,0.0,hypothetical scenario
uniform,0.842,0.0,316912.0,7925000.0,6672850.0,0.0,0.0,266826.0,False,7925000.0,25.0,1.0,0.0,hypothetical scenario
uniform,0.844,0.0,316912.0,7925000.0,6688700.0,0.0,0.0,267460.0,False,7925000.0,25.0,1.0,0.0,hypothetical scenario
uniform,0.846,0.0,316912.0,7925000.0,6704550.0,0.0,0.0,268094.0,False,7925000.0,25.0,1.0,0.0,hypothetical scenario
uniform,0.848,0.0,316912.0,7925000.0,6720400.0,0.0,0.0,268728.0,False,7925000.0,25.0,1.0,0.0,hypothetical scenario
uniform,0.85,0.0,316912.0,7925000.0,6736250.0,0.0,0.0,269362.0,False,7925000.0,25.0,1.0,0.0,hypothetical scenario
uniform,0.852,0.0,316912.0,7925000.0,6752100.0,0.0,0.0,269996.0,False,7925000.0,25.0,1.0,0.0,hypothetical scenario
uniform,0.854,0.0,316912.0,7925000.0,6767950.0,0.0,0.0,270630.0,False,7925000.0,25.0,1.0,0.0,hypothetical scenario
uniform,0.856,0.0,316912.0,7925000.0,6783800.0,0.0,0.0,271264.0,False,7925000.0,25.0,1.0,0.0,hypothetical scenario
uniform,0.858,0.0,316912.0,7925000.0,6799650.0,0.0,0.0,271898.0,False,7925000.0,25.0,1.0,0.0,hypothetical scenario
uniform,0.86,0.0,316912.0,7925000.0,6815500.0,0.0,0.0,272532.0,False,7925000.0,25.0,1.0,0.0,hypothetical scenario
uniform,0.862,0.0,316912.0,7925000.0,6831350.0,0.0,0.0,273166.0,False,7925000.0,25.0,1.0,0.0,hypothetical scenario
uniform,0.864,0.0,316912.0,7925000.0,6847200.0,0.0,0.0,273800.0,False,7925000.0,25.0,1.0,0.0,hypothetical scenario
uniform,0.866,0.0,316912.0,7925000.0,6863050.0,0.0,0.0,274434.0,False,7925000.0,25.0,1.0,0.0,hypothetical scenario
uniform,0.868,0.0,316912.0,7925000.0,6878900.0,0.0,0.0,275068.0,False,7925000.0,25.0,1.0,0.0,hypothetical scenario
uniform,0.87,0.0,316912.0,7925000.0,6894750.0,0.0,0.0,275702.0,False,7925000.0,25.0,1.0,0.0,hypothetical scenario
uniform,0.872,0.0,316912.0,7925000.0,6910600.0,0.0,0.0,276336.0,False,7925000.0,25.0,1.0,0.0,hypothetical scenario
uniform,0.874,0.0,316912.0,7925000.0,6926450.0,0.0,0.0,276970.0,False,7925000.0,25.0,1.0,0.0,hypothetical scenario
uniform,0.876,0.0,316912.0,7925000.0,6942300.0,0.0,0.0,277604.0,False,7925000.0,25.0,1.0,0.0,hypothetical scenario
uniform,0.878,0.0,316912.0,7925000.0,6958150.0,0.0,0.0,278238.0,False,7925000.0,25.0,1.0,0.0,hypothetical scenario
uniform,0.88,0.0,316912.0,7925000.0,6974000.0,0.0,0.0,278872.0,False,7925000.0,25.0,1.0,0.0,hypothetical scenario
uniform,0.882,0.0,316912.0,7925000.0,6989850.0,0.0,0.0,279506.0,False,7925000.0,25.0,1.0,0.0,hypothetical scenario
uniform,0.884,0.0,316912.0,7925000.0,7005700.0,0.0,0.0,280140.0,False,7925000.0,25.0,1.0,0.0,hypothetical scenario
uniform,0.886,0.0,316912.0,7925000.0,7021550.0,0.0,0.0,280774.0,False,7925000.0,25.0,1.0,0.0,hypothetical scenario
uniform,0.888,0.0,316912.0,7925000.0,7037400.0,0.0,0.0,281408.0,False,7925000.0,25.0,1.0,0.0,hypothetical scenario
uniform,0.89,0.0,316912.0,7925000.0,7053250.0,0.0,0.0,282042.0,False,7925000.0,25.0,1.0,0.0,hypothetical scenario
uniform,0.892,0.0,316912.0,7925000.0,7069100.0,0.0,0.0,282676.0,False,7925000.0,25.0,1.0,0.0,hypothetical scenario
uniform,0.894,0.0,316912.0,7925000.0,7084950.0,0.0,0.0,283310.0,False,7925000.0,25.0,1.0,0.0,hypothetical scenario
uniform,0.896,0.0,316912.0,7925000.0,7100800.0,0.0,0.0,283944.0,False,7925000.0,25.0,1.0,0.0,hypothetical scenario
uniform,0.898,0.0,316912.0,7925000.0,7116650.0,0.0,0.0,284578.0,False,7925000.0,25.0,1.0,0.0,hypothetical scenario
uniform,0.9,0.0,316912.0,7925000.0,7132500.0,0.0,0.0,285212.0,False,7925000.0,25.0,1.0,0.0,hypothetical scenario
uniform,0.902,0.0,316912.0,7925000.0,7148350.0,0.0,0.0,285846.0,False,7925000.0,25.0,1.0,0.0,hypothetical scenario
uniform,0.904,0.0,316912.0,7925000.0,7164200.0,0.0,0.0,286480.0,False,7925000.0,25.0,1.0,0.0,hypothetical scenario
uniform,0.906,0.0,316912.0,7925000.0,7180050.0,0.0,0.0,287114.0,False,7925000.0,25.0,1.0,0.0,hypothetical scenario
uniform,0.908,0.0,316912.0,7925000.0,7195900.0,0.0,0.0,287748.0,False,7925000.0,25.0,1.0,0.0,hypothetical scenario
uniform,0.91,0.0,316912.0,7925000.0,7211750.0,0.0,0.0,288382.0,False,7925000.0,25.0,1.0,0.0,hypothetical scenario
uniform,0.912,0.0,316912.0,7925000.0,7227600.0,0.0,0.0,289016.0,False,7925000.0,25.0,1.0,0.0,hypothetical scenario
uniform,0.914,0.0,316912.0,7925000.0,7243450.0,0.0,0.0,289650.0,False,7925000.0,25.0,1.0,0.0,hypothetical scenario
uniform,0.916,0.0,316912.0,7925000.0,7259300.0,0.0,0.0,290284.0,False,7925000.0,25.0,1.0,0.0,hypothetical scenario
uniform,0.918,0.0,316912.0,7925000.0,7275150.0,0.0,0.0,290918.0,False,7925000.0,25.0,1.0,0.0,hypothetical scenario
uniform,0.92,0.0,316912.0,7925000.0,7291000.0,0.0,0.0,291552.0,False,7925000.0,25.0,1.0,0.0,hypothetical scenario
uniform,0.922,0.0,316912.0,7925000.0,7306850.0,0.0,0.0,292186.0,False,7925000.0,25.0,1.0,0.0,hypothetical scenario
uniform,0.924,0.0,316912.0,7925000.0,7322700.0,0.0,0.0,292820.0,False,7925000.0,25.0,1.0,0.0,hypothetical scenario
uniform,0.926,0.0,316912.0,7925000.0,7338550.0,0.0,0.0,293454.0,False,7925000.0,25.0,1.0,0.0,hypothetical scenario
uniform,0.928,0.0,316912.0,7925000.0,7354400.0,0.0,0.0,294088.0,False,7925000.0,25.0,1.0,0.0,hypothetical scenario
uniform,0.93,0.0,316912.0,7925000.0,7370250.0,0.0,0.0,294722.0,False,7925000.0,25.0,1.0,0.0,hypothetical scenario
uniform,0.932,0.0,316912.0,7925000.0,7386100.0,0.0,0.0,295356.0,False,7925000.0,25.0,1.0,0.0,hypothetical scenario
uniform,0.934,0.0,316912.0,7925000.0,7401950.0,0.0,0.0,295990.0,False,7925000.0,25.0,1.0,0.0,hypothetical scenario
uniform,0.936,0.0,316912.0,7925000.0,7417800.0,0.0,0.0,296624.0,False,7925000.0,25.0,1.0,0.0,hypothetical scenario
uniform,0.9380000000000001,0.0,316912.0,7925000.0,7433650.0,0.0,0.0,297258.0,False,7925000.0,25.0,1.0,0.0,hypothetical scenario
uniform,0.9400000000000001,0.0,316912.0,7925000.0,7449500.0,0.0,0.0,297892.0,False,7925000.0,25.0,1.0,0.0,hypothetical scenario
uniform,0.9420000000000001,0.0,316912.0,7925000.0,7465350.000000001,0.0,0.0,298526.00000000006,False,7924999.999999999,25.0,1.0,0.0,hypothetical scenario
uniform,0.9440000000000001,0.0,316912.0,7925000.0,7481200.000000001,0.0,0.0,299160.00000000006,False,7924999.999999999,25.0,1.0,0.0,hypothetical scenario
uniform,0.9460000000000001,0.0,316912.0,7925000.0,7497050.000000001,0.0,0.0,299794.00000000006,False,7924999.999999999,25.0,1.0,0.0,hypothetical scenario
uniform,0.9480000000000001,0.0,316912.0,7925000.0,7512900.000000001,0.0,0.0,300428.00000000006,False,7924999.999999999,25.0,1.0,0.0,hypothetical scenario
uniform,0.9500000000000001,0.0,316912.0,7925000.0,7528750.000000001,0.0,0.0,301062.00000000006,False,7924999.999999999,25.0,1.0,0.0,hypothetical scenario
uniform,0.9520000000000001,0.0,316912.0,7925000.0,7544600.000000001,0.0,0.0,301696.00000000006,False,7924999.999999999,25.0,1.0,0.0,hypothetical scenario
uniform,0.9540000000000001,0.0,316912.0,7925000.0,7560450.000000001,0.0,0.0,302330.00000000006,False,7924999.999999999,25.0,1.0,0.0,hypothetical scenario
uniform,0.9560000000000001,0.0,316912.0,7925000.0,7576300.000000001,0.0,0.0,302964.00000000006,False,7924999.999999999,25.0,1.0,0.0,hypothetical scenario
uniform,0.9580000000000001,0.0,316912.0,7925000.0,7592150.000000001,0.0,0.0,303598.00000000006,False,7924999.999999999,25.0,1.0,0.0,hypothetical scenario
uniform,0.96,0.0,316912.0,7925000.0,7608000.0,0.0,0.0,304232.0,False,7925000.0,25.0,1.0,0.0,hypothetical scenario
uniform,0.962,0.0,316912.0,7925000.0,7623850.0,0.0,0.0,304866.0,False,7925000.0,25.0,1.0,0.0,hypothetical scenario
uniform,0.964,0.0,316912.0,7925000.0,7639700.0,0.0,0.0,305500.0,False,7925000.0,25.0,1.0,0.0,hypothetical scenario
uniform,0.966,0.0,316912.0,7925000.0,7655550.0,0.0,0.0,306134.0,False,7925000.0,25.0,1.0,0.0,hypothetical scenario
uniform,0.968,0.0,316912.0,7925000.0,7671400.0,0.0,0.0,306768.0,False,7925000.0,25.0,1.0,0.0,hypothetical scenario
uniform,0.97,0.0,316912.0,7925000.0,7687250.0,0.0,0.0,307402.0,False,7925000.0,25.0,1.0,0.0,hypothetical scenario
uniform,0.972,0.0,316912.0,7925000.0,7703100.0,0.0,0.0,308036.0,False,7925000.0,25.0,1.0,0.0,hypothetical scenario
uniform,0.974,0.0,316912.0,7925000.0,7718950.0,0.0,0.0,308670.0,False,7925000.0,25.0,1.0,0.0,hypothetical scenario
uniform,0.976,0.0,316912.0,7925000.0,7734800.0,0.0,0.0,309304.0,False,7925000.0,25.0,1.0,0.0,hypothetical scenario
uniform,0.978,0.0,316912.0,7925000.0,7750650.0,0.0,0.0,309938.0,False,7925000.0,25.0,1.0,0.0,hypothetical scenario
uniform,0.98,0.0,316912.0,7925000.0,7766500.0,0.0,0.0,310572.0,False,7925000.0,25.0,1.0,0.0,hypothetical scenario
uniform,0.982,0.0,316912.0,7925000.0,7782350.0,0.0,0.0,311206.0,False,7925000.0,25.0,1.0,0.0,hypothetical scenario
uniform,0.984,0.0,316912.0,7925000.0,7798200.0,0.0,0.0,311840.0,False,7925000.0,25.0,1.0,0.0,hypothetical scenario
uniform,0.986,0.0,316912.0,7925000.0,7814050.0,0.0,0.0,312474.0,False,7925000.0,25.0,1.0,0.0,hypothetical scenario
uniform,0.988,0.0,316912.0,7925000.0,7829900.0,0.0,0.0,313108.0,False,7925000.0,25.0,1.0,0.0,hypothetical scenario
uniform,0.99,0.0,316912.0,7925000.0,7845750.0,0.0,0.0,313742.0,False,7925000.0,25.0,1.0,0.0,hypothetical scenario
uniform,0.992,0.0,316912.0,7925000.0,7861600.0,0.0,0.0,314376.0,False,7925000.0,25.0,1.0,0.0,hypothetical scenario
uniform,0.994,0.0,316912.0,7925000.0,7877450.0,0.0,0.0,315010.0,False,7925000.0,25.0,1.0,0.0,hypothetical scenario
uniform,0.996,0.0,316912.0,7925000.0,7893300.0,0.0,0.0,315644.0,False,7925000.0,25.0,1.0,0.0,hypothetical scenario
uniform,0.998,0.0,316912.0,7925000.0,7909150.0,0.0,0.0,316278.0,False,7925000.0,25.0,1.0,0.0,hypothetical scenario
uniform,1.0,0.0,316912.0,7925000.0,7925000.0,0.0,0.0,,True,7925000.0,0.0,0.0,0.0,hypothetical scenario
uniform,0.0,0.025,316912.0,7925000.0,0.0,7922.8,13722.692138206701,-88.0,False,7925000.0,25.0,1.0,0.0,hypothetical scenario
uniform,0.002,0.025,316912.0,7925000.0,15850.0,7922.8,13722.692138206701,546.0,False,7925000.0,25.0,1.0,0.0,hypothetical scenario
uniform,0.004,0.025,316912.0,7925000.0,31700.0,7922.8,13722.692138206701,1180.0,False,7925000.0,25.0,1.0,0.0,hypothetical scenario
uniform,0.006,0.025,316912.0,7925000.0,47550.0,7922.8,13722.692138206701,1814.0,False,7925000.0,25.0,1.0,0.0,hypothetical scenario
uniform,0.008,0.025,316912.0,7925000.0,63400.0,7922.8,13722.692138206701,2448.0,False,7925000.0,25.0,1.0,0.0,hypothetical scenario
uniform,0.01,0.025,316912.0,7925000.0,79250.0,7922.8,13722.692138206701,3082.0,False,7925000.0,25.0,1.0,0.0,hypothetical scenario
uniform,0.012,0.025,316912.0,7925000.0,95100.0,7922.8,13722.692138206701,3716.0,False,7925000.0,25.0,1.0,0.0,hypothetical scenario
uniform,0.014,0.025,316912.0,7925000.0,110950.0,7922.8,13722.692138206701,4350.0,False,7925000.0,25.0,1.0,0.0,hypothetical scenario
uniform,0.016,0.025,316912.0,7925000.0,126800.0,7922.8,13722.692138206701,4984.0,False,7925000.0,25.0,1.0,0.0,hypothetical scenario
uniform,0.018000000000000002,0.025,316912.0,7925000.0,142650.00000000003,7922.8,13722.692138206701,5618.0,False,7925000.0,25.0,1.0,0.0,hypothetical scenario
uniform,0.02,0.025,316912.0,7925000.0,158500.0,7922.8,13722.692138206701,6252.0,False,7925000.0,25.0,1.0,0.0,hypothetical scenario
uniform,0.022,0.025,316912.0,7925000.0,174350.0,7922.8,13722.692138206701,6886.0,False,7925000.0,25.0,1.0,0.0,hypothetical scenario
uniform,0.024,0.025,316912.0,7925000.0,190200.0,7922.8,13722.692138206701,7520.0,False,7925000.0,25.0,1.0,0.0,hypothetical scenario
uniform,0.026000000000000002,0.025,316912.0,7925000.0,206050.00000000003,7922.8,13722.692138206701,8154.0,False,7925000.0,25.0,1.0,0.0,hypothetical scenario
uniform,0.028,0.025,316912.0,7925000.0,221900.0,7922.8,13722.692138206701,8788.0,False,7925000.0,25.0,1.0,0.0,hypothetical scenario
uniform,0.03,0.025,316912.0,7925000.0,237750.0,7922.8,13722.692138206701,9422.0,False,7925000.0,25.0,1.0,0.0,hypothetical scenario
uniform,0.032,0.025,316912.0,7925000.0,253600.0,7922.8,13722.692138206701,10056.0,False,7925000.0,25.0,1.0,0.0,hypothetical scenario
uniform,0.034,0.025,316912.0,7925000.0,269450.0,7922.8,13722.692138206701,10690.0,False,7925000.0,25.0,1.0,0.0,hypothetical scenario
uniform,0.036000000000000004,0.025,316912.0,7925000.0,285300.00000000006,7922.8,13722.692138206701,11324.0,False,7925000.0,25.0,1.0,0.0,hypothetical scenario
uniform,0.038,0.025,316912.0,7925000.0,301150.0,7922.8,13722.692138206701,11958.0,False,7925000.0,25.0,1.0,0.0,hypothetical scenario
uniform,0.04,0.025,316912.0,7925000.0,317000.0,7922.8,13722.692138206701,12592.0,False,7925000.0,25.0,1.0,0.0,hypothetical scenario
uniform,0.042,0.025,316912.0,7925000.0,332850.0,7922.8,13722.692138206701,13226.0,False,7925000.0,25.0,1.0,0.0,hypothetical scenario
uniform,0.044,0.025,316912.0,7925000.0,348700.0,7922.8,13722.692138206701,13860.0,False,7925000.0,25.0,1.0,0.0,hypothetical scenario
uniform,0.046,0.025,316912.0,7925000.0,364550.0,7922.8,13722.692138206701,14494.0,False,7925000.0,25.0,1.0,0.0,hypothetical scenario
uniform,0.048,0.025,316912.0,7925000.0,380400.0,7922.8,13722.692138206701,15128.0,False,7925000.0,25.0,1.0,0.0,hypothetical scenario
uniform,0.05,0.025,316912.0,7925000.0,396250.0,7922.8,13722.692138206701,15762.0,False,7925000.0,25.0,1.0,0.0,hypothetical scenario
uniform,0.052000000000000005,0.025,316912.0,7925000.0,412100.00000000006,7922.8,13722.692138206701,16396.0,False,7925000.0,25.0,1.0,0.0,hypothetical scenario
uniform,0.054,0.025,316912.0,7925000.0,427950.0,7922.8,13722.692138206701,17030.0,False,7925000.0,25.0,1.0,0.0,hypothetical scenario
uniform,0.056,0.025,316912.0,7925000.0,443800.0,7922.8,13722.692138206701,17664.0,False,7925000.0,25.0,1.0,0.0,hypothetical scenario
uniform,0.058,0.025,316912.0,7925000.0,459650.0,7922.8,13722.692138206701,18298.0,False,7925000.0,25.0,1.0,0.0,hypothetical scenario
uniform,0.06,0.025,316912.0,7925000.0,475500.0,7922.8,13722.692138206701,18932.0,False,7925000.0,25.0,1.0,0.0,hypothetical scenario
uniform,0.062,0.025,316912.0,7925000.0,491350.0,7922.8,13722.692138206701,19566.0,False,7925000.0,25.0,1.0,0.0,hypothetical scenario
uniform,0.064,0.025,316912.0,7925000.0,507200.0,7922.8,13722.692138206701,20200.0,False,7925000.0,25.0,1.0,0.0,hypothetical scenario
uniform,0.066,0.025,316912.0,7925000.0,523050.0,7922.8,13722.692138206701,20834.0,False,7925000.0,25.0,1.0,0.0,hypothetical scenario
uniform,0.068,0.025,316912.0,7925000.0,538900.0,7922.8,13722.692138206701,21468.0,False,7925000.0,25.0,1.0,0.0,hypothetical scenario
uniform,0.07,0.025,316912.0,7925000.0,554750.0,7922.8,13722.692138206701,22102.0,False,7925000.0,25.0,1.0,0.0,hypothetical scenario
uniform,0.07200000000000001,0.025,316912.0,7925000.0,570600.0000000001,7922.8,13722.692138206701,22736.0,False,7925000.0,25.0,1.0,0.0,hypothetical scenario
uniform,0.074,0.025,316912.0,7925000.0,586450.0,7922.8,13722.692138206701,23370.0,False,7925000.0,25.0,1.0,0.0,hypothetical scenario
uniform,0.076,0.025,316912.0,7925000.0,602300.0,7922.8,13722.692138206701,24004.0,False,7925000.0,25.0,1.0,0.0,hypothetical scenario
uniform,0.078,0.025,316912.0,7925000.0,618150.0,7922.8,13722.692138206701,24638.0,False,7925000.0,25.0,1.0,0.0,hypothetical scenario
uniform,0.08,0.025,316912.0,7925000.0,634000.0,7922.8,13722.692138206701,25272.0,False,7925000.0,25.0,1.0,0.0,hypothetical scenario
uniform,0.082,0.025,316912.0,7925000.0,649850.0,7922.8,13722.692138206701,25906.0,False,7925000.0,25.0,1.0,0.0,hypothetical scenario
uniform,0.084,0.025,316912.0,7925000.0,665700.0,7922.8,13722.692138206701,26540.0,False,7925000.0,25.0,1.0,0.0,hypothetical scenario
uniform,0.08600000000000001,0.025,316912.0,7925000.0,681550.0,7922.8,13722.692138206701,27174.0,False,7925000.0,25.0,1.0,0.0,hypothetical scenario
uniform,0.088,0.025,316912.0,7925000.0,697400.0,7922.8,13722.692138206701,27808.0,False,7925000.0,25.0,1.0,0.0,hypothetical scenario
uniform,0.09,0.025,316912.0,7925000.0,713250.0,7922.8,13722.692138206701,28442.0,False,7925000.0,25.0,1.0,0.0,hypothetical scenario
uniform,0.092,0.025,316912.0,7925000.0,729100.0,7922.8,13722.692138206701,29076.0,False,7925000.0,25.0,1.0,0.0,hypothetical scenario
uniform,0.094,0.025,316912.0,7925000.0,744950.0,7922.8,13722.692138206701,29710.0,False,7925000.0,25.0,1.0,0.0,hypothetical scenario
uniform,0.096,0.025,316912.0,7925000.0,760800.0,7922.8,13722.692138206701,30344.0,False,7925000.0,25.0,1.0,0.0,hypothetical scenario
uniform,0.098,0.025,316912.0,7925000.0,776650.0,7922.8,13722.692138206701,30978.0,False,7925000.0,25.0,1.0,0.0,hypothetical scenario
uniform,0.1,0.025,316912.0,7925000.0,792500.0,7922.8,13722.692138206701,31612.0,False,7925000.0,25.0,1.0,0.0,hypothetical scenario
uniform,0.10200000000000001,0.025,316912.0,7925000.0,808350.0,7922.8,13722.692138206701,32246.0,False,7925000.0,25.0,1.0,0.0,hypothetical scenario
uniform,0.10400000000000001,0.025,316912.0,7925000.0,824200.0000000001,7922.8,13722.692138206701,32880.0,False,7925000.0,25.0,1.0,0.0,hypothetical scenario
uniform,0.106,0.025,316912.0,7925000.0,840050.0,7922.8,13722.692138206701,33514.0,False,7925000.0,25.0,1.0,0.0,hypothetical scenario
uniform,0.108,0.025,316912.0,7925000.0,855900.0,7922.8,13722.692138206701,34148.0,False,7925000.0,25.0,1.0,0.0,hypothetical scenario
uniform,0.11,0.025,316912.0,7925000.0,871750.0,7922.8,13722.692138206701,34782.0,False,7925000.0,25.0,1.0,0.0,hypothetical scenario
uniform,0.112,0.025,316912.0,7925000.0,887600.0,7922.8,13722.692138206701,35416.0,False,7925000.0,25.0,1.0,0.0,hypothetical scenario
uniform,0.114,0.025,316912.0,7925000.0,903450.0,7922.8,13722.692138206701,36050.0,False,7925000.0,25.0,1.0,0.0,hypothetical scenario
uniform,0.116,0.025,316912.0,7925000.0,919300.0,7922.8,13722.692138206701,36684.0,False,7925000.0,25.0,1.0,0.0,hypothetical scenario
uniform,0.11800000000000001,0.025,316912.0,7925000.0,935150.0000000001,7922.8,13722.692138206701,37318.0,False,7925000.0,25.0,1.0,0.0,hypothetical scenario
uniform,0.12,0.025,316912.0,7925000.0,951000.0,7922.8,13722.692138206701,37952.0,False,7925000.0,25.0,1.0,0.0,hypothetical scenario
uniform,0.122,0.025,316912.0,7925000.0,966850.0,7922.8,13722.692138206701,38586.0,False,7925000.0,25.0,1.0,0.0,hypothetical scenario
uniform,0.124,0.025,316912.0,7925000.0,982700.0,7922.8,13722.692138206701,39220.0,False,7925000.0,25.0,1.0,0.0,hypothetical scenario
uniform,0.126,0.025,316912.0,7925000.0,998550.0,7922.8,13722.692138206701,39854.0,False,7925000.0,25.0,1.0,0.0,hypothetical scenario
uniform,0.128,0.025,316912.0,7925000.0,1014400.0,7922.8,13722.692138206701,40488.0,False,7925000.0,25.0,1.0,0.0,hypothetical scenario
uniform,0.13,0.025,316912.0,7925000.0,1030250.0,7922.8,13722.692138206701,41122.0,False,7925000.0,25.0,1.0,0.0,hypothetical scenario
uniform,0.132,0.025,316912.0,7925000.0,1046100.0,7922.8,13722.692138206701,41756.0,False,7925000.0,25.0,1.0,0.0,hypothetical scenario
uniform,0.134,0.025,316912.0,7925000.0,1061950.0,7922.8,13722.692138206701,42390.0,False,7925000.0,25.0,1.0,0.0,hypothetical scenario
uniform,0.136,0.025,316912.0,7925000.0,1077800.0,7922.8,13722.692138206701,43024.0,False,7925000.0,25.0,1.0,0.0,hypothetical scenario
uniform,0.138,0.025,316912.0,7925000.0,1093650.0,7922.8,13722.692138206701,43658.0,False,7925000.0,25.0,1.0,0.0,hypothetical scenario
uniform,0.14,0.025,316912.0,7925000.0,1109500.0,7922.8,13722.692138206701,44292.0,False,7925000.0,25.0,1.0,0.0,hypothetical scenario
uniform,0.14200000000000002,0.025,316912.0,7925000.0,1125350.0000000002,7922.8,13722.692138206701,44926.0,False,7925000.0,25.0,1.0,0.0,hypothetical scenario
uniform,0.14400000000000002,0.025,316912.0,7925000.0,1141200.0000000002,7922.8,13722.692138206701,45560.0,False,7925000.0,25.0,1.0,0.0,hypothetical scenario
uniform,0.146,0.025,316912.0,7925000.0,1157050.0,7922.8,13722.692138206701,46194.0,False,7925000.0,25.0,1.0,0.0,hypothetical scenario
uniform,0.148,0.025,316912.0,7925000.0,1172900.0,7922.8,13722.692138206701,46828.0,False,7925000.0,25.0,1.0,0.0,hypothetical scenario
uniform,0.15,0.025,316912.0,7925000.0,1188750.0,7922.8,13722.692138206701,47462.0,False,7925000.0,25.0,1.0,0.0,hypothetical scenario
uniform,0.152,0.025,316912.0,7925000.0,1204600.0,7922.8,13722.692138206701,48096.0,False,7925000.0,25.0,1.0,0.0,hypothetical scenario
uniform,0.154,0.025,316912.0,7925000.0,1220450.0,7922.8,13722.692138206701,48730.0,False,7925000.0,25.0,1.0,0.0,hypothetical scenario
uniform,0.156,0.025,316912.0,7925000.0,1236300.0,7922.8,13722.692138206701,49364.0,False,7925000.0,25.0,1.0,0.0,hypothetical scenario
uniform,0.158,0.025,316912.0,7925000.0,1252150.0,7922.8,13722.692138206701,49998.0,False,7925000.0,25.0,1.0,0.0,hypothetical scenario
uniform,0.16,0.025,316912.0,7925000.0,1268000.0,7922.8,13722.692138206701,50632.0,False,7925000.0,25.0,1.0,0.0,hypothetical scenario
uniform,0.162,0.025,316912.0,7925000.0,1283850.0,7922.8,13722.692138206701,51266.0,False,7925000.0,25.0,1.0,0.0,hypothetical scenario
uniform,0.164,0.025,316912.0,7925000.0,1299700.0,7922.8,13722.692138206701,51900.0,False,7925000.0,25.0,1.0,0.0,hypothetical scenario
uniform,0.166,0.025,316912.0,7925000.0,1315550.0,7922.8,13722.692138206701,52534.0,False,7925000.0,25.0,1.0,0.0,hypothetical scenario
uniform,0.168,0.025,316912.0,7925000.0,1331400.0,7922.8,13722.692138206701,53168.0,False,7925000.0,25.0,1.0,0.0,hypothetical scenario
uniform,0.17,0.025,316912.0,7925000.0,1347250.0,7922.8,13722.692138206701,53802.0,False,7925000.0,25.0,1.0,0.0,hypothetical scenario
uniform,0.17200000000000001,0.025,316912.0,7925000.0,1363100.0,7922.8,13722.692138206701,54436.0,False,7925000.0,25.0,1.0,0.0,hypothetical scenario
uniform,0.17400000000000002,0.025,316912.0,7925000.0,1378950.0000000002,7922.8,13722.692138206701,55070.0,False,7925000.0,25.0,1.0,0.0,hypothetical scenario
uniform,0.176,0.025,316912.0,7925000.0,1394800.0,7922.8,13722.692138206701,55704.0,False,7925000.0,25.0,1.0,0.0,hypothetical scenario
uniform,0.178,0.025,316912.0,7925000.0,1410650.0,7922.8,13722.692138206701,56338.0,False,7925000.0,25.0,1.0,0.0,hypothetical scenario
uniform,0.18,0.025,316912.0,7925000.0,1426500.0,7922.8,13722.692138206701,56972.0,False,7925000.0,25.0,1.0,0.0,hypothetical scenario
uniform,0.182,0.025,316912.0,7925000.0,1442350.0,7922.8,13722.692138206701,57606.0,False,7925000.0,25.0,1.0,0.0,hypothetical scenario
uniform,0.184,0.025,316912.0,7925000.0,1458200.0,7922.8,13722.692138206701,58240.0,False,7925000.0,25.0,1.0,0.0,hypothetical scenario
uniform,0.186,0.025,316912.0,7925000.0,1474050.0,7922.8,13722.692138206701,58874.0,False,7925000.0,25.0,1.0,0.0,hypothetical scenario
uniform,0.188,0.025,316912.0,7925000.0,1489900.0,7922.8,13722.692138206701,59508.0,False,7925000.0,25.0,1.0,0.0,hypothetical scenario
uniform,0.19,0.025,316912.0,7925000.0,1505750.0,7922.8,13722.692138206701,60142.0,False,7925000.0,25.0,1.0,0.0,hypothetical scenario
uniform,0.192,0.025,316912.0,7925000.0,1521600.0,7922.8,13722.692138206701,60776.0,False,7925000.0,25.0,1.0,0.0,hypothetical scenario
uniform,0.194,0.025,316912.0,7925000.0,1537450.0,7922.8,13722.692138206701,61410.0,False,7925000.0,25.0,1.0,0.0,hypothetical scenario
uniform,0.196,0.025,316912.0,7925000.0,1553300.0,7922.8,13722.692138206701,62044.0,False,7925000.0,25.0,1.0,0.0,hypothetical scenario
uniform,0.198,0.025,316912.0,7925000.0,1569150.0,7922.8,13722.692138206701,62678.0,False,7925000.0,25.0,1.0,0.0,hypothetical scenario
uniform,0.2,0.025,316912.0,7925000.0,1585000.0,7922.8,13722.692138206701,63312.0,False,7925000.0,25.0,1.0,0.0,hypothetical scenario
uniform,0.202,0.025,316912.0,7925000.0,1600850.0,7922.8,13722.692138206701,63946.0,False,7925000.0,25.0,1.0,0.0,hypothetical scenario
uniform,0.20400000000000001,0.025,316912.0,7925000.0,1616700.0,7922.8,13722.692138206701,64580.0,False,7925000.0,25.0,1.0,0.0,hypothetical scenario
uniform,0.20600000000000002,0.025,316912.0,7925000.0,1632550.0000000002,7922.8,13722.692138206701,65214.0,False,7925000.0,25.0,1.0,0.0,hypothetical scenario
uniform,0.20800000000000002,0.025,316912.0,7925000.0,1648400.0000000002,7922.8,13722.692138206701,65848.0,False,7925000.0,25.0,1.0,0.0,hypothetical scenario
uniform,0.21,0.025,316912.0,7925000.0,1664250.0,7922.8,13722.692138206701,66482.0,False,7925000.0,25.0,1.0,0.0,hypothetical scenario
uniform,0.212,0.025,316912.0,7925000.0,1680100.0,7922.8,13722.692138206701,67116.0,False,7925000.0,25.0,1.0,0.0,hypothetical scenario
uniform,0.214,0.025,316912.0,7925000.0,1695950.0,7922.8,13722.692138206701,67750.0,False,7925000.0,25.0,1.0,0.0,hypothetical scenario
uniform,0.216,0.025,316912.0,7925000.0,1711800.0,7922.8,13722.692138206701,68384.0,False,7925000.0,25.0,1.0,0.0,hypothetical scenario
uniform,0.218,0.025,316912.0,7925000.0,1727650.0,7922.8,13722.692138206701,69018.0,False,7925000.0,25.0,1.0,0.0,hypothetical scenario
uniform,0.22,0.025,316912.0,7925000.0,1743500.0,7922.8,13722.692138206701,69652.0,False,7925000.0,25.0,1.0,0.0,hypothetical scenario
uniform,0.222,0.025,316912.0,7925000.0,1759350.0,7922.8,13722.692138206701,70286.0,False,7925000.0,25.0,1.0,0.0,hypothetical scenario
uniform,0.224,0.025,316912.0,7925000.0,1775200.0,7922.8,13722.692138206701,70920.0,False,7925000.0,25.0,1.0,0.0,hypothetical scenario
uniform,0.226,0.025,316912.0,7925000.0,1791050.0,7922.8,13722.692138206701,71554.0,False,7925000.0,25.0,1.0,0.0,hypothetical scenario
uniform,0.228,0.025,316912.0,7925000.0,1806900.0,7922.8,13722.692138206701,72188.0,False,7925000.0,25.0,1.0,0.0,hypothetical scenario
uniform,0.23,0.025,316912.0,7925000.0,1822750.0,7922.8,13722.692138206701,72822.0,False,7925000.0,25.0,1.0,0.0,hypothetical scenario
uniform,0.232,0.025,316912.0,7925000.0,1838600.0,7922.8,13722.692138206701,73456.0,False,7925000.0,25.0,1.0,0.0,hypothetical scenario
uniform,0.234,0.025,316912.0,7925000.0,1854450.0,7922.8,13722.692138206701,74090.0,False,7925000.0,25.0,1.0,0.0,hypothetical scenario
uniform,0.23600000000000002,0.025,316912.0,7925000.0,1870300.0000000002,7922.8,13722.692138206701,74724.0,False,7925000.0,25.0,1.0,0.0,hypothetical scenario
uniform,0.23800000000000002,0.025,316912.0,7925000.0,1886150.0000000002,7922.8,13722.692138206701,75358.0,False,7925000.0,25.0,1.0,0.0,hypothetical scenario
uniform,0.24,0.025,316912.0,7925000.0,1902000.0,7922.8,13722.692138206701,75992.0,False,7925000.0,25.0,1.0,0.0,hypothetical scenario
uniform,0.242,0.025,316912.0,7925000.0,1917850.0,7922.8,13722.692138206701,76626.0,False,7925000.0,25.0,1.0,0.0,hypothetical scenario
uniform,0.244,0.025,316912.0,7925000.0,1933700.0,7922.8,13722.692138206701,77260.0,False,7925000.0,25.0,1.0,0.0,hypothetical scenario
uniform,0.246,0.025,316912.0,7925000.0,1949550.0,7922.8,13722.692138206701,77894.0,False,7925000.0,25.0,1.0,0.0,hypothetical scenario
uniform,0.248,0.025,316912.0,7925000.0,1965400.0,7922.8,13722.692138206701,78528.0,False,7925000.0,25.0,1.0,0.0,hypothetical scenario
uniform,0.25,0.025,316912.0,7925000.0,1981250.0,7922.8,13722.692138206701,79162.0,False,7925000.0,25.0,1.0,0.0,hypothetical scenario
uniform,0.252,0.025,316912.0,7925000.0,1997100.0,7922.8,13722.692138206701,79796.0,False,7925000.0,25.0,1.0,0.0,hypothetical scenario
uniform,0.254,0.025,316912.0,7925000.0,2012950.0,7922.8,13722.692138206701,80430.0,False,7925000.0,25.0,1.0,0.0,hypothetical scenario
uniform,0.256,0.025,316912.0,7925000.0,2028800.0,7922.8,13722.692138206701,81064.0,False,7925000.0,25.0,1.0,0.0,hypothetical scenario
uniform,0.258,0.025,316912.0,7925000.0,2044650.0,7922.8,13722.692138206701,81698.0,False,7925000.0,25.0,1.0,0.0,hypothetical scenario
uniform,0.26,0.025,316912.0,7925000.0,2060500.0,7922.8,13722.692138206701,82332.0,False,7925000.0,25.0,1.0,0.0,hypothetical scenario
uniform,0.262,0.025,316912.0,7925000.0,2076350.0,7922.8,13722.692138206701,82966.0,False,7925000.0,25.0,1.0,0.0,hypothetical scenario
uniform,0.264,0.025,316912.0,7925000.0,2092200.0,7922.8,13722.692138206701,83600.0,False,7925000.0,25.0,1.0,0.0,hypothetical scenario
uniform,0.266,0.025,316912.0,7925000.0,2108050.0,7922.8,13722.692138206701,84234.0,False,7925000.0,25.0,1.0,0.0,hypothetical scenario
uniform,0.268,0.025,316912.0,7925000.0,2123900.0,7922.8,13722.692138206701,84868.0,False,7925000.0,25.0,1.0,0.0,hypothetical scenario
uniform,0.27,0.025,316912.0,7925000.0,2139750.0,7922.8,13722.692138206701,85502.0,False,7925000.0,25.0,1.0,0.0,hypothetical scenario
uniform,0.272,0.025,316912.0,7925000.0,2155600.0,7922.8,13722.692138206701,86136.0,False,7925000.0,25.0,1.0,0.0,hypothetical scenario
uniform,0.274,0.025,316912.0,7925000.0,2171450.0,7922.8,13722.692138206701,86770.0,False,7925000.0,25.0,1.0,0.0,hypothetical scenario
uniform,0.276,0.025,316912.0,7925000.0,2187300.0,7922.8,13722.692138206701,87404.0,False,7925000.0,25.0,1.0,0.0,hypothetical scenario
uniform,0.278,0.025,316912.0,7925000.0,2203150.0,7922.8,13722.692138206701,88038.0,False,7925000.0,25.0,1.0,0.0,hypothetical scenario
uniform,0.28,0.025,316912.0,7925000.0,2219000.0,7922.8,13722.692138206701,88672.0,False,7925000.0,25.0,1.0,0.0,hypothetical scenario
uniform,0.28200000000000003,0.025,316912.0,7925000.0,2234850.0,7922.8,13722.692138206701,89306.0,False,7925000.0,25.0,1.0,0.0,hypothetical scenario
uniform,0.28400000000000003,0.025,316912.0,7925000.0,2250700.0000000005,7922.8,13722.692138206701,89940.0,False,7925000.0,25.0,1.0,0.0,hypothetical scenario
uniform,0.28600000000000003,0.025,316912.0,7925000.0,2266550.0000000005,7922.8,13722.692138206701,90574.0,False,7925000.0,25.0,1.0,0.0,hypothetical scenario
uniform,0.28800000000000003,0.025,316912.0,7925000.0,2282400.0000000005,7922.8,13722.692138206701,91208.0,False,7925000.0,25.0,1.0,0.0,hypothetical scenario
uniform,0.29,0.025,316912.0,7925000.0,2298250.0,7922.8,13722.692138206701,91842.0,False,7925000.0,25.0,1.0,0.0,hypothetical scenario
uniform,0.292,0.025,316912.0,7925000.0,2314100.0,7922.8,13722.692138206701,92476.0,False,7925000.0,25.0,1.0,0.0,hypothetical scenario
uniform,0.294,0.025,316912.0,7925000.0,2329950.0,7922.8,13722.692138206701,93110.0,False,7925000.0,25.0,1.0,0.0,hypothetical scenario
uniform,0.296,0.025,316912.0,7925000.0,2345800.0,7922.8,13722.692138206701,93744.0,False,7925000.0,25.0,1.0,0.0,hypothetical scenario
uniform,0.298,0.025,316912.0,7925000.0,2361650.0,7922.8,13722.692138206701,94378.0,False,7925000.0,25.0,1.0,0.0,hypothetical scenario
uniform,0.3,0.025,316912.0,7925000.0,2377500.0,7922.8,13722.692138206701,95012.0,False,7925000.0,25.0,1.0,0.0,hypothetical scenario
uniform,0.302,0.025,316912.0,7925000.0,2393350.0,7922.8,13722.692138206701,95646.0,False,7925000.0,25.0,1.0,0.0,hypothetical scenario
uniform,0.304,0.025,316912.0,7925000.0,2409200.0,7922.8,13722.692138206701,96280.0,False,7925000.0,25.0,1.0,0.0,hypothetical scenario
uniform,0.306,0.025,316912.0,7925000.0,2425050.0,7922.8,13722.692138206701,96914.0,False,7925000.0,25.0,1.0,0.0,hypothetical scenario
uniform,0.308,0.025,316912.0,7925000.0,2440900.0,7922.8,13722.692138206701,97548.0,False,7925000.0,25.0,1.0,0.0,hypothetical scenario
uniform,0.31,0.025,316912.0,7925000.0,2456750.0,7922.8,13722.692138206701,98182.0,False,7925000.0,25.0,1.0,0.0,hypothetical scenario
uniform,0.312,0.025,316912.0,7925000.0,2472600.0,7922.8,13722.692138206701,98816.0,False,7925000.0,25.0,1.0,0.0,hypothetical scenario
uniform,0.314,0.025,316912.0,7925000.0,2488450.0,7922.8,13722.692138206701,99450.0,False,7925000.0,25.0,1.0,0.0,hypothetical scenario
uniform,0.316,0.025,316912.0,7925000.0,2504300.0,7922.8,13722.692138206701,100084.0,False,7925000.0,25.0,1.0,0.0,hypothetical scenario
uniform,0.318,0.025,316912.0,7925000.0,2520150.0,7922.8,13722.692138206701,100718.0,False,7925000.0,25.0,1.0,0.0,hypothetical scenario
uniform,0.32,0.025,316912.0,7925000.0,2536000.0,7922.8,13722.692138206701,101352.0,False,7925000.0,25.0,1.0,0.0,hypothetical scenario
uniform,0.322,0.025,316912.0,7925000.0,2551850.0,7922.8,13722.692138206701,101986.0,False,7925000.0,25.0,1.0,0.0,hypothetical scenario
uniform,0.324,0.025,316912.0,7925000.0,2567700.0,7922.8,13722.692138206701,102620.0,False,7925000.0,25.0,1.0,0.0,hypothetical scenario
uniform,0.326,0.025,316912.0,7925000.0,2583550.0,7922.8,13722.692138206701,103254.0,False,7925000.0,25.0,1.0,0.0,hypothetical scenario
uniform,0.328,0.025,316912.0,7925000.0,2599400.0,7922.8,13722.692138206701,103888.0,False,7925000.0,25.0,1.0,0.0,hypothetical scenario
uniform,0.33,0.025,316912.0,7925000.0,2615250.0,7922.8,13722.692138206701,104522.0,False,7925000.0,25.0,1.0,0.0,hypothetical scenario
uniform,0.332,0.025,316912.0,7925000.0,2631100.0,7922.8,13722.692138206701,105156.0,False,7925000.0,25.0,1.0,0.0,hypothetical scenario
uniform,0.334,0.025,316912.0,7925000.0,2646950.0,7922.8,13722.692138206701,105790.0,False,7925000.0,25.0,1.0,0.0,hypothetical scenario
uniform,0.336,0.025,316912.0,7925000.0,2662800.0,7922.8,13722.692138206701,106424.0,False,7925000.0,25.0,1.0,0.0,hypothetical scenario
uniform,0.338,0.025,316912.0,7925000.0,2678650.0,7922.8,13722.692138206701,107058.0,False,7925000.0,25.0,1.0,0.0,hypothetical scenario
uniform,0.34,0.025,316912.0,7925000.0,2694500.0,7922.8,13722.692138206701,107692.0,False,7925000.0,25.0,1.0,0.0,hypothetical scenario
uniform,0.342,0.025,316912.0,7925000.0,2710350.0,7922.8,13722.692138206701,108326.0,False,7925000.0,25.0,1.0,0.0,hypothetical scenario
uniform,0.34400000000000003,0.025,316912.0,7925000.0,2726200.0,7922.8,13722.692138206701,108960.0,False,7925000.0,25.0,1.0,0.0,hypothetical scenario
uniform,0.34600000000000003,0.025,316912.0,7925000.0,2742050.0000000005,7922.8,13722.692138206701,109594.0,False,7925000.0,25.0,1.0,0.0,hypothetical scenario
uniform,0.34800000000000003,0.025,316912.0,7925000.0,2757900.0000000005,7922.8,13722.692138206701,110228.0,False,7925000.0,25.0,1.0,0.0,hypothetical scenario
uniform,0.35000000000000003,0.025,316912.0,7925000.0,2773750.0000000005,7922.8,13722.692138206701,110862.0,False,7925000.0,25.0,1.0,0.0,hypothetical scenario
uniform,0.352,0.025,316912.0,7925000.0,2789600.0,7922.8,13722.692138206701,111496.0,False,7925000.0,25.0,1.0,0.0,hypothetical scenario
uniform,0.354,0.025,316912.0,7925000.0,2805450.0,7922.8,13722.692138206701,112130.0,False,7925000.0,25.0,1.0,0.0,hypothetical scenario
uniform,0.356,0.025,316912.0,7925000.0,2821300.0,7922.8,13722.692138206701,112764.0,False,7925000.0,25.0,1.0,0.0,hypothetical scenario
uniform,0.358,0.025,316912.0,7925000.0,2837150.0,7922.8,13722.692138206701,113398.0,False,7925000.0,25.0,1.0,0.0,hypothetical scenario
uniform,0.36,0.025,316912.0,7925000.0,2853000.0,7922.8,13722.692138206701,114032.0,False,7925000.0,25.0,1.0,0.0,hypothetical scenario
uniform,0.362,0.025,316912.0,7925000.0,2868850.0,7922.8,13722.692138206701,114666.0,False,7925000.0,25.0,1.0,0.0,hypothetical scenario
uniform,0.364,0.025,316912.0,7925000.0,2884700.0,7922.8,13722.692138206701,115300.0,False,7925000.0,25.0,1.0,0.0,hypothetical scenario
uniform,0.366,0.025,316912.0,7925000.0,2900550.0,7922.8,13722.692138206701,115934.0,False,7925000.0,25.0,1.0,0.0,hypothetical scenario
uniform,0.368,0.025,316912.0,7925000.0,2916400.0,7922.8,13722.692138206701,116568.0,False,7925000.0,25.0,1.0,0.0,hypothetical scenario
uniform,0.37,0.025,316912.0,7925000.0,2932250.0,7922.8,13722.692138206701,117202.0,False,7925000.0,25.0,1.0,0.0,hypothetical scenario
uniform,0.372,0.025,316912.0,7925000.0,2948100.0,7922.8,13722.692138206701,117836.0,False,7925000.0,25.0,1.0,0.0,hypothetical scenario
uniform,0.374,0.025,316912.0,7925000.0,2963950.0,7922.8,13722.692138206701,118470.0,False,7925000.0,25.0,1.0,0.0,hypothetical scenario
uniform,0.376,0.025,316912.0,7925000.0,2979800.0,7922.8,13722.692138206701,119104.0,False,7925000.0,25.0,1.0,0.0,hypothetical scenario
uniform,0.378,0.025,316912.0,7925000.0,2995650.0,7922.8,13722.692138206701,119738.0,False,7925000.0,25.0,1.0,0.0,hypothetical scenario
uniform,0.38,0.025,316912.0,7925000.0,3011500.0,7922.8,13722.692138206701,120372.0,False,7925000.0,25.0,1.0,0.0,hypothetical scenario
uniform,0.382,0.025,316912.0,7925000.0,3027350.0,7922.8,13722.692138206701,121006.0,False,7925000.0,25.0,1.0,0.0,hypothetical scenario
uniform,0.384,0.025,316912.0,7925000.0,3043200.0,7922.8,13722.692138206701,121640.0,False,7925000.0,25.0,1.0,0.0,hypothetical scenario
uniform,0.386,0.025,316912.0,7925000.0,3059050.0,7922.8,13722.692138206701,122274.0,False,7925000.0,25.0,1.0,0.0,hypothetical scenario
uniform,0.388,0.025,316912.0,7925000.0,3074900.0,7922.8,13722.692138206701,122908.0,False,7925000.0,25.0,1.0,0.0,hypothetical scenario
uniform,0.39,0.025,316912.0,7925000.0,3090750.0,7922.8,13722.692138206701,123542.0,False,7925000.0,25.0,1.0,0.0,hypothetical scenario
uniform,0.392,0.025,316912.0,7925000.0,3106600.0,7922.8,13722.692138206701,124176.0,False,7925000.0,25.0,1.0,0.0,hypothetical scenario
uniform,0.394,0.025,316912.0,7925000.0,3122450.0,7922.8,13722.692138206701,124810.0,False,7925000.0,25.0,1.0,0.0,hypothetical scenario
uniform,0.396,0.025,316912.0,7925000.0,3138300.0,7922.8,13722.692138206701,125444.0,False,7925000.0,25.0,1.0,0.0,hypothetical scenario
uniform,0.398,0.025,316912.0,7925000.0,3154150.0,7922.8,13722.692138206701,126078.0,False,7925000.0,25.0,1.0,0.0,hypothetical scenario
uniform,0.4,0.025,316912.0,7925000.0,3170000.0,7922.8,13722.692138206701,126712.0,False,7925000.0,25.0,1.0,0.0,hypothetical scenario
uniform,0.402,0.025,316912.0,7925000.0,3185850.0,7922.8,13722.692138206701,127346.0,False,7925000.0,25.0,1.0,0.0,hypothetical scenario
uniform,0.404,0.025,316912.0,7925000.0,3201700.0,7922.8,13722.692138206701,127980.0,False,7925000.0,25.0,1.0,0.0,hypothetical scenario
uniform,0.406,0.025,316912.0,7925000.0,3217550.0,7922.8,13722.692138206701,128614.0,False,7925000.0,25.0,1.0,0.0,hypothetical scenario
uniform,0.40800000000000003,0.025,316912.0,7925000.0,3233400.0,7922.8,13722.692138206701,129248.0,False,7925000.0,25.0,1.0,0.0,hypothetical scenario
uniform,0.41000000000000003,0.025,316912.0,7925000.0,3249250.0000000005,7922.8,13722.692138206701,129882.0,False,7925000.0,25.0,1.0,0.0,hypothetical scenario
uniform,0.41200000000000003,0.025,316912.0,7925000.0,3265100.0000000005,7922.8,13722.692138206701,130516.0,False,7925000.0,25.0,1.0,0.0,hypothetical scenario
uniform,0.41400000000000003,0.025,316912.0,7925000.0,3280950.0000000005,7922.8,13722.692138206701,131150.0,False,7925000.0,25.0,1.0,0.0,hypothetical scenario
uniform,0.41600000000000004,0.025,316912.0,7925000.0,3296800.0000000005,7922.8,13722.692138206701,131784.0,False,7925000.0,25.0,1.0,0.0,hypothetical scenario
uniform,0.418,0.025,316912.0,7925000.0,3312650.0,7922.8,13722.692138206701,132418.0,False,7925000.0,25.0,1.0,0.0,hypothetical scenario
uniform,0.42,0.025,316912.0,7925000.0,3328500.0,7922.8,13722.692138206701,133052.0,False,7925000.0,25.0,1.0,0.0,hypothetical scenario
uniform,0.422,0.025,316912.0,7925000.0,3344350.0,7922.8,13722.692138206701,133686.0,False,7925000.0,25.0,1.0,0.0,hypothetical scenario
uniform,0.424,0.025,316912.0,7925000.0,3360200.0,7922.8,13722.692138206701,134320.0,False,7925000.0,25.0,1.0,0.0,hypothetical scenario
uniform,0.426,0.025,316912.0,7925000.0,3376050.0,7922.8,13722.692138206701,134954.0,False,7925000.0,25.0,1.0,0.0,hypothetical scenario
uniform,0.428,0.025,316912.0,7925000.0,3391900.0,7922.8,13722.692138206701,135588.0,False,7925000.0,25.0,1.0,0.0,hypothetical scenario
uniform,0.43,0.025,316912.0,7925000.0,3407750.0,7922.8,13722.692138206701,136222.0,False,7925000.0,25.0,1.0,0.0,hypothetical scenario
uniform,0.432,0.025,316912.0,7925000.0,3423600.0,7922.8,13722.692138206701,136856.0,False,7925000.0,25.0,1.0,0.0,hypothetical scenario
uniform,0.434,0.025,316912.0,7925000.0,3439450.0,7922.8,13722.692138206701,137490.0,False,7925000.0,25.0,1.0,0.0,hypothetical scenario
uniform,0.436,0.025,316912.0,7925000.0,3455300.0,7922.8,13722.692138206701,138124.0,False,7925000.0,25.0,1.0,0.0,hypothetical scenario
uniform,0.438,0.025,316912.0,7925000.0,3471150.0,7922.8,13722.692138206701,138758.0,False,7925000.0,25.0,1.0,0.0,hypothetical scenario
uniform,0.44,0.025,316912.0,7925000.0,3487000.0,7922.8,13722.692138206701,139392.0,False,7925000.0,25.0,1.0,0.0,hypothetical scenario
uniform,0.442,0.025,316912.0,7925000.0,3502850.0,7922.8,13722.692138206701,140026.0,False,7925000.0,25.0,1.0,0.0,hypothetical scenario
uniform,0.444,0.025,316912.0,7925000.0,3518700.0,7922.8,13722.692138206701,140660.0,False,7925000.0,25.0,1.0,0.0,hypothetical scenario
uniform,0.446,0.025,316912.0,7925000.0,3534550.0,7922.8,13722.692138206701,141294.0,False,7925000.0,25.0,1.0,0.0,hypothetical scenario
uniform,0.448,0.025,316912.0,7925000.0,3550400.0,7922.8,13722.692138206701,141928.0,False,7925000.0,25.0,1.0,0.0,hypothetical scenario
uniform,0.45,0.025,316912.0,7925000.0,3566250.0,7922.8,13722.692138206701,142562.0,False,7925000.0,25.0,1.0,0.0,hypothetical scenario
uniform,0.452,0.025,316912.0,7925000.0,3582100.0,7922.8,13722.692138206701,143196.0,False,7925000.0,25.0,1.0,0.0,hypothetical scenario
uniform,0.454,0.025,316912.0,7925000.0,3597950.0,7922.8,13722.692138206701,143830.0,False,7925000.0,25.0,1.0,0.0,hypothetical scenario
uniform,0.456,0.025,316912.0,7925000.0,3613800.0,7922.8,13722.692138206701,144464.0,False,7925000.0,25.0,1.0,0.0,hypothetical scenario
uniform,0.458,0.025,316912.0,7925000.0,3629650.0,7922.8,13722.692138206701,145098.0,False,7925000.0,25.0,1.0,0.0,hypothetical scenario
uniform,0.46,0.025,316912.0,7925000.0,3645500.0,7922.8,13722.692138206701,145732.0,False,7925000.0,25.0,1.0,0.0,hypothetical scenario
uniform,0.462,0.025,316912.0,7925000.0,3661350.0,7922.8,13722.692138206701,146366.0,False,7925000.0,25.0,1.0,0.0,hypothetical scenario
uniform,0.464,0.025,316912.0,7925000.0,3677200.0,7922.8,13722.692138206701,147000.0,False,7925000.0,25.0,1.0,0.0,hypothetical scenario
uniform,0.466,0.025,316912.0,7925000.0,3693050.0,7922.8,13722.692138206701,147634.0,False,7925000.0,25.0,1.0,0.0,hypothetical scenario
uniform,0.468,0.025,316912.0,7925000.0,3708900.0,7922.8,13722.692138206701,148268.0,False,7925000.0,25.0,1.0,0.0,hypothetical scenario
uniform,0.47000000000000003,0.025,316912.0,7925000.0,3724750.0,7922.8,13722.692138206701,148902.0,False,7925000.0,25.0,1.0,0.0,hypothetical scenario
uniform,0.47200000000000003,0.025,316912.0,7925000.0,3740600.0000000005,7922.8,13722.692138206701,149536.00000000003,False,7925000.0,25.0,1.0,0.0,hypothetical scenario
uniform,0.47400000000000003,0.025,316912.0,7925000.0,3756450.0000000005,7922.8,13722.692138206701,150170.00000000003,False,7925000.0,25.0,1.0,0.0,hypothetical scenario
uniform,0.47600000000000003,0.025,316912.0,7925000.0,3772300.0000000005,7922.8,13722.692138206701,150804.00000000003,False,7925000.0,25.0,1.0,0.0,hypothetical scenario
uniform,0.47800000000000004,0.025,316912.0,7925000.0,3788150.0000000005,7922.8,13722.692138206701,151438.00000000003,False,7925000.0,25.0,1.0,0.0,hypothetical scenario
uniform,0.48,0.025,316912.0,7925000.0,3804000.0,7922.8,13722.692138206701,152072.0,False,7925000.0,25.0,1.0,0.0,hypothetical scenario
uniform,0.482,0.025,316912.0,7925000.0,3819850.0,7922.8,13722.692138206701,152706.0,False,7925000.0,25.0,1.0,0.0,hypothetical scenario
uniform,0.484,0.025,316912.0,7925000.0,3835700.0,7922.8,13722.692138206701,153340.0,False,7925000.0,25.0,1.0,0.0,hypothetical scenario
uniform,0.486,0.025,316912.0,7925000.0,3851550.0,7922.8,13722.692138206701,153974.0,False,7925000.0,25.0,1.0,0.0,hypothetical scenario
uniform,0.488,0.025,316912.0,7925000.0,3867400.0,7922.8,13722.692138206701,154608.0,False,7925000.0,25.0,1.0,0.0,hypothetical scenario
uniform,0.49,0.025,316912.0,7925000.0,3883250.0,7922.8,13722.692138206701,155242.0,False,7925000.0,25.0,1.0,0.0,hypothetical scenario
uniform,0.492,0.025,316912.0,7925000.0,3899100.0,7922.8,13722.692138206701,155876.0,False,7925000.0,25.0,1.0,0.0,hypothetical scenario
uniform,0.494,0.025,316912.0,7925000.0,3914950.0,7922.8,13722.692138206701,156510.0,False,7925000.0,25.0,1.0,0.0,hypothetical scenario
uniform,0.496,0.025,316912.0,7925000.0,3930800.0,7922.8,13722.692138206701,157144.0,False,7925000.0,25.0,1.0,0.0,hypothetical scenario
uniform,0.498,0.025,316912.0,7925000.0,3946650.0,7922.8,13722.692138206701,157778.0,False,7925000.0,25.0,1.0,0.0,hypothetical scenario
uniform,0.5,0.025,316912.0,7925000.0,3962500.0,7922.8,13722.692138206701,158412.0,False,7925000.0,25.0,1.0,0.0,hypothetical scenario
uniform,0.502,0.025,316912.0,7925000.0,3978350.0,7922.8,13722.692138206701,159046.0,False,7925000.0,25.0,1.0,0.0,hypothetical scenario
uniform,0.504,0.025,316912.0,7925000.0,3994200.0,7922.8,13722.692138206701,159680.0,False,7925000.0,25.0,1.0,0.0,hypothetical scenario
uniform,0.506,0.025,316912.0,7925000.0,4010050.0,7922.8,13722.692138206701,160314.0,False,7925000.0,25.0,1.0,0.0,hypothetical scenario
uniform,0.508,0.025,316912.0,7925000.0,4025900.0,7922.8,13722.692138206701,160948.0,False,7925000.0,25.0,1.0,0.0,hypothetical scenario
uniform,0.51,0.025,316912.0,7925000.0,4041750.0,7922.8,13722.692138206701,161582.0,False,7925000.0,25.0,1.0,0.0,hypothetical scenario
uniform,0.512,0.025,316912.0,7925000.0,4057600.0,7922.8,13722.692138206701,162216.0,False,7925000.0,25.0,1.0,0.0,hypothetical scenario
uniform,0.514,0.025,316912.0,7925000.0,4073450.0,7922.8,13722.692138206701,162850.0,False,7925000.0,25.0,1.0,0.0,hypothetical scenario
uniform,0.516,0.025,316912.0,7925000.0,4089300.0,7922.8,13722.692138206701,163484.0,False,7925000.0,25.0,1.0,0.0,hypothetical scenario
uniform,0.518,0.025,316912.0,7925000.0,4105150.0,7922.8,13722.692138206701,164118.0,False,7925000.0,25.0,1.0,0.0,hypothetical scenario
uniform,0.52,0.025,316912.0,7925000.0,4121000.0,7922.8,13722.692138206701,164752.0,False,7925000.0,25.0,1.0,0.0,hypothetical scenario
uniform,0.522,0.025,316912.0,7925000.0,4136850.0,7922.8,13722.692138206701,165386.0,False,7925000.0,25.0,1.0,0.0,hypothetical scenario
uniform,0.524,0.025,316912.0,7925000.0,4152700.0,7922.8,13722.692138206701,166020.0,False,7925000.0,25.0,1.0,0.0,hypothetical scenario
uniform,0.526,0.025,316912.0,7925000.0,4168550.0,7922.8,13722.692138206701,166654.0,False,7925000.0,25.0,1.0,0.0,hypothetical scenario
uniform,0.528,0.025,316912.0,7925000.0,4184400.0,7922.8,13722.692138206701,167288.0,False,7925000.0,25.0,1.0,0.0,hypothetical scenario
uniform,0.53,0.025,316912.0,7925000.0,4200250.0,7922.8,13722.692138206701,167922.0,False,7925000.0,25.0,1.0,0.0,hypothetical scenario
uniform,0.532,0.025,316912.0,7925000.0,4216100.0,7922.8,13722.692138206701,168556.0,False,7925000.0,25.0,1.0,0.0,hypothetical scenario
uniform,0.534,0.025,316912.0,7925000.0,4231950.0,7922.8,13722.692138206701,169190.0,False,7925000.0,25.0,1.0,0.0,hypothetical scenario
uniform,0.536,0.025,316912.0,7925000.0,4247800.0,7922.8,13722.692138206701,169824.0,False,7925000.0,25.0,1.0,0.0,hypothetical scenario
uniform,0.538,0.025,316912.0,7925000.0,4263650.0,7922.8,13722.692138206701,170458.0,False,7925000.0,25.0,1.0,0.0,hypothetical scenario
uniform,0.54,0.025,316912.0,7925000.0,4279500.0,7922.8,13722.692138206701,171092.0,False,7925000.0,25.0,1.0,0.0,hypothetical scenario
uniform,0.542,0.025,316912.0,7925000.0,4295350.0,7922.8,13722.692138206701,171726.0,False,7925000.0,25.0,1.0,0.0,hypothetical scenario
uniform,0.544,0.025,316912.0,7925000.0,4311200.0,7922.8,13722.692138206701,172360.0,False,7925000.0,25.0,1.0,0.0,hypothetical scenario
uniform,0.546,0.025,316912.0,7925000.0,4327050.0,7922.8,13722.692138206701,172994.0,False,7925000.0,25.0,1.0,0.0,hypothetical scenario
uniform,0.548,0.025,316912.0,7925000.0,4342900.0,7922.8,13722.692138206701,173628.0,False,7925000.0,25.0,1.0,0.0,hypothetical scenario
uniform,0.55,0.025,316912.0,7925000.0,4358750.0,7922.8,13722.692138206701,174262.0,False,7925000.0,25.0,1.0,0.0,hypothetical scenario
uniform,0.552,0.025,316912.0,7925000.0,4374600.0,7922.8,13722.692138206701,174896.0,False,7925000.0,25.0,1.0,0.0,hypothetical scenario
uniform,0.554,0.025,316912.0,7925000.0,4390450.0,7922.8,13722.692138206701,175530.0,False,7925000.0,25.0,1.0,0.0,hypothetical scenario
uniform,0.556,0.025,316912.0,7925000.0,4406300.0,7922.8,13722.692138206701,176164.0,False,7925000.0,25.0,1.0,0.0,hypothetical scenario
uniform,0.558,0.025,316912.0,7925000.0,4422150.0,7922.8,13722.692138206701,176798.0,False,7925000.0,25.0,1.0,0.0,hypothetical scenario
uniform,0.56,0.025,316912.0,7925000.0,4438000.0,7922.8,13722.692138206701,177432.0,False,7925000.0,25.0,1.0,0.0,hypothetical scenario
uniform,0.562,0.025,316912.0,7925000.0,4453850.0,7922.8,13722.692138206701,178066.0,False,7925000.0,25.0,1.0,0.0,hypothetical scenario
uniform,0.5640000000000001,0.025,316912.0,7925000.0,4469700.0,7922.8,13722.692138206701,178700.0,False,7925000.0,25.0,1.0,0.0,hypothetical scenario
uniform,0.5660000000000001,0.025,316912.0,7925000.0,4485550.0,7922.8,13722.692138206701,179334.0,False,7925000.0,25.0,1.0,0.0,hypothetical scenario
uniform,0.5680000000000001,0.025,316912.0,7925000.0,4501400.000000001,7922.8,13722.692138206701,179968.00000000003,False,7925000.0,25.0,1.0,0.0,hypothetical scenario
uniform,0.5700000000000001,0.025,316912.0,7925000.0,4517250.000000001,7922.8,13722.692138206701,180602.00000000003,False,7925000.0,25.0,1.0,0.0,hypothetical scenario
uniform,0.5720000000000001,0.025,316912.0,7925000.0,4533100.000000001,7922.8,13722.692138206701,181236.00000000003,False,7925000.0,25.0,1.0,0.0,hypothetical scenario
uniform,0.5740000000000001,0.025,316912.0,7925000.0,4548950.000000001,7922.8,13722.692138206701,181870.00000000003,False,7925000.0,25.0,1.0,0.0,hypothetical scenario
uniform,0.5760000000000001,0.025,316912.0,7925000.0,4564800.000000001,7922.8,13722.692138206701,182504.00000000003,False,7925000.0,25.0,1.0,0.0,hypothetical scenario
uniform,0.578,0.025,316912.0,7925000.0,4580650.0,7922.8,13722.692138206701,183138.0,False,7925000.0,25.0,1.0,0.0,hypothetical scenario
uniform,0.58,0.025,316912.0,7925000.0,4596500.0,7922.8,13722.692138206701,183772.0,False,7925000.0,25.0,1.0,0.0,hypothetical scenario
uniform,0.582,0.025,316912.0,7925000.0,4612350.0,7922.8,13722.692138206701,184406.0,False,7925000.0,25.0,1.0,0.0,hypothetical scenario
uniform,0.584,0.025,316912.0,7925000.0,4628200.0,7922.8,13722.692138206701,185040.0,False,7925000.0,25.0,1.0,0.0,hypothetical scenario
uniform,0.586,0.025,316912.0,7925000.0,4644050.0,7922.8,13722.692138206701,185674.0,False,7925000.0,25.0,1.0,0.0,hypothetical scenario
uniform,0.588,0.025,316912.0,7925000.0,4659900.0,7922.8,13722.692138206701,186308.0,False,7925000.0,25.0,1.0,0.0,hypothetical scenario
uniform,0.59,0.025,316912.0,7925000.0,4675750.0,7922.8,13722.692138206701,186942.0,False,7925000.0,25.0,1.0,0.0,hypothetical scenario
uniform,0.592,0.025,316912.0,7925000.0,4691600.0,7922.8,13722.692138206701,187576.0,False,7925000.0,25.0,1.0,0.0,hypothetical scenario
uniform,0.594,0.025,316912.0,7925000.0,4707450.0,7922.8,13722.692138206701,188210.0,False,7925000.0,25.0,1.0,0.0,hypothetical scenario
uniform,0.596,0.025,316912.0,7925000.0,4723300.0,7922.8,13722.692138206701,188844.0,False,7925000.0,25.0,1.0,0.0,hypothetical scenario
uniform,0.598,0.025,316912.0,7925000.0,4739150.0,7922.8,13722.692138206701,189478.0,False,7925000.0,25.0,1.0,0.0,hypothetical scenario
uniform,0.6,0.025,316912.0,7925000.0,4755000.0,7922.8,13722.692138206701,190112.0,False,7925000.0,25.0,1.0,0.0,hypothetical scenario
uniform,0.602,0.025,316912.0,7925000.0,4770850.0,7922.8,13722.692138206701,190746.0,False,7925000.0,25.0,1.0,0.0,hypothetical scenario
uniform,0.604,0.025,316912.0,7925000.0,4786700.0,7922.8,13722.692138206701,191380.0,False,7925000.0,25.0,1.0,0.0,hypothetical scenario
uniform,0.606,0.025,316912.0,7925000.0,4802550.0,7922.8,13722.692138206701,192014.0,False,7925000.0,25.0,1.0,0.0,hypothetical scenario
uniform,0.608,0.025,316912.0,7925000.0,4818400.0,7922.8,13722.692138206701,192648.0,False,7925000.0,25.0,1.0,0.0,hypothetical scenario
uniform,0.61,0.025,316912.0,7925000.0,4834250.0,7922.8,13722.692138206701,193282.0,False,7925000.0,25.0,1.0,0.0,hypothetical scenario
uniform,0.612,0.025,316912.0,7925000.0,4850100.0,7922.8,13722.692138206701,193916.0,False,7925000.0,25.0,1.0,0.0,hypothetical scenario
uniform,0.614,0.025,316912.0,7925000.0,4865950.0,7922.8,13722.692138206701,194550.0,False,7925000.0,25.0,1.0,0.0,hypothetical scenario
uniform,0.616,0.025,316912.0,7925000.0,4881800.0,7922.8,13722.692138206701,195184.0,False,7925000.0,25.0,1.0,0.0,hypothetical scenario
uniform,0.618,0.025,316912.0,7925000.0,4897650.0,7922.8,13722.692138206701,195818.0,False,7925000.0,25.0,1.0,0.0,hypothetical scenario
uniform,0.62,0.025,316912.0,7925000.0,4913500.0,7922.8,13722.692138206701,196452.0,False,7925000.0,25.0,1.0,0.0,hypothetical scenario
uniform,0.622,0.025,316912.0,7925000.0,4929350.0,7922.8,13722.692138206701,197086.0,False,7925000.0,25.0,1.0,0.0,hypothetical scenario
uniform,0.624,0.025,316912.0,7925000.0,4945200.0,7922.8,13722.692138206701,197720.0,False,7925000.0,25.0,1.0,0.0,hypothetical scenario
uniform,0.626,0.025,316912.0,7925000.0,4961050.0,7922.8,13722.692138206701,198354.0,False,7925000.0,25.0,1.0,0.0,hypothetical scenario
uniform,0.628,0.025,316912.0,7925000.0,4976900.0,7922.8,13722.692138206701,198988.0,False,7925000.0,25.0,1.0,0.0,hypothetical scenario
uniform,0.63,0.025,316912.0,7925000.0,4992750.0,7922.8,13722.692138206701,199622.0,False,7925000.0,25.0,1.0,0.0,hypothetical scenario
uniform,0.632,0.025,316912.0,7925000.0,5008600.0,7922.8,13722.692138206701,200256.0,False,7925000.0,25.0,1.0,0.0,hypothetical scenario
uniform,0.634,0.025,316912.0,7925000.0,5024450.0,7922.8,13722.692138206701,200890.0,False,7925000.0,25.0,1.0,0.0,hypothetical scenario
uniform,0.636,0.025,316912.0,7925000.0,5040300.0,7922.8,13722.692138206701,201524.0,False,7925000.0,25.0,1.0,0.0,hypothetical scenario
uniform,0.638,0.025,316912.0,7925000.0,5056150.0,7922.8,13722.692138206701,202158.0,False,7925000.0,25.0,1.0,0.0,hypothetical scenario
uniform,0.64,0.025,316912.0,7925000.0,5072000.0,7922.8,13722.692138206701,202792.0,False,7925000.0,25.0,1.0,0.0,hypothetical scenario
uniform,0.642,0.025,316912.0,7925000.0,5087850.0,7922.8,13722.692138206701,203426.0,False,7925000.0,25.0,1.0,0.0,hypothetical scenario
uniform,0.644,0.025,316912.0,7925000.0,5103700.0,7922.8,13722.692138206701,204060.0,False,7925000.0,25.0,1.0,0.0,hypothetical scenario
uniform,0.646,0.025,316912.0,7925000.0,5119550.0,7922.8,13722.692138206701,204694.0,False,7925000.0,25.0,1.0,0.0,hypothetical scenario
uniform,0.648,0.025,316912.0,7925000.0,5135400.0,7922.8,13722.692138206701,205328.0,False,7925000.0,25.0,1.0,0.0,hypothetical scenario
uniform,0.65,0.025,316912.0,7925000.0,5151250.0,7922.8,13722.692138206701,205962.0,False,7925000.0,25.0,1.0,0.0,hypothetical scenario
uniform,0.652,0.025,316912.0,7925000.0,5167100.0,7922.8,13722.692138206701,206596.0,False,7925000.0,25.0,1.0,0.0,hypothetical scenario
uniform,0.654,0.025,316912.0,7925000.0,5182950.0,7922.8,13722.692138206701,207230.0,False,7925000.0,25.0,1.0,0.0,hypothetical scenario
uniform,0.656,0.025,316912.0,7925000.0,5198800.0,7922.8,13722.692138206701,207864.0,False,7925000.0,25.0,1.0,0.0,hypothetical scenario
uniform,0.658,0.025,316912.0,7925000.0,5214650.0,7922.8,13722.692138206701,208498.0,False,7925000.0,25.0,1.0,0.0,hypothetical scenario
uniform,0.66,0.025,316912.0,7925000.0,5230500.0,7922.8,13722.692138206701,209132.0,False,7925000.0,25.0,1.0,0.0,hypothetical scenario
uniform,0.662,0.025,316912.0,7925000.0,5246350.0,7922.8,13722.692138206701,209766.0,False,7925000.0,25.0,1.0,0.0,hypothetical scenario
uniform,0.664,0.025,316912.0,7925000.0,5262200.0,7922.8,13722.692138206701,210400.0,False,7925000.0,25.0,1.0,0.0,hypothetical scenario
uniform,0.666,0.025,316912.0,7925000.0,5278050.0,7922.8,13722.692138206701,211034.0,False,7925000.0,25.0,1.0,0.0,hypothetical scenario
uniform,0.668,0.025,316912.0,7925000.0,5293900.0,7922.8,13722.692138206701,211668.0,False,7925000.0,25.0,1.0,0.0,hypothetical scenario
uniform,0.67,0.025,316912.0,7925000.0,5309750.0,7922.8,13722.692138206701,212302.0,False,7925000.0,25.0,1.0,0.0,hypothetical scenario
uniform,0.672,0.025,316912.0,7925000.0,5325600.0,7922.8,13722.692138206701,212936.0,False,7925000.0,25.0,1.0,0.0,hypothetical scenario
uniform,0.674,0.025,316912.0,7925000.0,5341450.0,7922.8,13722.692138206701,213570.0,False,7925000.0,25.0,1.0,0.0,hypothetical scenario
uniform,0.676,0.025,316912.0,7925000.0,5357300.0,7922.8,13722.692138206701,214204.0,False,7925000.0,25.0,1.0,0.0,hypothetical scenario
uniform,0.678,0.025,316912.0,7925000.0,5373150.0,7922.8,13722.692138206701,214838.0,False,7925000.0,25.0,1.0,0.0,hypothetical scenario
uniform,0.68,0.025,316912.0,7925000.0,5389000.0,7922.8,13722.692138206701,215472.0,False,7925000.0,25.0,1.0,0.0,hypothetical scenario
uniform,0.682,0.025,316912.0,7925000.0,5404850.0,7922.8,13722.692138206701,216106.0,False,7925000.0,25.0,1.0,0.0,hypothetical scenario
uniform,0.684,0.025,316912.0,7925000.0,5420700.0,7922.8,13722.692138206701,216740.0,False,7925000.0,25.0,1.0,0.0,hypothetical scenario
uniform,0.686,0.025,316912.0,7925000.0,5436550.0,7922.8,13722.692138206701,217374.0,False,7925000.0,25.0,1.0,0.0,hypothetical scenario
uniform,0.6880000000000001,0.025,316912.0,7925000.0,5452400.0,7922.8,13722.692138206701,218008.0,False,7925000.0,25.0,1.0,0.0,hypothetical scenario
uniform,0.6900000000000001,0.025,316912.0,7925000.0,5468250.0,7922.8,13722.692138206701,218642.0,False,7925000.0,25.0,1.0,0.0,hypothetical scenario
uniform,0.6920000000000001,0.025,316912.0,7925000.0,5484100.000000001,7922.8,13722.692138206701,219276.00000000006,False,7925000.0,25.0,1.0,0.0,hypothetical scenario
uniform,0.6940000000000001,0.025,316912.0,7925000.0,5499950.000000001,7922.8,13722.692138206701,219910.00000000006,False,7925000.0,25.0,1.0,0.0,hypothetical scenario
uniform,0.6960000000000001,0.025,316912.0,7925000.0,5515800.000000001,7922.8,13722.692138206701,220544.00000000006,False,7925000.0,25.0,1.0,0.0,hypothetical scenario
uniform,0.6980000000000001,0.025,316912.0,7925000.0,5531650.000000001,7922.8,13722.692138206701,221178.00000000006,False,7925000.0,25.0,1.0,0.0,hypothetical scenario
uniform,0.7000000000000001,0.025,316912.0,7925000.0,5547500.000000001,7922.8,13722.692138206701,221812.00000000006,False,7925000.0,25.0,1.0,0.0,hypothetical scenario
uniform,0.7020000000000001,0.025,316912.0,7925000.0,5563350.000000001,7922.8,13722.692138206701,222446.00000000006,False,7925000.0,25.0,1.0,0.0,hypothetical scenario
uniform,0.704,0.025,316912.0,7925000.0,5579200.0,7922.8,13722.692138206701,223080.0,False,7925000.0,25.0,1.0,0.0,hypothetical scenario
uniform,0.706,0.025,316912.0,7925000.0,5595050.0,7922.8,13722.692138206701,223714.0,False,7925000.0,25.0,1.0,0.0,hypothetical scenario
uniform,0.708,0.025,316912.0,7925000.0,5610900.0,7922.8,13722.692138206701,224348.0,False,7925000.0,25.0,1.0,0.0,hypothetical scenario
uniform,0.71,0.025,316912.0,7925000.0,5626750.0,7922.8,13722.692138206701,224982.0,False,7925000.0,25.0,1.0,0.0,hypothetical scenario
uniform,0.712,0.025,316912.0,7925000.0,5642600.0,7922.8,13722.692138206701,225616.0,False,7925000.0,25.0,1.0,0.0,hypothetical scenario
uniform,0.714,0.025,316912.0,7925000.0,5658450.0,7922.8,13722.692138206701,226250.0,False,7925000.0,25.0,1.0,0.0,hypothetical scenario
uniform,0.716,0.025,316912.0,7925000.0,5674300.0,7922.8,13722.692138206701,226884.0,False,7925000.0,25.0,1.0,0.0,hypothetical scenario
uniform,0.718,0.025,316912.0,7925000.0,5690150.0,7922.8,13722.692138206701,227518.0,False,7925000.0,25.0,1.0,0.0,hypothetical scenario
uniform,0.72,0.025,316912.0,7925000.0,5706000.0,7922.8,13722.692138206701,228152.0,False,7925000.0,25.0,1.0,0.0,hypothetical scenario
uniform,0.722,0.025,316912.0,7925000.0,5721850.0,7922.8,13722.692138206701,228786.0,False,7925000.0,25.0,1.0,0.0,hypothetical scenario
uniform,0.724,0.025,316912.0,7925000.0,5737700.0,7922.8,13722.692138206701,229420.0,False,7925000.0,25.0,1.0,0.0,hypothetical scenario
uniform,0.726,0.025,316912.0,7925000.0,5753550.0,7922.8,13722.692138206701,230054.0,False,7925000.0,25.0,1.0,0.0,hypothetical scenario
uniform,0.728,0.025,316912.0,7925000.0,5769400.0,7922.8,13722.692138206701,230688.0,False,7925000.0,25.0,1.0,0.0,hypothetical scenario
uniform,0.73,0.025,316912.0,7925000.0,5785250.0,7922.8,13722.692138206701,231322.0,False,7925000.0,25.0,1.0,0.0,hypothetical scenario
uniform,0.732,0.025,316912.0,7925000.0,5801100.0,7922.8,13722.692138206701,231956.0,False,7925000.0,25.0,1.0,0.0,hypothetical scenario
uniform,0.734,0.025,316912.0,7925000.0,5816950.0,7922.8,13722.692138206701,232590.0,False,7925000.0,25.0,1.0,0.0,hypothetical scenario
uniform,0.736,0.025,316912.0,7925000.0,5832800.0,7922.8,13722.692138206701,233224.0,False,7925000.0,25.0,1.0,0.0,hypothetical scenario
uniform,0.738,0.025,316912.0,7925000.0,5848650.0,7922.8,13722.692138206701,233858.0,False,7925000.0,25.0,1.0,0.0,hypothetical scenario
uniform,0.74,0.025,316912.0,7925000.0,5864500.0,7922.8,13722.692138206701,234492.0,False,7925000.0,25.0,1.0,0.0,hypothetical scenario
uniform,0.742,0.025,316912.0,7925000.0,5880350.0,7922.8,13722.692138206701,235126.0,False,7925000.0,25.0,1.0,0.0,hypothetical scenario
uniform,0.744,0.025,316912.0,7925000.0,5896200.0,7922.8,13722.692138206701,235760.0,False,7925000.0,25.0,1.0,0.0,hypothetical scenario
uniform,0.746,0.025,316912.0,7925000.0,5912050.0,7922.8,13722.692138206701,236394.0,False,7925000.0,25.0,1.0,0.0,hypothetical scenario
uniform,0.748,0.025,316912.0,7925000.0,5927900.0,7922.8,13722.692138206701,237028.0,False,7925000.0,25.0,1.0,0.0,hypothetical scenario
uniform,0.75,0.025,316912.0,7925000.0,5943750.0,7922.8,13722.692138206701,237662.0,False,7925000.0,25.0,1.0,0.0,hypothetical scenario
uniform,0.752,0.025,316912.0,7925000.0,5959600.0,7922.8,13722.692138206701,238296.0,False,7925000.0,25.0,1.0,0.0,hypothetical scenario
uniform,0.754,0.025,316912.0,7925000.0,5975450.0,7922.8,13722.692138206701,238930.0,False,7925000.0,25.0,1.0,0.0,hypothetical scenario
uniform,0.756,0.025,316912.0,7925000.0,5991300.0,7922.8,13722.692138206701,239564.0,False,7925000.0,25.0,1.0,0.0,hypothetical scenario
uniform,0.758,0.025,316912.0,7925000.0,6007150.0,7922.8,13722.692138206701,240198.0,False,7925000.0,25.0,1.0,0.0,hypothetical scenario
uniform,0.76,0.025,316912.0,7925000.0,6023000.0,7922.8,13722.692138206701,240832.0,False,7925000.0,25.0,1.0,0.0,hypothetical scenario
uniform,0.762,0.025,316912.0,7925000.0,6038850.0,7922.8,13722.692138206701,241466.0,False,7925000.0,25.0,1.0,0.0,hypothetical scenario
uniform,0.764,0.025,316912.0,7925000.0,6054700.0,7922.8,13722.692138206701,242100.0,False,7925000.0,25.0,1.0,0.0,hypothetical scenario
uniform,0.766,0.025,316912.0,7925000.0,6070550.0,7922.8,13722.692138206701,242734.0,False,7925000.0,25.0,1.0,0.0,hypothetical scenario
uniform,0.768,0.025,316912.0,7925000.0,6086400.0,7922.8,13722.692138206701,243368.0,False,7925000.0,25.0,1.0,0.0,hypothetical scenario
uniform,0.77,0.025,316912.0,7925000.0,6102250.0,7922.8,13722.692138206701,244002.0,False,7925000.0,25.0,1.0,0.0,hypothetical scenario
uniform,0.772,0.025,316912.0,7925000.0,6118100.0,7922.8,13722.692138206701,244636.0,False,7925000.0,25.0,1.0,0.0,hypothetical scenario
uniform,0.774,0.025,316912.0,7925000.0,6133950.0,7922.8,13722.692138206701,245270.0,False,7925000.0,25.0,1.0,0.0,hypothetical scenario
uniform,0.776,0.025,316912.0,7925000.0,6149800.0,7922.8,13722.692138206701,245904.0,False,7925000.0,25.0,1.0,0.0,hypothetical scenario
uniform,0.778,0.025,316912.0,7925000.0,6165650.0,7922.8,13722.692138206701,246538.0,False,7925000.0,25.0,1.0,0.0,hypothetical scenario
uniform,0.78,0.025,316912.0,7925000.0,6181500.0,7922.8,13722.692138206701,247172.0,False,7925000.0,25.0,1.0,0.0,hypothetical scenario
uniform,0.782,0.025,316912.0,7925000.0,6197350.0,7922.8,13722.692138206701,247806.0,False,7925000.0,25.0,1.0,0.0,hypothetical scenario
uniform,0.784,0.025,316912.0,7925000.0,6213200.0,7922.8,13722.692138206701,248440.0,False,7925000.0,25.0,1.0,0.0,hypothetical scenario
uniform,0.786,0.025,316912.0,7925000.0,6229050.0,7922.8,13722.692138206701,249074.0,False,7925000.0,25.0,1.0,0.0,hypothetical scenario
uniform,0.788,0.025,316912.0,7925000.0,6244900.0,7922.8,13722.692138206701,249708.0,False,7925000.0,25.0,1.0,0.0,hypothetical scenario
uniform,0.79,0.025,316912.0,7925000.0,6260750.0,7922.8,13722.692138206701,250342.0,False,7925000.0,25.0,1.0,0.0,hypothetical scenario
uniform,0.792,0.025,316912.0,7925000.0,6276600.0,7922.8,13722.692138206701,250976.0,False,7925000.0,25.0,1.0,0.0,hypothetical scenario
uniform,0.794,0.025,316912.0,7925000.0,6292450.0,7922.8,13722.692138206701,251610.0,False,7925000.0,25.0,1.0,0.0,hypothetical scenario
uniform,0.796,0.025,316912.0,7925000.0,6308300.0,7922.8,13722.692138206701,252244.0,False,7925000.0,25.0,1.0,0.0,hypothetical scenario
uniform,0.798,0.025,316912.0,7925000.0,6324150.0,7922.8,13722.692138206701,252878.0,False,7925000.0,25.0,1.0,0.0,hypothetical scenario
uniform,0.8,0.025,316912.0,7925000.0,6340000.0,7922.8,13722.692138206701,253512.0,False,7925000.0,25.0,1.0,0.0,hypothetical scenario
uniform,0.802,0.025,316912.0,7925000.0,6355850.0,7922.8,13722.692138206701,254146.0,False,7925000.0,25.0,1.0,0.0,hypothetical scenario
uniform,0.804,0.025,316912.0,7925000.0,6371700.0,7922.8,13722.692138206701,254780.0,False,7925000.0,25.0,1.0,0.0,hypothetical scenario
uniform,0.806,0.025,316912.0,7925000.0,6387550.0,7922.8,13722.692138206701,255414.0,False,7925000.0,25.0,1.0,0.0,hypothetical scenario
uniform,0.808,0.025,316912.0,7925000.0,6403400.0,7922.8,13722.692138206701,256048.0,False,7925000.0,25.0,1.0,0.0,hypothetical scenario
uniform,0.81,0.025,316912.0,7925000.0,6419250.0,7922.8,13722.692138206701,256682.0,False,7925000.0,25.0,1.0,0.0,hypothetical scenario
uniform,0.812,0.025,316912.0,7925000.0,6435100.0,7922.8,13722.692138206701,257316.0,False,7925000.0,25.0,1.0,0.0,hypothetical scenario
uniform,0.8140000000000001,0.025,316912.0,7925000.0,6450950.0,7922.8,13722.692138206701,257950.0,False,7925000.0,25.0,1.0,0.0,hypothetical scenario
uniform,0.8160000000000001,0.025,316912.0,7925000.0,6466800.0,7922.8,13722.692138206701,258584.0,False,7925000.0,25.0,1.0,0.0,hypothetical scenario
uniform,0.8180000000000001,0.025,316912.0,7925000.0,6482650.000000001,7922.8,13722.692138206701,259218.00000000003,False,7925000.0,25.0,1.0,0.0,hypothetical scenario
uniform,0.8200000000000001,0.025,316912.0,7925000.0,6498500.000000001,7922.8,13722.692138206701,259852.00000000003,False,7925000.0,25.0,1.0,0.0,hypothetical scenario
uniform,0.8220000000000001,0.025,316912.0,7925000.0,6514350.000000001,7922.8,13722.692138206701,260486.00000000003,False,7925000.0,25.0,1.0,0.0,hypothetical scenario
uniform,0.8240000000000001,0.025,316912.0,7925000.0,6530200.000000001,7922.8,13722.692138206701,261120.00000000003,False,7925000.0,25.0,1.0,0.0,hypothetical scenario
uniform,0.8260000000000001,0.025,316912.0,7925000.0,6546050.000000001,7922.8,13722.692138206701,261754.00000000003,False,7925000.0,25.0,1.0,0.0,hypothetical scenario
uniform,0.8280000000000001,0.025,316912.0,7925000.0,6561900.000000001,7922.8,13722.692138206701,262388.00000000006,False,7925000.0,25.0,1.0,0.0,hypothetical scenario
uniform,0.8300000000000001,0.025,316912.0,7925000.0,6577750.000000001,7922.8,13722.692138206701,263022.00000000006,False,7925000.0,25.0,1.0,0.0,hypothetical scenario
uniform,0.8320000000000001,0.025,316912.0,7925000.0,6593600.000000001,7922.8,13722.692138206701,263656.00000000006,False,7925000.0,25.0,1.0,0.0,hypothetical scenario
uniform,0.834,0.025,316912.0,7925000.0,6609450.0,7922.8,13722.692138206701,264290.0,False,7925000.0,25.0,1.0,0.0,hypothetical scenario
uniform,0.836,0.025,316912.0,7925000.0,6625300.0,7922.8,13722.692138206701,264924.0,False,7925000.0,25.0,1.0,0.0,hypothetical scenario
uniform,0.838,0.025,316912.0,7925000.0,6641150.0,7922.8,13722.692138206701,265558.0,False,7925000.0,25.0,1.0,0.0,hypothetical scenario
uniform,0.84,0.025,316912.0,7925000.0,6657000.0,7922.8,13722.692138206701,266192.0,False,7925000.0,25.0,1.0,0.0,hypothetical scenario
uniform,0.842,0.025,316912.0,7925000.0,6672850.0,7922.8,13722.692138206701,266826.0,False,7925000.0,25.0,1.0,0.0,hypothetical scenario
uniform,0.844,0.025,316912.0,7925000.0,6688700.0,7922.8,13722.692138206701,267460.0,False,7925000.0,25.0,1.0,0.0,hypothetical scenario
uniform,0.846,0.025,316912.0,7925000.0,6704550.0,7922.8,13722.692138206701,268094.0,False,7925000.0,25.0,1.0,0.0,hypothetical scenario
uniform,0.848,0.025,316912.0,7925000.0,6720400.0,7922.8,13722.692138206701,268728.0,False,7925000.0,25.0,1.0,0.0,hypothetical scenario
uniform,0.85,0.025,316912.0,7925000.0,6736250.0,7922.8,13722.692138206701,269362.0,False,7925000.0,25.0,1.0,0.0,hypothetical scenario
uniform,0.852,0.025,316912.0,7925000.0,6752100.0,7922.8,13722.692138206701,269996.0,False,7925000.0,25.0,1.0,0.0,hypothetical scenario
uniform,0.854,0.025,316912.0,7925000.0,6767950.0,7922.8,13722.692138206701,270630.0,False,7925000.0,25.0,1.0,0.0,hypothetical scenario
uniform,0.856,0.025,316912.0,7925000.0,6783800.0,7922.8,13722.692138206701,271264.0,False,7925000.0,25.0,1.0,0.0,hypothetical scenario
uniform,0.858,0.025,316912.0,7925000.0,6799650.0,7922.8,13722.692138206701,271898.0,False,7925000.0,25.0,1.0,0.0,hypothetical scenario
uniform,0.86,0.025,316912.0,7925000.0,6815500.0,7922.8,13722.692138206701,272532.0,False,7925000.0,25.0,1.0,0.0,hypothetical scenario
uniform,0.862,0.025,316912.0,7925000.0,6831350.0,7922.8,13722.692138206701,273166.0,False,7925000.0,25.0,1.0,0.0,hypothetical scenario
uniform,0.864,0.025,316912.0,7925000.0,6847200.0,7922.8,13722.692138206701,273800.0,False,7925000.0,25.0,1.0,0.0,hypothetical scenario
uniform,0.866,0.025,316912.0,7925000.0,6863050.0,7922.8,13722.692138206701,274434.0,False,7925000.0,25.0,1.0,0.0,hypothetical scenario
uniform,0.868,0.025,316912.0,7925000.0,6878900.0,7922.8,13722.692138206701,275068.0,False,7925000.0,25.0,1.0,0.0,hypothetical scenario
uniform,0.87,0.025,316912.0,7925000.0,6894750.0,7922.8,13722.692138206701,275702.0,False,7925000.0,25.0,1.0,0.0,hypothetical scenario
uniform,0.872,0.025,316912.0,7925000.0,6910600.0,7922.8,13722.692138206701,276336.0,False,7925000.0,25.0,1.0,0.0,hypothetical scenario
uniform,0.874,0.025,316912.0,7925000.0,6926450.0,7922.8,13722.692138206701,276970.0,False,7925000.0,25.0,1.0,0.0,hypothetical scenario
uniform,0.876,0.025,316912.0,7925000.0,6942300.0,7922.8,13722.692138206701,277604.0,False,7925000.0,25.0,1.0,0.0,hypothetical scenario
uniform,0.878,0.025,316912.0,7925000.0,6958150.0,7922.8,13722.692138206701,278238.0,False,7925000.0,25.0,1.0,0.0,hypothetical scenario
uniform,0.88,0.025,316912.0,7925000.0,6974000.0,7922.8,13722.692138206701,278872.0,False,7925000.0,25.0,1.0,0.0,hypothetical scenario
uniform,0.882,0.025,316912.0,7925000.0,6989850.0,7922.8,13722.692138206701,279506.0,False,7925000.0,25.0,1.0,0.0,hypothetical scenario
uniform,0.884,0.025,316912.0,7925000.0,7005700.0,7922.8,13722.692138206701,280140.0,False,7925000.0,25.0,1.0,0.0,hypothetical scenario
uniform,0.886,0.025,316912.0,7925000.0,7021550.0,7922.8,13722.692138206701,280774.0,False,7925000.0,25.0,1.0,0.0,hypothetical scenario
uniform,0.888,0.025,316912.0,7925000.0,7037400.0,7922.8,13722.692138206701,281408.0,False,7925000.0,25.0,1.0,0.0,hypothetical scenario
uniform,0.89,0.025,316912.0,7925000.0,7053250.0,7922.8,13722.692138206701,282042.0,False,7925000.0,25.0,1.0,0.0,hypothetical scenario
uniform,0.892,0.025,316912.0,7925000.0,7069100.0,7922.8,13722.692138206701,282676.0,False,7925000.0,25.0,1.0,0.0,hypothetical scenario
uniform,0.894,0.025,316912.0,7925000.0,7084950.0,7922.8,13722.692138206701,283310.0,False,7925000.0,25.0,1.0,0.0,hypothetical scenario
uniform,0.896,0.025,316912.0,7925000.0,7100800.0,7922.8,13722.692138206701,283944.0,False,7925000.0,25.0,1.0,0.0,hypothetical scenario
uniform,0.898,0.025,316912.0,7925000.0,7116650.0,7922.8,13722.692138206701,284578.0,False,7925000.0,25.0,1.0,0.0,hypothetical scenario
uniform,0.9,0.025,316912.0,7925000.0,7132500.0,7922.8,13722.692138206701,285212.0,False,7925000.0,25.0,1.0,0.0,hypothetical scenario
uniform,0.902,0.025,316912.0,7925000.0,7148350.0,7922.8,13722.692138206701,285846.0,False,7925000.0,25.0,1.0,0.0,hypothetical scenario
uniform,0.904,0.025,316912.0,7925000.0,7164200.0,7922.8,13722.692138206701,286480.0,False,7925000.0,25.0,1.0,0.0,hypothetical scenario
uniform,0.906,0.025,316912.0,7925000.0,7180050.0,7922.8,13722.692138206701,287114.0,False,7925000.0,25.0,1.0,0.0,hypothetical scenario
uniform,0.908,0.025,316912.0,7925000.0,7195900.0,7922.8,13722.692138206701,287748.0,False,7925000.0,25.0,1.0,0.0,hypothetical scenario
uniform,0.91,0.025,316912.0,7925000.0,7211750.0,7922.8,13722.692138206701,288382.0,False,7925000.0,25.0,1.0,0.0,hypothetical scenario
uniform,0.912,0.025,316912.0,7925000.0,7227600.0,7922.8,13722.692138206701,289016.0,False,7925000.0,25.0,1.0,0.0,hypothetical scenario
uniform,0.914,0.025,316912.0,7925000.0,7243450.0,7922.8,13722.692138206701,289650.0,False,7925000.0,25.0,1.0,0.0,hypothetical scenario
uniform,0.916,0.025,316912.0,7925000.0,7259300.0,7922.8,13722.692138206701,290284.0,False,7925000.0,25.0,1.0,0.0,hypothetical scenario
uniform,0.918,0.025,316912.0,7925000.0,7275150.0,7922.8,13722.692138206701,290918.0,False,7925000.0,25.0,1.0,0.0,hypothetical scenario
uniform,0.92,0.025,316912.0,7925000.0,7291000.0,7922.8,13722.692138206701,291552.0,False,7925000.0,25.0,1.0,0.0,hypothetical scenario
uniform,0.922,0.025,316912.0,7925000.0,7306850.0,7922.8,13722.692138206701,292186.0,False,7925000.0,25.0,1.0,0.0,hypothetical scenario
uniform,0.924,0.025,316912.0,7925000.0,7322700.0,7922.8,13722.692138206701,292820.0,False,7925000.0,25.0,1.0,0.0,hypothetical scenario
uniform,0.926,0.025,316912.0,7925000.0,7338550.0,7922.8,13722.692138206701,293454.0,False,7925000.0,25.0,1.0,0.0,hypothetical scenario
uniform,0.928,0.025,316912.0,7925000.0,7354400.0,7922.8,13722.692138206701,294088.0,False,7925000.0,25.0,1.0,0.0,hypothetical scenario
uniform,0.93,0.025,316912.0,7925000.0,7370250.0,7922.8,13722.692138206701,294722.0,False,7925000.0,25.0,1.0,0.0,hypothetical scenario
uniform,0.932,0.025,316912.0,7925000.0,7386100.0,7922.8,13722.692138206701,295356.0,False,7925000.0,25.0,1.0,0.0,hypothetical scenario
uniform,0.934,0.025,316912.0,7925000.0,7401950.0,7922.8,13722.692138206701,295990.0,False,7925000.0,25.0,1.0,0.0,hypothetical scenario
uniform,0.936,0.025,316912.0,7925000.0,7417800.0,7922.8,13722.692138206701,296624.0,False,7925000.0,25.0,1.0,0.0,hypothetical scenario
uniform,0.9380000000000001,0.025,316912.0,7925000.0,7433650.0,7922.8,13722.692138206701,297258.0,False,7925000.0,25.0,1.0,0.0,hypothetical scenario
uniform,0.9400000000000001,0.025,316912.0,7925000.0,7449500.0,7922.8,13722.692138206701,297892.0,False,7925000.0,25.0,1.0,0.0,hypothetical scenario
uniform,0.9420000000000001,0.025,316912.0,7925000.0,7465350.000000001,7922.8,13722.692138206701,298526.00000000006,False,7924999.999999999,25.0,1.0,0.0,hypothetical scenario
uniform,0.9440000000000001,0.025,316912.0,7925000.0,7481200.000000001,7922.8,13722.692138206701,299160.00000000006,False,7924999.999999999,25.0,1.0,0.0,hypothetical scenario
uniform,0.9460000000000001,0.025,316912.0,7925000.0,7497050.000000001,7922.8,13722.692138206701,299794.00000000006,False,7924999.999999999,25.0,1.0,0.0,hypothetical scenario
uniform,0.9480000000000001,0.025,316912.0,7925000.0,7512900.000000001,7922.8,13722.692138206701,300428.00000000006,False,7924999.999999999,25.0,1.0,0.0,hypothetical scenario
uniform,0.9500000000000001,0.025,316912.0,7925000.0,7528750.000000001,7922.8,13722.692138206701,301062.00000000006,False,7924999.999999999,25.0,1.0,0.0,hypothetical scenario
uniform,0.9520000000000001,0.025,316912.0,7925000.0,7544600.000000001,7922.8,13722.692138206701,301696.00000000006,False,7924999.999999999,25.0,1.0,0.0,hypothetical scenario
uniform,0.9540000000000001,0.025,316912.0,7925000.0,7560450.000000001,7922.8,13722.692138206701,302330.00000000006,False,7924999.999999999,25.0,1.0,0.0,hypothetical scenario
uniform,0.9560000000000001,0.025,316912.0,7925000.0,7576300.000000001,7922.8,13722.692138206701,302964.00000000006,False,7924999.999999999,25.0,1.0,0.0,hypothetical scenario
uniform,0.9580000000000001,0.025,316912.0,7925000.0,7592150.000000001,7922.8,13722.692138206701,303601.08911322436,False,7925000.0,24.624908466134173,0.984996338645367,0.0,hypothetical scenario
uniform,0.96,0.025,316912.0,7925000.0,7608000.0,7922.8,13722.692138206701,304252.5969740647,False,7925000.0,24.03144996845132,0.9612579987380527,0.0,hypothetical scenario
uniform,0.962,0.025,316912.0,7925000.0,7623850.0,7922.8,13722.692138206701,304920.60654319957,False,7925000.0,23.422960065006112,0.9369184026002445,0.0,hypothetical scenario
uniform,0.964,0.025,316912.0,7925000.0,7639700.0,7922.8,13722.692138206701,305606.4390884059,False,7925000.000000001,22.79823521300635,0.9119294085202541,0.0,hypothetical scenario
uniform,0.966,0.025,316912.0,7925000.0,7655550.0,7922.8,13722.692138206701,306311.60221397283,False,7925000.0,22.155902135734664,0.8862360854293866,0.0,hypothetical scenario
uniform,0.968,0.025,316912.0,7925000.0,7671400.0,7922.8,13722.692138206701,307037.8288678507,False,7925000.0,21.494382290936937,0.8597752916374775,0.0,hypothetical scenario
uniform,0.97,0.025,316912.0,7925000.0,7687250.0,7922.8,13722.692138206701,307787.12752100115,False,7925000.0,20.811846162453584,0.8324738464981434,0.0,hypothetical scenario
uniform,0.972,0.025,316912.0,7925000.0,7703100.0,7922.8,13722.692138206701,308561.84769815113,False,7925000.0,20.106153568256808,0.8042461427302723,0.0,hypothetical scenario
uniform,0.974,0.025,316912.0,7925000.0,7718950.0,7922.8,13722.692138206701,309364.76702286134,False,7925000.0,19.37477437109957,0.7749909748439827,0.0,hypothetical scenario
uniform,0.976,0.025,316912.0,7925000.0,7734800.0,7922.8,13722.692138206701,310199.2090964505,False,7925000.0,18.614681102605736,0.7445872441042295,0.0,hypothetical scenario
uniform,0.978,0.025,316912.0,7925000.0,7750650.0,7922.8,13722.692138206701,311069.2067139343,False,7925000.0,17.8222002898744,0.712888011594976,0.0,hypothetical scenario
uniform,0.98,0.025,316912.0,7925000.0,7766500.0,7922.8,13722.692138206701,311979.73374573304,False,7925000.0,16.992801234437195,0.6797120493774877,0.0,hypothetical scenario
uniform,0.982,0.025,316912.0,7925000.0,7782350.0,7922.8,13722.692138206701,312937.0446854397,False,7925000.0,16.12078671820273,0.6448314687281091,0.0,hypothetical scenario
uniform,0.984,0.025,316912.0,7925000.0,7798200.0,7922.8,13722.692138206701,313949.1901050062,False,7925000.0,15.19882347533753,0.6079529390135012,0.0,hypothetical scenario
uniform,0.986,0.025,316912.0,7925000.0,7814050.0,7922.8,13722.692138206701,315026.8341545676,False,7925000.0,14.217197531692486,0.5686879012676994,0.0,hypothetical scenario
uniform,0.988,0.025,316912.0,7925000.0,7829900.0,7922.8,13722.692138206701,316184.62350255816,False,7925000.0,13.162567237277608,0.5265026894911043,0.0,hypothetical scenario
uniform,0.99,0.025,316912.0,7925000.0,7845750.0,7922.8,13722.692138206701,317443.6445561357,False,7925000.0,12.01572498422566,0.48062899936902637,0.0,hypothetical scenario
uniform,0.992,0.025,316912.0,7925000.0,7861600.0,7922.8,13722.692138206701,318836.2605030287,False,7925000.0,10.747191145468468,0.42988764581873873,0.0,hypothetical scenario
uniform,0.994,0.025,316912.0,7925000.0,7877450.0,7922.8,13722.692138206701,320416.9506173286,False,7925000.0,9.307340551302868,0.37229362205211475,0.0,hypothetical scenario
uniform,0.996,0.025,316912.0,7925000.0,7893300.0,7922.8,13722.692138206701,322291.94112160645,False,7925000.0,7.599411737668765,0.3039764695067506,0.0,hypothetical scenario
uniform,0.998,0.025,316912.0,7925000.0,7909150.0,7922.8,13722.692138206701,324735.47632061766,False,7925000.0,5.373595572734261,0.21494382290937042,0.0,hypothetical scenario
uniform,1.0,0.025,316912.0,7925000.0,7925000.0,7922.8,13722.692138206701,,True,7925000.0,0.0,0.0,0.0,hypothetical scenario
uniform,0.0,0.05,316912.0,7925000.0,0.0,15845.6,27445.384276413402,-88.0,False,7925000.0,25.0,1.0,0.0,hypothetical scenario
uniform,0.002,0.05,316912.0,7925000.0,15850.0,15845.6,27445.384276413402,546.0,False,7925000.0,25.0,1.0,0.0,hypothetical scenario
uniform,0.004,0.05,316912.0,7925000.0,31700.0,15845.6,27445.384276413402,1180.0,False,7925000.0,25.0,1.0,0.0,hypothetical scenario
uniform,0.006,0.05,316912.0,7925000.0,47550.0,15845.6,27445.384276413402,1814.0,False,7925000.0,25.0,1.0,0.0,hypothetical scenario
uniform,0.008,0.05,316912.0,7925000.0,63400.0,15845.6,27445.384276413402,2448.0,False,7925000.0,25.0,1.0,0.0,hypothetical scenario
uniform,0.01,0.05,316912.0,7925000.0,79250.0,15845.6,27445.384276413402,3082.0,False,7925000.0,25.0,1.0,0.0,hypothetical scenario
uniform,0.012,0.05,316912.0,7925000.0,95100.0,15845.6,27445.384276413402,3716.0,False,7925000.0,25.0,1.0,0.0,hypothetical scenario
uniform,0.014,0.05,316912.0,7925000.0,110950.0,15845.6,27445.384276413402,4350.0,False,7925000.0,25.0,1.0,0.0,hypothetical scenario
uniform,0.016,0.05,316912.0,7925000.0,126800.0,15845.6,27445.384276413402,4984.0,False,7925000.0,25.0,1.0,0.0,hypothetical scenario
uniform,0.018000000000000002,0.05,316912.0,7925000.0,142650.00000000003,15845.6,27445.384276413402,5618.0,False,7925000.0,25.0,1.0,0.0,hypothetical scenario
uniform,0.02,0.05,316912.0,7925000.0,158500.0,15845.6,27445.384276413402,6252.0,False,7925000.0,25.0,1.0,0.0,hypothetical scenario
uniform,0.022,0.05,316912.0,7925000.0,174350.0,15845.6,27445.384276413402,6886.0,False,7925000.0,25.0,1.0,0.0,hypothetical scenario
uniform,0.024,0.05,316912.0,7925000.0,190200.0,15845.6,27445.384276413402,7520.0,False,7925000.0,25.0,1.0,0.0,hypothetical scenario
uniform,0.026000000000000002,0.05,316912.0,7925000.0,206050.00000000003,15845.6,27445.384276413402,8154.0,False,7925000.0,25.0,1.0,0.0,hypothetical scenario
uniform,0.028,0.05,316912.0,7925000.0,221900.0,15845.6,27445.384276413402,8788.0,False,7925000.0,25.0,1.0,0.0,hypothetical scenario
uniform,0.03,0.05,316912.0,7925000.0,237750.0,15845.6,27445.384276413402,9422.0,False,7925000.0,25.0,1.0,0.0,hypothetical scenario
uniform,0.032,0.05,316912.0,7925000.0,253600.0,15845.6,27445.384276413402,10056.0,False,7925000.0,25.0,1.0,0.0,hypothetical scenario
uniform,0.034,0.05,316912.0,7925000.0,269450.0,15845.6,27445.384276413402,10690.0,False,7925000.0,25.0,1.0,0.0,hypothetical scenario
uniform,0.036000000000000004,0.05,316912.0,7925000.0,285300.00000000006,15845.6,27445.384276413402,11324.0,False,7925000.0,25.0,1.0,0.0,hypothetical scenario
uniform,0.038,0.05,316912.0,7925000.0,301150.0,15845.6,27445.384276413402,11958.0,False,7925000.0,25.0,1.0,0.0,hypothetical scenario
uniform,0.04,0.05,316912.0,7925000.0,317000.0,15845.6,27445.384276413402,12592.0,False,7925000.0,25.0,1.0,0.0,hypothetical scenario
uniform,0.042,0.05,316912.0,7925000.0,332850.0,15845.6,27445.384276413402,13226.0,False,7925000.0,25.0,1.0,0.0,hypothetical scenario
uniform,0.044,0.05,316912.0,7925000.0,348700.0,15845.6,27445.384276413402,13860.0,False,7925000.0,25.0,1.0,0.0,hypothetical scenario
uniform,0.046,0.05,316912.0,7925000.0,364550.0,15845.6,27445.384276413402,14494.0,False,7925000.0,25.0,1.0,0.0,hypothetical scenario
uniform,0.048,0.05,316912.0,7925000.0,380400.0,15845.6,27445.384276413402,15128.0,False,7925000.0,25.0,1.0,0.0,hypothetical scenario
uniform,0.05,0.05,316912.0,7925000.0,396250.0,15845.6,27445.384276413402,15762.0,False,7925000.0,25.0,1.0,0.0,hypothetical scenario
uniform,0.052000000000000005,0.05,316912.0,7925000.0,412100.00000000006,15845.6,27445.384276413402,16396.0,False,7925000.0,25.0,1.0,0.0,hypothetical scenario
uniform,0.054,0.05,316912.0,7925000.0,427950.0,15845.6,27445.384276413402,17030.0,False,7925000.0,25.0,1.0,0.0,hypothetical scenario
uniform,0.056,0.05,316912.0,7925000.0,443800.0,15845.6,27445.384276413402,17664.0,False,7925000.0,25.0,1.0,0.0,hypothetical scenario
uniform,0.058,0.05,316912.0,7925000.0,459650.0,15845.6,27445.384276413402,18298.0,False,7925000.0,25.0,1.0,0.0,hypothetical scenario
uniform,0.06,0.05,316912.0,7925000.0,475500.0,15845.6,27445.384276413402,18932.0,False,7925000.0,25.0,1.0,0.0,hypothetical scenario
uniform,0.062,0.05,316912.0,7925000.0,491350.0,15845.6,27445.384276413402,19566.0,False,7925000.0,25.0,1.0,0.0,hypothetical scenario
uniform,0.064,0.05,316912.0,7925000.0,507200.0,15845.6,27445.384276413402,20200.0,False,7925000.0,25.0,1.0,0.0,hypothetical scenario
uniform,0.066,0.05,316912.0,7925000.0,523050.0,15845.6,27445.384276413402,20834.0,False,7925000.0,25.0,1.0,0.0,hypothetical scenario
uniform,0.068,0.05,316912.0,7925000.0,538900.0,15845.6,27445.384276413402,21468.0,False,7925000.0,25.0,1.0,0.0,hypothetical scenario
uniform,0.07,0.05,316912.0,7925000.0,554750.0,15845.6,27445.384276413402,22102.0,False,7925000.0,25.0,1.0,0.0,hypothetical scenario
uniform,0.07200000000000001,0.05,316912.0,7925000.0,570600.0000000001,15845.6,27445.384276413402,22736.0,False,7925000.0,25.0,1.0,0.0,hypothetical scenario
uniform,0.074,0.05,316912.0,7925000.0,586450.0,15845.6,27445.384276413402,23370.0,False,7925000.0,25.0,1.0,0.0,hypothetical scenario
uniform,0.076,0.05,316912.0,7925000.0,602300.0,15845.6,27445.384276413402,24004.0,False,7925000.0,25.0,1.0,0.0,hypothetical scenario
uniform,0.078,0.05,316912.0,7925000.0,618150.0,15845.6,27445.384276413402,24638.0,False,7925000.0,25.0,1.0,0.0,hypothetical scenario
uniform,0.08,0.05,316912.0,7925000.0,634000.0,15845.6,27445.384276413402,25272.0,False,7925000.0,25.0,1.0,0.0,hypothetical scenario
uniform,0.082,0.05,316912.0,7925000.0,649850.0,15845.6,27445.384276413402,25906.0,False,7925000.0,25.0,1.0,0.0,hypothetical scenario
uniform,0.084,0.05,316912.0,7925000.0,665700.0,15845.6,27445.384276413402,26540.0,False,7925000.0,25.0,1.0,0.0,hypothetical scenario
uniform,0.08600000000000001,0.05,316912.0,7925000.0,681550.0,15845.6,27445.384276413402,27174.0,False,7925000.0,25.0,1.0,0.0,hypothetical scenario
uniform,0.088,0.05,316912.0,7925000.0,697400.0,15845.6,27445.384276413402,27808.0,False,7925000.0,25.0,1.0,0.0,hypothetical scenario
uniform,0.09,0.05,316912.0,7925000.0,713250.0,15845.6,27445.384276413402,28442.0,False,7925000.0,25.0,1.0,0.0,hypothetical scenario
uniform,0.092,0.05,316912.0,7925000.0,729100.0,15845.6,27445.384276413402,29076.0,False,7925000.0,25.0,1.0,0.0,hypothetical scenario
uniform,0.094,0.05,316912.0,7925000.0,744950.0,15845.6,27445.384276413402,29710.0,False,7925000.0,25.0,1.0,0.0,hypothetical scenario
uniform,0.096,0.05,316912.0,7925000.0,760800.0,15845.6,27445.384276413402,30344.0,False,7925000.0,25.0,1.0,0.0,hypothetical scenario
uniform,0.098,0.05,316912.0,7925000.0,776650.0,15845.6,27445.384276413402,30978.0,False,7925000.0,25.0,1.0,0.0,hypothetical scenario
uniform,0.1,0.05,316912.0,7925000.0,792500.0,15845.6,27445.384276413402,31612.0,False,7925000.0,25.0,1.0,0.0,hypothetical scenario
uniform,0.10200000000000001,0.05,316912.0,7925000.0,808350.0,15845.6,27445.384276413402,32246.0,False,7925000.0,25.0,1.0,0.0,hypothetical scenario
uniform,0.10400000000000001,0.05,316912.0,7925000.0,824200.0000000001,15845.6,27445.384276413402,32880.0,False,7925000.0,25.0,1.0,0.0,hypothetical scenario
uniform,0.106,0.05,316912.0,7925000.0,840050.0,15845.6,27445.384276413402,33514.0,False,7925000.0,25.0,1.0,0.0,hypothetical scenario
uniform,0.108,0.05,316912.0,7925000.0,855900.0,15845.6,27445.384276413402,34148.0,False,7925000.0,25.0,1.0,0.0,hypothetical scenario
uniform,0.11,0.05,316912.0,7925000.0,871750.0,15845.6,27445.384276413402,34782.0,False,7925000.0,25.0,1.0,0.0,hypothetical scenario
uniform,0.112,0.05,316912.0,7925000.0,887600.0,15845.6,27445.384276413402,35416.0,False,7925000.0,25.0,1.0,0.0,hypothetical scenario
uniform,0.114,0.05,316912.0,7925000.0,903450.0,15845.6,27445.384276413402,36050.0,False,7925000.0,25.0,1.0,0.0,hypothetical scenario
uniform,0.116,0.05,316912.0,7925000.0,919300.0,15845.6,27445.384276413402,36684.0,False,7925000.0,25.0,1.0,0.0,hypothetical scenario
uniform,0.11800000000000001,0.05,316912.0,7925000.0,935150.0000000001,15845.6,27445.384276413402,37318.0,False,7925000.0,25.0,1.0,0.0,hypothetical scenario
uniform,0.12,0.05,316912.0,7925000.0,951000.0,15845.6,27445.384276413402,37952.0,False,7925000.0,25.0,1.0,0.0,hypothetical scenario
uniform,0.122,0.05,316912.0,7925000.0,966850.0,15845.6,27445.384276413402,38586.0,False,7925000.0,25.0,1.0,0.0,hypothetical scenario
uniform,0.124,0.05,316912.0,7925000.0,982700.0,15845.6,27445.384276413402,39220.0,False,7925000.0,25.0,1.0,0.0,hypothetical scenario
uniform,0.126,0.05,316912.0,7925000.0,998550.0,15845.6,27445.384276413402,39854.0,False,7925000.0,25.0,1.0,0.0,hypothetical scenario
uniform,0.128,0.05,316912.0,7925000.0,1014400.0,15845.6,27445.384276413402,40488.0,False,7925000.0,25.0,1.0,0.0,hypothetical scenario
uniform,0.13,0.05,316912.0,7925000.0,1030250.0,15845.6,27445.384276413402,41122.0,False,7925000.0,25.0,1.0,0.0,hypothetical scenario
uniform,0.132,0.05,316912.0,7925000.0,1046100.0,15845.6,27445.384276413402,41756.0,False,7925000.0,25.0,1.0,0.0,hypothetical scenario
uniform,0.134,0.05,316912.0,7925000.0,1061950.0,15845.6,27445.384276413402,42390.0,False,7925000.0,25.0,1.0,0.0,hypothetical scenario
uniform,0.136,0.05,316912.0,7925000.0,1077800.0,15845.6,27445.384276413402,43024.0,False,7925000.0,25.0,1.0,0.0,hypothetical scenario
uniform,0.138,0.05,316912.0,7925000.0,1093650.0,15845.6,27445.384276413402,43658.0,False,7925000.0,25.0,1.0,0.0,hypothetical scenario
uniform,0.14,0.05,316912.0,7925000.0,1109500.0,15845.6,27445.384276413402,44292.0,False,7925000.0,25.0,1.0,0.0,hypothetical scenario
uniform,0.14200000000000002,0.05,316912.0,7925000.0,1125350.0000000002,15845.6,27445.384276413402,44926.0,False,7925000.0,25.0,1.0,0.0,hypothetical scenario
uniform,0.14400000000000002,0.05,316912.0,7925000.0,1141200.0000000002,15845.6,27445.384276413402,45560.0,False,7925000.0,25.0,1.0,0.0,hypothetical scenario
uniform,0.146,0.05,316912.0,7925000.0,1157050.0,15845.6,27445.384276413402,46194.0,False,7925000.0,25.0,1.0,0.0,hypothetical scenario
uniform,0.148,0.05,316912.0,7925000.0,1172900.0,15845.6,27445.384276413402,46828.0,False,7925000.0,25.0,1.0,0.0,hypothetical scenario
uniform,0.15,0.05,316912.0,7925000.0,1188750.0,15845.6,27445.384276413402,47462.0,False,7925000.0,25.0,1.0,0.0,hypothetical scenario
uniform,0.152,0.05,316912.0,7925000.0,1204600.0,15845.6,27445.384276413402,48096.0,False,7925000.0,25.0,1.0,0.0,hypothetical scenario
uniform,0.154,0.05,316912.0,7925000.0,1220450.0,15845.6,27445.384276413402,48730.0,False,7925000.0,25.0,1.0,0.0,hypothetical scenario
uniform,0.156,0.05,316912.0,7925000.0,1236300.0,15845.6,27445.384276413402,49364.0,False,7925000.0,25.0,1.0,0.0,hypothetical scenario
uniform,0.158,0.05,316912.0,7925000.0,1252150.0,15845.6,27445.384276413402,49998.0,False,7925000.0,25.0,1.0,0.0,hypothetical scenario
uniform,0.16,0.05,316912.0,7925000.0,1268000.0,15845.6,27445.384276413402,50632.0,False,7925000.0,25.0,1.0,0.0,hypothetical scenario
uniform,0.162,0.05,316912.0,7925000.0,1283850.0,15845.6,27445.384276413402,51266.0,False,7925000.0,25.0,1.0,0.0,hypothetical scenario
uniform,0.164,0.05,316912.0,7925000.0,1299700.0,15845.6,27445.384276413402,51900.0,False,7925000.0,25.0,1.0,0.0,hypothetical scenario
uniform,0.166,0.05,316912.0,7925000.0,1315550.0,15845.6,27445.384276413402,52534.0,False,7925000.0,25.0,1.0,0.0,hypothetical scenario
uniform,0.168,0.05,316912.0,7925000.0,1331400.0,15845.6,27445.384276413402,53168.0,False,7925000.0,25.0,1.0,0.0,hypothetical scenario
uniform,0.17,0.05,316912.0,7925000.0,1347250.0,15845.6,27445.384276413402,53802.0,False,7925000.0,25.0,1.0,0.0,hypothetical scenario
uniform,0.17200000000000001,0.05,316912.0,7925000.0,1363100.0,15845.6,27445.384276413402,54436.0,False,7925000.0,25.0,1.0,0.0,hypothetical scenario
uniform,0.17400000000000002,0.05,316912.0,7925000.0,1378950.0000000002,15845.6,27445.384276413402,55070.0,False,7925000.0,25.0,1.0,0.0,hypothetical scenario
uniform,0.176,0.05,316912.0,7925000.0,1394800.0,15845.6,27445.384276413402,55704.0,False,7925000.0,25.0,1.0,0.0,hypothetical scenario
uniform,0.178,0.05,316912.0,7925000.0,1410650.0,15845.6,27445.384276413402,56338.0,False,7925000.0,25.0,1.0,0.0,hypothetical scenario
uniform,0.18,0.05,316912.0,7925000.0,1426500.0,15845.6,27445.384276413402,56972.0,False,7925000.0,25.0,1.0,0.0,hypothetical scenario
uniform,0.182,0.05,316912.0,7925000.0,1442350.0,15845.6,27445.384276413402,57606.0,False,7925000.0,25.0,1.0,0.0,hypothetical scenario
uniform,0.184,0.05,316912.0,7925000.0,1458200.0,15845.6,27445.384276413402,58240.0,False,7925000.0,25.0,1.0,0.0,hypothetical scenario
uniform,0.186,0.05,316912.0,7925000.0,1474050.0,15845.6,27445.384276413402,58874.0,False,7925000.0,25.0,1.0,0.0,hypothetical scenario
uniform,0.188,0.05,316912.0,7925000.0,1489900.0,15845.6,27445.384276413402,59508.0,False,7925000.0,25.0,1.0,0.0,hypothetical scenario
uniform,0.19,0.05,316912.0,7925000.0,1505750.0,15845.6,27445.384276413402,60142.0,False,7925000.0,25.0,1.0,0.0,hypothetical scenario
uniform,0.192,0.05,316912.0,7925000.0,1521600.0,15845.6,27445.384276413402,60776.0,False,7925000.0,25.0,1.0,0.0,hypothetical scenario
uniform,0.194,0.05,316912.0,7925000.0,1537450.0,15845.6,27445.384276413402,61410.0,False,7925000.0,25.0,1.0,0.0,hypothetical scenario
uniform,0.196,0.05,316912.0,7925000.0,1553300.0,15845.6,27445.384276413402,62044.0,False,7925000.0,25.0,1.0,0.0,hypothetical scenario
uniform,0.198,0.05,316912.0,7925000.0,1569150.0,15845.6,27445.384276413402,62678.0,False,7925000.0,25.0,1.0,0.0,hypothetical scenario
uniform,0.2,0.05,316912.0,7925000.0,1585000.0,15845.6,27445.384276413402,63312.0,False,7925000.0,25.0,1.0,0.0,hypothetical scenario
uniform,0.202,0.05,316912.0,7925000.0,1600850.0,15845.6,27445.384276413402,63946.0,False,7925000.0,25.0,1.0,0.0,hypothetical scenario
uniform,0.20400000000000001,0.05,316912.0,7925000.0,1616700.0,15845.6,27445.384276413402,64580.0,False,7925000.0,25.0,1.0,0.0,hypothetical scenario
uniform,0.20600000000000002,0.05,316912.0,7925000.0,1632550.0000000002,15845.6,27445.384276413402,65214.0,False,7925000.0,25.0,1.0,0.0,hypothetical scenario
uniform,0.20800000000000002,0.05,316912.0,7925000.0,1648400.0000000002,15845.6,27445.384276413402,65848.0,False,7925000.0,25.0,1.0,0.0,hypothetical scenario
uniform,0.21,0.05,316912.0,7925000.0,1664250.0,15845.6,27445.384276413402,66482.0,False,7925000.0,25.0,1.0,0.0,hypothetical scenario
uniform,0.212,0.05,316912.0,7925000.0,1680100.0,15845.6,27445.384276413402,67116.0,False,7925000.0,25.0,1.0,0.0,hypothetical scenario
uniform,0.214,0.05,316912.0,7925000.0,1695950.0,15845.6,27445.384276413402,67750.0,False,7925000.0,25.0,1.0,0.0,hypothetical scenario
uniform,0.216,0.05,316912.0,7925000.0,1711800.0,15845.6,27445.384276413402,68384.0,False,7925000.0,25.0,1.0,0.0,hypothetical scenario
uniform,0.218,0.05,316912.0,7925000.0,1727650.0,15845.6,27445.384276413402,69018.0,False,7925000.0,25.0,1.0,0.0,hypothetical scenario
uniform,0.22,0.05,316912.0,7925000.0,1743500.0,15845.6,27445.384276413402,69652.0,False,7925000.0,25.0,1.0,0.0,hypothetical scenario
uniform,0.222,0.05,316912.0,7925000.0,1759350.0,15845.6,27445.384276413402,70286.0,False,7925000.0,25.0,1.0,0.0,hypothetical scenario
uniform,0.224,0.05,316912.0,7925000.0,1775200.0,15845.6,27445.384276413402,70920.0,False,7925000.0,25.0,1.0,0.0,hypothetical scenario
uniform,0.226,0.05,316912.0,7925000.0,1791050.0,15845.6,27445.384276413402,71554.0,False,7925000.0,25.0,1.0,0.0,hypothetical scenario
uniform,0.228,0.05,316912.0,7925000.0,1806900.0,15845.6,27445.384276413402,72188.0,False,7925000.0,25.0,1.0,0.0,hypothetical scenario
uniform,0.23,0.05,316912.0,7925000.0,1822750.0,15845.6,27445.384276413402,72822.0,False,7925000.0,25.0,1.0,0.0,hypothetical scenario
uniform,0.232,0.05,316912.0,7925000.0,1838600.0,15845.6,27445.384276413402,73456.0,False,7925000.0,25.0,1.0,0.0,hypothetical scenario
uniform,0.234,0.05,316912.0,7925000.0,1854450.0,15845.6,27445.384276413402,74090.0,False,7925000.0,25.0,1.0,0.0,hypothetical scenario
uniform,0.23600000000000002,0.05,316912.0,7925000.0,1870300.0000000002,15845.6,27445.384276413402,74724.0,False,7925000.0,25.0,1.0,0.0,hypothetical scenario
uniform,0.23800000000000002,0.05,316912.0,7925000.0,1886150.0000000002,15845.6,27445.384276413402,75358.0,False,7925000.0,25.0,1.0,0.0,hypothetical scenario
uniform,0.24,0.05,316912.0,7925000.0,1902000.0,15845.6,27445.384276413402,75992.0,False,7925000.0,25.0,1.0,0.0,hypothetical scenario
uniform,0.242,0.05,316912.0,7925000.0,1917850.0,15845.6,27445.384276413402,76626.0,False,7925000.0,25.0,1.0,0.0,hypothetical scenario
uniform,0.244,0.05,316912.0,7925000.0,1933700.0,15845.6,27445.384276413402,77260.0,False,7925000.0,25.0,1.0,0.0,hypothetical scenario
uniform,0.246,0.05,316912.0,7925000.0,1949550.0,15845.6,27445.384276413402,77894.0,False,7925000.0,25.0,1.0,0.0,hypothetical scenario
uniform,0.248,0.05,316912.0,7925000.0,1965400.0,15845.6,27445.384276413402,78528.0,False,7925000.0,25.0,1.0,0.0,hypothetical scenario
uniform,0.25,0.05,316912.0,7925000.0,1981250.0,15845.6,27445.384276413402,79162.0,False,7925000.0,25.0,1.0,0.0,hypothetical scenario
uniform,0.252,0.05,316912.0,7925000.0,1997100.0,15845.6,27445.384276413402,79796.0,False,7925000.0,25.0,1.0,0.0,hypothetical scenario
uniform,0.254,0.05,316912.0,7925000.0,2012950.0,15845.6,27445.384276413402,80430.0,False,7925000.0,25.0,1.0,0.0,hypothetical scenario
uniform,0.256,0.05,316912.0,7925000.0,2028800.0,15845.6,27445.384276413402,81064.0,False,7925000.0,25.0,1.0,0.0,hypothetical scenario
uniform,0.258,0.05,316912.0,7925000.0,2044650.0,15845.6,27445.384276413402,81698.0,False,7925000.0,25.0,1.0,0.0,hypothetical scenario
uniform,0.26,0.05,316912.0,7925000.0,2060500.0,15845.6,27445.384276413402,82332.0,False,7925000.0,25.0,1.0,0.0,hypothetical scenario
uniform,0.262,0.05,316912.0,7925000.0,2076350.0,15845.6,27445.384276413402,82966.0,False,7925000.0,25.0,1.0,0.0,hypothetical scenario
uniform,0.264,0.05,316912.0,7925000.0,2092200.0,15845.6,27445.384276413402,83600.0,False,7925000.0,25.0,1.0,0.0,hypothetical scenario
uniform,0.266,0.05,316912.0,7925000.0,2108050.0,15845.6,27445.384276413402,84234.0,False,7925000.0,25.0,1.0,0.0,hypothetical scenario
uniform,0.268,0.05,316912.0,7925000.0,2123900.0,15845.6,27445.384276413402,84868.0,False,7925000.0,25.0,1.0,0.0,hypothetical scenario
uniform,0.27,0.05,316912.0,7925000.0,2139750.0,15845.6,27445.384276413402,85502.0,False,7925000.0,25.0,1.0,0.0,hypothetical scenario
uniform,0.272,0.05,316912.0,7925000.0,2155600.0,15845.6,27445.384276413402,86136.0,False,7925000.0,25.0,1.0,0.0,hypothetical scenario
uniform,0.274,0.05,316912.0,7925000.0,2171450.0,15845.6,27445.384276413402,86770.0,False,7925000.0,25.0,1.0,0.0,hypothetical scenario
uniform,0.276,0.05,316912.0,7925000.0,2187300.0,15845.6,27445.384276413402,87404.0,False,7925000.0,25.0,1.0,0.0,hypothetical scenario
uniform,0.278,0.05,316912.0,7925000.0,2203150.0,15845.6,27445.384276413402,88038.0,False,7925000.0,25.0,1.0,0.0,hypothetical scenario
uniform,0.28,0.05,316912.0,7925000.0,2219000.0,15845.6,27445.384276413402,88672.0,False,7925000.0,25.0,1.0,0.0,hypothetical scenario
uniform,0.28200000000000003,0.05,316912.0,7925000.0,2234850.0,15845.6,27445.384276413402,89306.0,False,7925000.0,25.0,1.0,0.0,hypothetical scenario
uniform,0.28400000000000003,0.05,316912.0,7925000.0,2250700.0000000005,15845.6,27445.384276413402,89940.0,False,7925000.0,25.0,1.0,0.0,hypothetical scenario
uniform,0.28600000000000003,0.05,316912.0,7925000.0,2266550.0000000005,15845.6,27445.384276413402,90574.0,False,7925000.0,25.0,1.0,0.0,hypothetical scenario
uniform,0.28800000000000003,0.05,316912.0,7925000.0,2282400.0000000005,15845.6,27445.384276413402,91208.0,False,7925000.0,25.0,1.0,0.0,hypothetical scenario
uniform,0.29,0.05,316912.0,7925000.0,2298250.0,15845.6,27445.384276413402,91842.0,False,7925000.0,25.0,1.0,0.0,hypothetical scenario
uniform,0.292,0.05,316912.0,7925000.0,2314100.0,15845.6,27445.384276413402,92476.0,False,7925000.0,25.0,1.0,0.0,hypothetical scenario
uniform,0.294,0.05,316912.0,7925000.0,2329950.0,15845.6,27445.384276413402,93110.0,False,7925000.0,25.0,1.0,0.0,hypothetical scenario
uniform,0.296,0.05,316912.0,7925000.0,2345800.0,15845.6,27445.384276413402,93744.0,False,7925000.0,25.0,1.0,0.0,hypothetical scenario
uniform,0.298,0.05,316912.0,7925000.0,2361650.0,15845.6,27445.384276413402,94378.0,False,7925000.0,25.0,1.0,0.0,hypothetical scenario
uniform,0.3,0.05,316912.0,7925000.0,2377500.0,15845.6,27445.384276413402,95012.0,False,7925000.0,25.0,1.0,0.0,hypothetical scenario
uniform,0.302,0.05,316912.0,7925000.0,2393350.0,15845.6,27445.384276413402,95646.0,False,7925000.0,25.0,1.0,0.0,hypothetical scenario
uniform,0.304,0.05,316912.0,7925000.0,2409200.0,15845.6,27445.384276413402,96280.0,False,7925000.0,25.0,1.0,0.0,hypothetical scenario
uniform,0.306,0.05,316912.0,7925000.0,2425050.0,15845.6,27445.384276413402,96914.0,False,7925000.0,25.0,1.0,0.0,hypothetical scenario
uniform,0.308,0.05,316912.0,7925000.0,2440900.0,15845.6,27445.384276413402,97548.0,False,7925000.0,25.0,1.0,0.0,hypothetical scenario
uniform,0.31,0.05,316912.0,7925000.0,2456750.0,15845.6,27445.384276413402,98182.0,False,7925000.0,25.0,1.0,0.0,hypothetical scenario
uniform,0.312,0.05,316912.0,7925000.0,2472600.0,15845.6,27445.384276413402,98816.0,False,7925000.0,25.0,1.0,0.0,hypothetical scenario
uniform,0.314,0.05,316912.0,7925000.0,2488450.0,15845.6,27445.384276413402,99450.0,False,7925000.0,25.0,1.0,0.0,hypothetical scenario
uniform,0.316,0.05,316912.0,7925000.0,2504300.0,15845.6,27445.384276413402,100084.0,False,7925000.0,25.0,1.0,0.0,hypothetical scenario
uniform,0.318,0.05,316912.0,7925000.0,2520150.0,15845.6,27445.384276413402,100718.0,False,7925000.0,25.0,1.0,0.0,hypothetical scenario
uniform,0.32,0.05,316912.0,7925000.0,2536000.0,15845.6,27445.384276413402,101352.0,False,7925000.0,25.0,1.0,0.0,hypothetical scenario
uniform,0.322,0.05,316912.0,7925000.0,2551850.0,15845.6,27445.384276413402,101986.0,False,7925000.0,25.0,1.0,0.0,hypothetical scenario
uniform,0.324,0.05,316912.0,7925000.0,2567700.0,15845.6,27445.384276413402,102620.0,False,7925000.0,25.0,1.0,0.0,hypothetical scenario
uniform,0.326,0.05,316912.0,7925000.0,2583550.0,15845.6,27445.384276413402,103254.0,False,7925000.0,25.0,1.0,0.0,hypothetical scenario
uniform,0.328,0.05,316912.0,7925000.0,2599400.0,15845.6,27445.384276413402,103888.0,False,7925000.0,25.0,1.0,0.0,hypothetical scenario
uniform,0.33,0.05,316912.0,7925000.0,2615250.0,15845.6,27445.384276413402,104522.0,False,7925000.0,25.0,1.0,0.0,hypothetical scenario
uniform,0.332,0.05,316912.0,7925000.0,2631100.0,15845.6,27445.384276413402,105156.0,False,7925000.0,25.0,1.0,0.0,hypothetical scenario
uniform,0.334,0.05,316912.0,7925000.0,2646950.0,15845.6,27445.384276413402,105790.0,False,7925000.0,25.0,1.0,0.0,hypothetical scenario
uniform,0.336,0.05,316912.0,7925000.0,2662800.0,15845.6,27445.384276413402,106424.0,False,7925000.0,25.0,1.0,0.0,hypothetical scenario
uniform,0.338,0.05,316912.0,7925000.0,2678650.0,15845.6,27445.384276413402,107058.0,False,7925000.0,25.0,1.0,0.0,hypothetical scenario
uniform,0.34,0.05,316912.0,7925000.0,2694500.0,15845.6,27445.384276413402,107692.0,False,7925000.0,25.0,1.0,0.0,hypothetical scenario
uniform,0.342,0.05,316912.0,7925000.0,2710350.0,15845.6,27445.384276413402,108326.0,False,7925000.0,25.0,1.0,0.0,hypothetical scenario
uniform,0.34400000000000003,0.05,316912.0,7925000.0,2726200.0,15845.6,27445.384276413402,108960.0,False,7925000.0,25.0,1.0,0.0,hypothetical scenario
uniform,0.34600000000000003,0.05,316912.0,7925000.0,2742050.0000000005,15845.6,27445.384276413402,109594.0,False,7925000.0,25.0,1.0,0.0,hypothetical scenario
uniform,0.34800000000000003,0.05,316912.0,7925000.0,2757900.0000000005,15845.6,27445.384276413402,110228.0,False,7925000.0,25.0,1.0,0.0,hypothetical scenario
uniform,0.35000000000000003,0.05,316912.0,7925000.0,2773750.0000000005,15845.6,27445.384276413402,110862.0,False,7925000.0,25.0,1.0,0.0,hypothetical scenario
uniform,0.352,0.05,316912.0,7925000.0,2789600.0,15845.6,27445.384276413402,111496.0,False,7925000.0,25.0,1.0,0.0,hypothetical scenario
uniform,0.354,0.05,316912.0,7925000.0,2805450.0,15845.6,27445.384276413402,112130.0,False,7925000.0,25.0,1.0,0.0,hypothetical scenario
uniform,0.356,0.05,316912.0,7925000.0,2821300.0,15845.6,27445.384276413402,112764.0,False,7925000.0,25.0,1.0,0.0,hypothetical scenario
uniform,0.358,0.05,316912.0,7925000.0,2837150.0,15845.6,27445.384276413402,113398.0,False,7925000.0,25.0,1.0,0.0,hypothetical scenario
uniform,0.36,0.05,316912.0,7925000.0,2853000.0,15845.6,27445.384276413402,114032.0,False,7925000.0,25.0,1.0,0.0,hypothetical scenario
uniform,0.362,0.05,316912.0,7925000.0,2868850.0,15845.6,27445.384276413402,114666.0,False,7925000.0,25.0,1.0,0.0,hypothetical scenario
uniform,0.364,0.05,316912.0,7925000.0,2884700.0,15845.6,27445.384276413402,115300.0,False,7925000.0,25.0,1.0,0.0,hypothetical scenario
uniform,0.366,0.05,316912.0,7925000.0,2900550.0,15845.6,27445.384276413402,115934.0,False,7925000.0,25.0,1.0,0.0,hypothetical scenario
uniform,0.368,0.05,316912.0,7925000.0,2916400.0,15845.6,27445.384276413402,116568.0,False,7925000.0,25.0,1.0,0.0,hypothetical scenario
uniform,0.37,0.05,316912.0,7925000.0,2932250.0,15845.6,27445.384276413402,117202.0,False,7925000.0,25.0,1.0,0.0,hypothetical scenario
uniform,0.372,0.05,316912.0,7925000.0,2948100.0,15845.6,27445.384276413402,117836.0,False,7925000.0,25.0,1.0,0.0,hypothetical scenario
uniform,0.374,0.05,316912.0,7925000.0,2963950.0,15845.6,27445.384276413402,118470.0,False,7925000.0,25.0,1.0,0.0,hypothetical scenario
uniform,0.376,0.05,316912.0,7925000.0,2979800.0,15845.6,27445.384276413402,119104.0,False,7925000.0,25.0,1.0,0.0,hypothetical scenario
uniform,0.378,0.05,316912.0,7925000.0,2995650.0,15845.6,27445.384276413402,119738.0,False,7925000.0,25.0,1.0,0.0,hypothetical scenario
uniform,0.38,0.05,316912.0,7925000.0,3011500.0,15845.6,27445.384276413402,120372.0,False,7925000.0,25.0,1.0,0.0,hypothetical scenario
uniform,0.382,0.05,316912.0,7925000.0,3027350.0,15845.6,27445.384276413402,121006.0,False,7925000.0,25.0,1.0,0.0,hypothetical scenario
uniform,0.384,0.05,316912.0,7925000.0,3043200.0,15845.6,27445.384276413402,121640.0,False,7925000.0,25.0,1.0,0.0,hypothetical scenario
uniform,0.386,0.05,316912.0,7925000.0,3059050.0,15845.6,27445.384276413402,122274.0,False,7925000.0,25.0,1.0,0.0,hypothetical scenario
uniform,0.388,0.05,316912.0,7925000.0,3074900.0,15845.6,27445.384276413402,122908.0,False,7925000.0,25.0,1.0,0.0,hypothetical scenario
uniform,0.39,0.05,316912.0,7925000.0,3090750.0,15845.6,27445.384276413402,123542.0,False,7925000.0,25.0,1.0,0.0,hypothetical scenario
uniform,0.392,0.05,316912.0,7925000.0,3106600.0,15845.6,27445.384276413402,124176.0,False,7925000.0,25.0,1.0,0.0,hypothetical scenario
uniform,0.394,0.05,316912.0,7925000.0,3122450.0,15845.6,27445.384276413402,124810.0,False,7925000.0,25.0,1.0,0.0,hypothetical scenario
uniform,0.396,0.05,316912.0,7925000.0,3138300.0,15845.6,27445.384276413402,125444.0,False,7925000.0,25.0,1.0,0.0,hypothetical scenario
uniform,0.398,0.05,316912.0,7925000.0,3154150.0,15845.6,27445.384276413402,126078.0,False,7925000.0,25.0,1.0,0.0,hypothetical scenario
uniform,0.4,0.05,316912.0,7925000.0,3170000.0,15845.6,27445.384276413402,126712.0,False,7925000.0,25.0,1.0,0.0,hypothetical scenario
uniform,0.402,0.05,316912.0,7925000.0,3185850.0,15845.6,27445.384276413402,127346.0,False,7925000.0,25.0,1.0,0.0,hypothetical scenario
uniform,0.404,0.05,316912.0,7925000.0,3201700.0,15845.6,27445.384276413402,127980.0,False,7925000.0,25.0,1.0,0.0,hypothetical scenario
uniform,0.406,0.05,316912.0,7925000.0,3217550.0,15845.6,27445.384276413402,128614.0,False,7925000.0,25.0,1.0,0.0,hypothetical scenario
uniform,0.40800000000000003,0.05,316912.0,7925000.0,3233400.0,15845.6,27445.384276413402,129248.0,False,7925000.0,25.0,1.0,0.0,hypothetical scenario
uniform,0.41000000000000003,0.05,316912.0,7925000.0,3249250.0000000005,15845.6,27445.384276413402,129882.0,False,7925000.0,25.0,1.0,0.0,hypothetical scenario
uniform,0.41200000000000003,0.05,316912.0,7925000.0,3265100.0000000005,15845.6,27445.384276413402,130516.0,False,7925000.0,25.0,1.0,0.0,hypothetical scenario
uniform,0.41400000000000003,0.05,316912.0,7925000.0,3280950.0000000005,15845.6,27445.384276413402,131150.0,False,7925000.0,25.0,1.0,0.0,hypothetical scenario
uniform,0.41600000000000004,0.05,316912.0,7925000.0,3296800.0000000005,15845.6,27445.384276413402,131784.0,False,7925000.0,25.0,1.0,0.0,hypothetical scenario
uniform,0.418,0.05,316912.0,7925000.0,3312650.0,15845.6,27445.384276413402,132418.0,False,7925000.0,25.0,1.0,0.0,hypothetical scenario
uniform,0.42,0.05,316912.0,7925000.0,3328500.0,15845.6,27445.384276413402,133052.0,False,7925000.0,25.0,1.0,0.0,hypothetical scenario
uniform,0.422,0.05,316912.0,7925000.0,3344350.0,15845.6,27445.384276413402,133686.0,False,7925000.0,25.0,1.0,0.0,hypothetical scenario
uniform,0.424,0.05,316912.0,7925000.0,3360200.0,15845.6,27445.384276413402,134320.0,False,7925000.0,25.0,1.0,0.0,hypothetical scenario
uniform,0.426,0.05,316912.0,7925000.0,3376050.0,15845.6,27445.384276413402,134954.0,False,7925000.0,25.0,1.0,0.0,hypothetical scenario
uniform,0.428,0.05,316912.0,7925000.0,3391900.0,15845.6,27445.384276413402,135588.0,False,7925000.0,25.0,1.0,0.0,hypothetical scenario
uniform,0.43,0.05,316912.0,7925000.0,3407750.0,15845.6,27445.384276413402,136222.0,False,7925000.0,25.0,1.0,0.0,hypothetical scenario
uniform,0.432,0.05,316912.0,7925000.0,3423600.0,15845.6,27445.384276413402,136856.0,False,7925000.0,25.0,1.0,0.0,hypothetical scenario
uniform,0.434,0.05,316912.0,7925000.0,3439450.0,15845.6,27445.384276413402,137490.0,False,7925000.0,25.0,1.0,0.0,hypothetical scenario
uniform,0.436,0.05,316912.0,7925000.0,3455300.0,15845.6,27445.384276413402,138124.0,False,7925000.0,25.0,1.0,0.0,hypothetical scenario
uniform,0.438,0.05,316912.0,7925000.0,3471150.0,15845.6,27445.384276413402,138758.0,False,7925000.0,25.0,1.0,0.0,hypothetical scenario
uniform,0.44,0.05,316912.0,7925000.0,3487000.0,15845.6,27445.384276413402,139392.0,False,7925000.0,25.0,1.0,0.0,hypothetical scenario
uniform,0.442,0.05,316912.0,7925000.0,3502850.0,15845.6,27445.384276413402,140026.0,False,7925000.0,25.0,1.0,0.0,hypothetical scenario
uniform,0.444,0.05,316912.0,7925000.0,3518700.0,15845.6,27445.384276413402,140660.0,False,7925000.0,25.0,1.0,0.0,hypothetical scenario
uniform,0.446,0.05,316912.0,7925000.0,3534550.0,15845.6,27445.384276413402,141294.0,False,7925000.0,25.0,1.0,0.0,hypothetical scenario
uniform,0.448,0.05,316912.0,7925000.0,3550400.0,15845.6,27445.384276413402,141928.0,False,7925000.0,25.0,1.0,0.0,hypothetical scenario
uniform,0.45,0.05,316912.0,7925000.0,3566250.0,15845.6,27445.384276413402,142562.0,False,7925000.0,25.0,1.0,0.0,hypothetical scenario
uniform,0.452,0.05,316912.0,7925000.0,3582100.0,15845.6,27445.384276413402,143196.0,False,7925000.0,25.0,1.0,0.0,hypothetical scenario
uniform,0.454,0.05,316912.0,7925000.0,3597950.0,15845.6,27445.384276413402,143830.0,False,7925000.0,25.0,1.0,0.0,hypothetical scenario
uniform,0.456,0.05,316912.0,7925000.0,3613800.0,15845.6,27445.384276413402,144464.0,False,7925000.0,25.0,1.0,0.0,hypothetical scenario
uniform,0.458,0.05,316912.0,7925000.0,3629650.0,15845.6,27445.384276413402,145098.0,False,7925000.0,25.0,1.0,0.0,hypothetical scenario
uniform,0.46,0.05,316912.0,7925000.0,3645500.0,15845.6,27445.384276413402,145732.0,False,7925000.0,25.0,1.0,0.0,hypothetical scenario
uniform,0.462,0.05,316912.0,7925000.0,3661350.0,15845.6,27445.384276413402,146366.0,False,7925000.0,25.0,1.0,0.0,hypothetical scenario
uniform,0.464,0.05,316912.0,7925000.0,3677200.0,15845.6,27445.384276413402,147000.0,False,7925000.0,25.0,1.0,0.0,hypothetical scenario
uniform,0.466,0.05,316912.0,7925000.0,3693050.0,15845.6,27445.384276413402,147634.0,False,7925000.0,25.0,1.0,0.0,hypothetical scenario
uniform,0.468,0.05,316912.0,7925000.0,3708900.0,15845.6,27445.384276413402,148268.0,False,7925000.0,25.0,1.0,0.0,hypothetical scenario
uniform,0.47000000000000003,0.05,316912.0,7925000.0,3724750.0,15845.6,27445.384276413402,148902.0,False,7925000.0,25.0,1.0,0.0,hypothetical scenario
uniform,0.47200000000000003,0.05,316912.0,7925000.0,3740600.0000000005,15845.6,27445.384276413402,149536.00000000003,False,7925000.0,25.0,1.0,0.0,hypothetical scenario
uniform,0.47400000000000003,0.05,316912.0,7925000.0,3756450.0000000005,15845.6,27445.384276413402,150170.00000000003,False,7925000.0,25.0,1.0,0.0,hypothetical scenario
uniform,0.47600000000000003,0.05,316912.0,7925000.0,3772300.0000000005,15845.6,27445.384276413402,150804.00000000003,False,7925000.0,25.0,1.0,0.0,hypothetical scenario
uniform,0.47800000000000004,0.05,316912.0,7925000.0,3788150.0000000005,15845.6,27445.384276413402,151438.00000000003,False,7925000.0,25.0,1.0,0.0,hypothetical scenario
uniform,0.48,0.05,316912.0,7925000.0,3804000.0,15845.6,27445.384276413402,152072.0,False,7925000.0,25.0,1.0,0.0,hypothetical scenario
uniform,0.482,0.05,316912.0,7925000.0,3819850.0,15845.6,27445.384276413402,152706.0,False,7925000.0,25.0,1.0,0.0,hypothetical scenario
uniform,0.484,0.05,316912.0,7925000.0,3835700.0,15845.6,27445.384276413402,153340.0,False,7925000.0,25.0,1.0,0.0,hypothetical scenario
uniform,0.486,0.05,316912.0,7925000.0,3851550.0,15845.6,27445.384276413402,153974.0,False,7925000.0,25.0,1.0,0.0,hypothetical scenario
uniform,0.488,0.05,316912.0,7925000.0,3867400.0,15845.6,27445.384276413402,154608.0,False,7925000.0,25.0,1.0,0.0,hypothetical scenario
uniform,0.49,0.05,316912.0,7925000.0,3883250.0,15845.6,27445.384276413402,155242.0,False,7925000.0,25.0,1.0,0.0,hypothetical scenario
uniform,0.492,0.05,316912.0,7925000.0,3899100.0,15845.6,27445.384276413402,155876.0,False,7925000.0,25.0,1.0,0.0,hypothetical scenario
uniform,0.494,0.05,316912.0,7925000.0,3914950.0,15845.6,27445.384276413402,156510.0,False,7925000.0,25.0,1.0,0.0,hypothetical scenario
uniform,0.496,0.05,316912.0,7925000.0,3930800.0,15845.6,27445.384276413402,157144.0,False,7925000.0,25.0,1.0,0.0,hypothetical scenario
uniform,0.498,0.05,316912.0,7925000.0,3946650.0,15845.6,27445.384276413402,157778.0,False,7925000.0,25.0,1.0,0.0,hypothetical scenario
uniform,0.5,0.05,316912.0,7925000.0,3962500.0,15845.6,27445.384276413402,158412.0,False,7925000.0,25.0,1.0,0.0,hypothetical scenario
uniform,0.502,0.05,316912.0,7925000.0,3978350.0,15845.6,27445.384276413402,159046.0,False,7925000.0,25.0,1.0,0.0,hypothetical scenario
uniform,0.504,0.05,316912.0,7925000.0,3994200.0,15845.6,27445.384276413402,159680.0,False,7925000.0,25.0,1.0,0.0,hypothetical scenario
uniform,0.506,0.05,316912.0,7925000.0,4010050.0,15845.6,27445.384276413402,160314.0,False,7925000.0,25.0,1.0,0.0,hypothetical scenario
uniform,0.508,0.05,316912.0,7925000.0,4025900.0,15845.6,27445.384276413402,160948.0,False,7925000.0,25.0,1.0,0.0,hypothetical scenario
uniform,0.51,0.05,316912.0,7925000.0,4041750.0,15845.6,27445.384276413402,161582.0,False,7925000.0,25.0,1.0,0.0,hypothetical scenario
uniform,0.512,0.05,316912.0,7925000.0,4057600.0,15845.6,27445.384276413402,162216.0,False,7925000.0,25.0,1.0,0.0,hypothetical scenario
uniform,0.514,0.05,316912.0,7925000.0,4073450.0,15845.6,27445.384276413402,162850.0,False,7925000.0,25.0,1.0,0.0,hypothetical scenario
uniform,0.516,0.05,316912.0,7925000.0,4089300.0,15845.6,27445.384276413402,163484.0,False,7925000.0,25.0,1.0,0.0,hypothetical scenario
uniform,0.518,0.05,316912.0,7925000.0,4105150.0,15845.6,27445.384276413402,164118.0,False,7925000.0,25.0,1.0,0.0,hypothetical scenario
uniform,0.52,0.05,316912.0,7925000.0,4121000.0,15845.6,27445.384276413402,164752.0,False,7925000.0,25.0,1.0,0.0,hypothetical scenario
uniform,0.522,0.05,316912.0,7925000.0,4136850.0,15845.6,27445.384276413402,165386.0,False,7925000.0,25.0,1.0,0.0,hypothetical scenario
uniform,0.524,0.05,316912.0,7925000.0,4152700.0,15845.6,27445.384276413402,166020.0,False,7925000.0,25.0,1.0,0.0,hypothetical scenario
uniform,0.526,0.05,316912.0,7925000.0,4168550.0,15845.6,27445.384276413402,166654.0,False,7925000.0,25.0,1.0,0.0,hypothetical scenario
uniform,0.528,0.05,316912.0,7925000.0,4184400.0,15845.6,27445.384276413402,167288.0,False,7925000.0,25.0,1.0,0.0,hypothetical scenario
uniform,0.53,0.05,316912.0,7925000.0,4200250.0,15845.6,27445.384276413402,167922.0,False,7925000.0,25.0,1.0,0.0,hypothetical scenario
uniform,0.532,0.05,316912.0,7925000.0,4216100.0,15845.6,27445.384276413402,168556.0,False,7925000.0,25.0,1.0,0.0,hypothetical scenario
uniform,0.534,0.05,316912.0,7925000.0,4231950.0,15845.6,27445.384276413402,169190.0,False,7925000.0,25.0,1.0,0.0,hypothetical scenario
uniform,0.536,0.05,316912.0,7925000.0,4247800.0,15845.6,27445.384276413402,169824.0,False,7925000.0,25.0,1.0,0.0,hypothetical scenario
uniform,0.538,0.05,316912.0,7925000.0,4263650.0,15845.6,27445.384276413402,170458.0,False,7925000.0,25.0,1.0,0.0,hypothetical scenario
uniform,0.54,0.05,316912.0,7925000.0,4279500.0,15845.6,27445.384276413402,171092.0,False,7925000.0,25.0,1.0,0.0,hypothetical scenario
uniform,0.542,0.05,316912.0,7925000.0,4295350.0,15845.6,27445.384276413402,171726.0,False,7925000.0,25.0,1.0,0.0,hypothetical scenario
uniform,0.544,0.05,316912.0,7925000.0,4311200.0,15845.6,27445.384276413402,172360.0,False,7925000.0,25.0,1.0,0.0,hypothetical scenario
uniform,0.546,0.05,316912.0,7925000.0,4327050.0,15845.6,27445.384276413402,172994.0,False,7925000.0,25.0,1.0,0.0,hypothetical scenario
uniform,0.548,0.05,316912.0,7925000.0,4342900.0,15845.6,27445.384276413402,173628.0,False,7925000.0,25.0,1.0,0.0,hypothetical scenario
uniform,0.55,0.05,316912.0,7925000.0,4358750.0,15845.6,27445.384276413402,174262.0,False,7925000.0,25.0,1.0,0.0,hypothetical scenario
uniform,0.552,0.05,316912.0,7925000.0,4374600.0,15845.6,27445.384276413402,174896.0,False,7925000.0,25.0,1.0,0.0,hypothetical scenario
uniform,0.554,0.05,316912.0,7925000.0,4390450.0,15845.6,27445.384276413402,175530.0,False,7925000.0,25.0,1.0,0.0,hypothetical scenario
uniform,0.556,0.05,316912.0,7925000.0,4406300.0,15845.6,27445.384276413402,176164.0,False,7925000.0,25.0,1.0,0.0,hypothetical scenario
uniform,0.558,0.05,316912.0,7925000.0,4422150.0,15845.6,27445.384276413402,176798.0,False,7925000.0,25.0,1.0,0.0,hypothetical scenario
uniform,0.56,0.05,316912.0,7925000.0,4438000.0,15845.6,27445.384276413402,177432.0,False,7925000.0,25.0,1.0,0.0,hypothetical scenario
uniform,0.562,0.05,316912.0,7925000.0,4453850.0,15845.6,27445.384276413402,178066.0,False,7925000.0,25.0,1.0,0.0,hypothetical scenario
uniform,0.5640000000000001,0.05,316912.0,7925000.0,4469700.0,15845.6,27445.384276413402,178700.0,False,7925000.0,25.0,1.0,0.0,hypothetical scenario
uniform,0.5660000000000001,0.05,316912.0,7925000.0,4485550.0,15845.6,27445.384276413402,179334.0,False,7925000.0,25.0,1.0,0.0,hypothetical scenario
uniform,0.5680000000000001,0.05,316912.0,7925000.0,4501400.000000001,15845.6,27445.384276413402,179968.00000000003,False,7925000.0,25.0,1.0,0.0,hypothetical scenario
uniform,0.5700000000000001,0.05,316912.0,7925000.0,4517250.000000001,15845.6,27445.384276413402,180602.00000000003,False,7925000.0,25.0,1.0,0.0,hypothetical scenario
uniform,0.5720000000000001,0.05,316912.0,7925000.0,4533100.000000001,15845.6,27445.384276413402,181236.00000000003,False,7925000.0,25.0,1.0,0.0,hypothetical scenario
uniform,0.5740000000000001,0.05,316912.0,7925000.0,4548950.000000001,15845.6,27445.384276413402,181870.00000000003,False,7925000.0,25.0,1.0,0.0,hypothetical scenario
uniform,0.5760000000000001,0.05,316912.0,7925000.0,4564800.000000001,15845.6,27445.384276413402,182504.00000000003,False,7925000.0,25.0,1.0,0.0,hypothetical scenario
uniform,0.578,0.05,316912.0,7925000.0,4580650.0,15845.6,27445.384276413402,183138.0,False,7925000.0,25.0,1.0,0.0,hypothetical scenario
uniform,0.58,0.05,316912.0,7925000.0,4596500.0,15845.6,27445.384276413402,183772.0,False,7925000.0,25.0,1.0,0.0,hypothetical scenario
uniform,0.582,0.05,316912.0,7925000.0,4612350.0,15845.6,27445.384276413402,184406.0,False,7925000.0,25.0,1.0,0.0,hypothetical scenario
uniform,0.584,0.05,316912.0,7925000.0,4628200.0,15845.6,27445.384276413402,185040.0,False,7925000.0,25.0,1.0,0.0,hypothetical scenario
uniform,0.586,0.05,316912.0,7925000.0,4644050.0,15845.6,27445.384276413402,185674.0,False,7925000.0,25.0,1.0,0.0,hypothetical scenario
uniform,0.588,0.05,316912.0,7925000.0,4659900.0,15845.6,27445.384276413402,186308.0,False,7925000.0,25.0,1.0,0.0,hypothetical scenario
uniform,0.59,0.05,316912.0,7925000.0,4675750.0,15845.6,27445.384276413402,186942.0,False,7925000.0,25.0,1.0,0.0,hypothetical scenario
uniform,0.592,0.05,316912.0,7925000.0,4691600.0,15845.6,27445.384276413402,187576.0,False,7925000.0,25.0,1.0,0.0,hypothetical scenario
uniform,0.594,0.05,316912.0,7925000.0,4707450.0,15845.6,27445.384276413402,188210.0,False,7925000.0,25.0,1.0,0.0,hypothetical scenario
uniform,0.596,0.05,316912.0,7925000.0,4723300.0,15845.6,27445.384276413402,188844.0,False,7925000.0,25.0,1.0,0.0,hypothetical scenario
uniform,0.598,0.05,316912.0,7925000.0,4739150.0,15845.6,27445.384276413402,189478.0,False,7925000.0,25.0,1.0,0.0,hypothetical scenario
uniform,0.6,0.05,316912.0,7925000.0,4755000.0,15845.6,27445.384276413402,190112.0,False,7925000.0,25.0,1.0,0.0,hypothetical scenario
uniform,0.602,0.05,316912.0,7925000.0,4770850.0,15845.6,27445.384276413402,190746.0,False,7925000.0,25.0,1.0,0.0,hypothetical scenario
uniform,0.604,0.05,316912.0,7925000.0,4786700.0,15845.6,27445.384276413402,191380.0,False,7925000.0,25.0,1.0,0.0,hypothetical scenario
uniform,0.606,0.05,316912.0,7925000.0,4802550.0,15845.6,27445.384276413402,192014.0,False,7925000.0,25.0,1.0,0.0,hypothetical scenario
uniform,0.608,0.05,316912.0,7925000.0,4818400.0,15845.6,27445.384276413402,192648.0,False,7925000.0,25.0,1.0,0.0,hypothetical scenario
uniform,0.61,0.05,316912.0,7925000.0,4834250.0,15845.6,27445.384276413402,193282.0,False,7925000.0,25.0,1.0,0.0,hypothetical scenario
uniform,0.612,0.05,316912.0,7925000.0,4850100.0,15845.6,27445.384276413402,193916.0,False,7925000.0,25.0,1.0,0.0,hypothetical scenario
uniform,0.614,0.05,316912.0,7925000.0,4865950.0,15845.6,27445.384276413402,194550.0,False,7925000.0,25.0,1.0,0.0,hypothetical scenario
uniform,0.616,0.05,316912.0,7925000.0,4881800.0,15845.6,27445.384276413402,195184.0,False,7925000.0,25.0,1.0,0.0,hypothetical scenario
uniform,0.618,0.05,316912.0,7925000.0,4897650.0,15845.6,27445.384276413402,195818.0,False,7925000.0,25.0,1.0,0.0,hypothetical scenario
uniform,0.62,0.05,316912.0,7925000.0,4913500.0,15845.6,27445.384276413402,196452.0,False,7925000.0,25.0,1.0,0.0,hypothetical scenario
uniform,0.622,0.05,316912.0,7925000.0,4929350.0,15845.6,27445.384276413402,197086.0,False,7925000.0,25.0,1.0,0.0,hypothetical scenario
uniform,0.624,0.05,316912.0,7925000.0,4945200.0,15845.6,27445.384276413402,197720.0,False,7925000.0,25.0,1.0,0.0,hypothetical scenario
uniform,0.626,0.05,316912.0,7925000.0,4961050.0,15845.6,27445.384276413402,198354.0,False,7925000.0,25.0,1.0,0.0,hypothetical scenario
uniform,0.628,0.05,316912.0,7925000.0,4976900.0,15845.6,27445.384276413402,198988.0,False,7925000.0,25.0,1.0,0.0,hypothetical scenario
uniform,0.63,0.05,316912.0,7925000.0,4992750.0,15845.6,27445.384276413402,199622.0,False,7925000.0,25.0,1.0,0.0,hypothetical scenario
uniform,0.632,0.05,316912.0,7925000.0,5008600.0,15845.6,27445.384276413402,200256.0,False,7925000.0,25.0,1.0,0.0,hypothetical scenario
uniform,0.634,0.05,316912.0,7925000.0,5024450.0,15845.6,27445.384276413402,200890.0,False,7925000.0,25.0,1.0,0.0,hypothetical scenario
uniform,0.636,0.05,316912.0,7925000.0,5040300.0,15845.6,27445.384276413402,201524.0,False,7925000.0,25.0,1.0,0.0,hypothetical scenario
uniform,0.638,0.05,316912.0,7925000.0,5056150.0,15845.6,27445.384276413402,202158.0,False,7925000.0,25.0,1.0,0.0,hypothetical scenario
uniform,0.64,0.05,316912.0,7925000.0,5072000.0,15845.6,27445.384276413402,202792.0,False,7925000.0,25.0,1.0,0.0,hypothetical scenario
uniform,0.642,0.05,316912.0,7925000.0,5087850.0,15845.6,27445.384276413402,203426.0,False,7925000.0,25.0,1.0,0.0,hypothetical scenario
uniform,0.644,0.05,316912.0,7925000.0,5103700.0,15845.6,27445.384276413402,204060.0,False,7925000.0,25.0,1.0,0.0,hypothetical scenario
uniform,0.646,0.05,316912.0,7925000.0,5119550.0,15845.6,27445.384276413402,204694.0,False,7925000.0,25.0,1.0,0.0,hypothetical scenario
uniform,0.648,0.05,316912.0,7925000.0,5135400.0,15845.6,27445.384276413402,205328.0,False,7925000.0,25.0,1.0,0.0,hypothetical scenario
uniform,0.65,0.05,316912.0,7925000.0,5151250.0,15845.6,27445.384276413402,205962.0,False,7925000.0,25.0,1.0,0.0,hypothetical scenario
uniform,0.652,0.05,316912.0,7925000.0,5167100.0,15845.6,27445.384276413402,206596.0,False,7925000.0,25.0,1.0,0.0,hypothetical scenario
uniform,0.654,0.05,316912.0,7925000.0,5182950.0,15845.6,27445.384276413402,207230.0,False,7925000.0,25.0,1.0,0.0,hypothetical scenario
uniform,0.656,0.05,316912.0,7925000.0,5198800.0,15845.6,27445.384276413402,207864.0,False,7925000.0,25.0,1.0,0.0,hypothetical scenario
uniform,0.658,0.05,316912.0,7925000.0,5214650.0,15845.6,27445.384276413402,208498.0,False,7925000.0,25.0,1.0,0.0,hypothetical scenario
uniform,0.66,0.05,316912.0,7925000.0,5230500.0,15845.6,27445.384276413402,209132.0,False,7925000.0,25.0,1.0,0.0,hypothetical scenario
uniform,0.662,0.05,316912.0,7925000.0,5246350.0,15845.6,27445.384276413402,209766.0,False,7925000.0,25.0,1.0,0.0,hypothetical scenario
uniform,0.664,0.05,316912.0,7925000.0,5262200.0,15845.6,27445.384276413402,210400.0,False,7925000.0,25.0,1.0,0.0,hypothetical scenario
uniform,0.666,0.05,316912.0,7925000.0,5278050.0,15845.6,27445.384276413402,211034.0,False,7925000.0,25.0,1.0,0.0,hypothetical scenario
uniform,0.668,0.05,316912.0,7925000.0,5293900.0,15845.6,27445.384276413402,211668.0,False,7925000.0,25.0,1.0,0.0,hypothetical scenario
uniform,0.67,0.05,316912.0,7925000.0,5309750.0,15845.6,27445.384276413402,212302.0,False,7925000.0,25.0,1.0,0.0,hypothetical scenario
uniform,0.672,0.05,316912.0,7925000.0,5325600.0,15845.6,27445.384276413402,212936.0,False,7925000.0,25.0,1.0,0.0,hypothetical scenario
uniform,0.674,0.05,316912.0,7925000.0,5341450.0,15845.6,27445.384276413402,213570.0,False,7925000.0,25.0,1.0,0.0,hypothetical scenario
uniform,0.676,0.05,316912.0,7925000.0,5357300.0,15845.6,27445.384276413402,214204.0,False,7925000.0,25.0,1.0,0.0,hypothetical scenario
uniform,0.678,0.05,316912.0,7925000.0,5373150.0,15845.6,27445.384276413402,214838.0,False,7925000.0,25.0,1.0,0.0,hypothetical scenario
uniform,0.68,0.05,316912.0,7925000.0,5389000.0,15845.6,27445.384276413402,215472.0,False,7925000.0,25.0,1.0,0.0,hypothetical scenario
uniform,0.682,0.05,316912.0,7925000.0,5404850.0,15845.6,27445.384276413402,216106.0,False,7925000.0,25.0,1.0,0.0,hypothetical scenario
uniform,0.684,0.05,316912.0,7925000.0,5420700.0,15845.6,27445.384276413402,216740.0,False,7925000.0,25.0,1.0,0.0,hypothetical scenario
uniform,0.686,0.05,316912.0,7925000.0,5436550.0,15845.6,27445.384276413402,217374.0,False,7925000.0,25.0,1.0,0.0,hypothetical scenario
uniform,0.6880000000000001,0.05,316912.0,7925000.0,5452400.0,15845.6,27445.384276413402,218008.0,False,7925000.0,25.0,1.0,0.0,hypothetical scenario
uniform,0.6900000000000001,0.05,316912.0,7925000.0,5468250.0,15845.6,27445.384276413402,218642.0,False,7925000.0,25.0,1.0,0.0,hypothetical scenario
uniform,0.6920000000000001,0.05,316912.0,7925000.0,5484100.000000001,15845.6,27445.384276413402,219276.00000000006,False,7925000.0,25.0,1.0,0.0,hypothetical scenario
uniform,0.6940000000000001,0.05,316912.0,7925000.0,5499950.000000001,15845.6,27445.384276413402,219910.00000000006,False,7925000.0,25.0,1.0,0.0,hypothetical scenario
uniform,0.6960000000000001,0.05,316912.0,7925000.0,5515800.000000001,15845.6,27445.384276413402,220544.00000000006,False,7925000.0,25.0,1.0,0.0,hypothetical scenario
uniform,0.6980000000000001,0.05,316912.0,7925000.0,5531650.000000001,15845.6,27445.384276413402,221178.00000000006,False,7925000.0,25.0,1.0,0.0,hypothetical scenario
uniform,0.7000000000000001,0.05,316912.0,7925000.0,5547500.000000001,15845.6,27445.384276413402,221812.00000000006,False,7925000.0,25.0,1.0,0.0,hypothetical scenario
uniform,0.7020000000000001,0.05,316912.0,7925000.0,5563350.000000001,15845.6,27445.384276413402,222446.00000000006,False,7925000.0,25.0,1.0,0.0,hypothetical scenario
uniform,0.704,0.05,316912.0,7925000.0,5579200.0,15845.6,27445.384276413402,223080.0,False,7925000.0,25.0,1.0,0.0,hypothetical scenario
uniform,0.706,0.05,316912.0,7925000.0,5595050.0,15845.6,27445.384276413402,223714.0,False,7925000.0,25.0,1.0,0.0,hypothetical scenario
uniform,0.708,0.05,316912.0,7925000.0,5610900.0,15845.6,27445.384276413402,224348.0,False,7925000.0,25.0,1.0,0.0,hypothetical scenario
uniform,0.71,0.05,316912.0,7925000.0,5626750.0,15845.6,27445.384276413402,224982.0,False,7925000.0,25.0,1.0,0.0,hypothetical scenario
uniform,0.712,0.05,316912.0,7925000.0,5642600.0,15845.6,27445.384276413402,225616.0,False,7925000.0,25.0,1.0,0.0,hypothetical scenario
uniform,0.714,0.05,316912.0,7925000.0,5658450.0,15845.6,27445.384276413402,226250.0,False,7925000.0,25.0,1.0,0.0,hypothetical scenario
uniform,0.716,0.05,316912.0,7925000.0,5674300.0,15845.6,27445.384276413402,226884.0,False,7925000.0,25.0,1.0,0.0,hypothetical scenario
uniform,0.718,0.05,316912.0,7925000.0,5690150.0,15845.6,27445.384276413402,227518.0,False,7925000.0,25.0,1.0,0.0,hypothetical scenario
uniform,0.72,0.05,316912.0,7925000.0,5706000.0,15845.6,27445.384276413402,228152.0,False,7925000.0,25.0,1.0,0.0,hypothetical scenario
uniform,0.722,0.05,316912.0,7925000.0,5721850.0,15845.6,27445.384276413402,228786.0,False,7925000.0,25.0,1.0,0.0,hypothetical scenario
uniform,0.724,0.05,316912.0,7925000.0,5737700.0,15845.6,27445.384276413402,229420.0,False,7925000.0,25.0,1.0,0.0,hypothetical scenario
uniform,0.726,0.05,316912.0,7925000.0,5753550.0,15845.6,27445.384276413402,230054.0,False,7925000.0,25.0,1.0,0.0,hypothetical scenario
uniform,0.728,0.05,316912.0,7925000.0,5769400.0,15845.6,27445.384276413402,230688.0,False,7925000.0,25.0,1.0,0.0,hypothetical scenario
uniform,0.73,0.05,316912.0,7925000.0,5785250.0,15845.6,27445.384276413402,231322.0,False,7925000.0,25.0,1.0,0.0,hypothetical scenario
uniform,0.732,0.05,316912.0,7925000.0,5801100.0,15845.6,27445.384276413402,231956.0,False,7925000.0,25.0,1.0,0.0,hypothetical scenario
uniform,0.734,0.05,316912.0,7925000.0,5816950.0,15845.6,27445.384276413402,232590.0,False,7925000.0,25.0,1.0,0.0,hypothetical scenario
uniform,0.736,0.05,316912.0,7925000.0,5832800.0,15845.6,27445.384276413402,233224.0,False,7925000.0,25.0,1.0,0.0,hypothetical scenario
uniform,0.738,0.05,316912.0,7925000.0,5848650.0,15845.6,27445.384276413402,233858.0,False,7925000.0,25.0,1.0,0.0,hypothetical scenario
uniform,0.74,0.05,316912.0,7925000.0,5864500.0,15845.6,27445.384276413402,234492.0,False,7925000.0,25.0,1.0,0.0,hypothetical scenario
uniform,0.742,0.05,316912.0,7925000.0,5880350.0,15845.6,27445.384276413402,235126.0,False,7925000.0,25.0,1.0,0.0,hypothetical scenario
uniform,0.744,0.05,316912.0,7925000.0,5896200.0,15845.6,27445.384276413402,235760.0,False,7925000.0,25.0,1.0,0.0,hypothetical scenario
uniform,0.746,0.05,316912.0,7925000.0,5912050.0,15845.6,27445.384276413402,236394.0,False,7925000.0,25.0,1.0,0.0,hypothetical scenario
uniform,0.748,0.05,316912.0,7925000.0,5927900.0,15845.6,27445.384276413402,237028.0,False,7925000.0,25.0,1.0,0.0,hypothetical scenario
uniform,0.75,0.05,316912.0,7925000.0,5943750.0,15845.6,27445.384276413402,237662.0,False,7925000.0,25.0,1.0,0.0,hypothetical scenario
uniform,0.752,0.05,316912.0,7925000.0,5959600.0,15845.6,27445.384276413402,238296.0,False,7925000.0,25.0,1.0,0.0,hypothetical scenario
uniform,0.754,0.05,316912.0,7925000.0,5975450.0,15845.6,27445.384276413402,238930.0,False,7925000.0,25.0,1.0,0.0,hypothetical scenario
uniform,0.756,0.05,316912.0,7925000.0,5991300.0,15845.6,27445.384276413402,239564.0,False,7925000.0,25.0,1.0,0.0,hypothetical scenario
uniform,0.758,0.05,316912.0,7925000.0,6007150.0,15845.6,27445.384276413402,240198.0,False,7925000.0,25.0,1.0,0.0,hypothetical scenario
uniform,0.76,0.05,316912.0,7925000.0,6023000.0,15845.6,27445.384276413402,240832.0,False,7925000.0,25.0,1.0,0.0,hypothetical scenario
uniform,0.762,0.05,316912.0,7925000.0,6038850.0,15845.6,27445.384276413402,241466.0,False,7925000.0,25.0,1.0,0.0,hypothetical scenario
uniform,0.764,0.05,316912.0,7925000.0,6054700.0,15845.6,27445.384276413402,242100.0,False,7925000.0,25.0,1.0,0.0,hypothetical scenario
uniform,0.766,0.05,316912.0,7925000.0,6070550.0,15845.6,27445.384276413402,242734.0,False,7925000.0,25.0,1.0,0.0,hypothetical scenario
uniform,0.768,0.05,316912.0,7925000.0,6086400.0,15845.6,27445.384276413402,243368.0,False,7925000.0,25.0,1.0,0.0,hypothetical scenario
uniform,0.77,0.05,316912.0,7925000.0,6102250.0,15845.6,27445.384276413402,244002.0,False,7925000.0,25.0,1.0,0.0,hypothetical scenario
uniform,0.772,0.05,316912.0,7925000.0,6118100.0,15845.6,27445.384276413402,244636.0,False,7925000.0,25.0,1.0,0.0,hypothetical scenario
uniform,0.774,0.05,316912.0,7925000.0,6133950.0,15845.6,27445.384276413402,245270.0,False,7925000.0,25.0,1.0,0.0,hypothetical scenario
uniform,0.776,0.05,316912.0,7925000.0,6149800.0,15845.6,27445.384276413402,245904.0,False,7925000.0,25.0,1.0,0.0,hypothetical scenario
uniform,0.778,0.05,316912.0,7925000.0,6165650.0,15845.6,27445.384276413402,246538.0,False,7925000.0,25.0,1.0,0.0,hypothetical scenario
uniform,0.78,0.05,316912.0,7925000.0,6181500.0,15845.6,27445.384276413402,247172.0,False,7925000.0,25.0,1.0,0.0,hypothetical scenario
uniform,0.782,0.05,316912.0,7925000.0,6197350.0,15845.6,27445.384276413402,247806.0,False,7925000.0,25.0,1.0,0.0,hypothetical scenario
uniform,0.784,0.05,316912.0,7925000.0,6213200.0,15845.6,27445.384276413402,248440.0,False,7925000.0,25.0,1.0,0.0,hypothetical scenario
uniform,0.786,0.05,316912.0,7925000.0,6229050.0,15845.6,27445.384276413402,249074.0,False,7925000.0,25.0,1.0,0.0,hypothetical scenario
uniform,0.788,0.05,316912.0,7925000.0,6244900.0,15845.6,27445.384276413402,249708.0,False,7925000.0,25.0,1.0,0.0,hypothetical scenario
uniform,0.79,0.05,316912.0,7925000.0,6260750.0,15845.6,27445.384276413402,250342.0,False,7925000.0,25.0,1.0,0.0,hypothetical scenario
uniform,0.792,0.05,316912.0,7925000.0,6276600.0,15845.6,27445.384276413402,250976.0,False,7925000.0,25.0,1.0,0.0,hypothetical scenario
uniform,0.794,0.05,316912.0,7925000.0,6292450.0,15845.6,27445.384276413402,251610.0,False,7925000.0,25.0,1.0,0.0,hypothetical scenario
uniform,0.796,0.05,316912.0,7925000.0,6308300.0,15845.6,27445.384276413402,252244.0,False,7925000.0,25.0,1.0,0.0,hypothetical scenario
uniform,0.798,0.05,316912.0,7925000.0,6324150.0,15845.6,27445.384276413402,252878.0,False,7925000.0,25.0,1.0,0.0,hypothetical scenario
uniform,0.8,0.05,316912.0,7925000.0,6340000.0,15845.6,27445.384276413402,253512.0,False,7925000.0,25.0,1.0,0.0,hypothetical scenario
uniform,0.802,0.05,316912.0,7925000.0,6355850.0,15845.6,27445.384276413402,254146.0,False,7925000.0,25.0,1.0,0.0,hypothetical scenario
uniform,0.804,0.05,316912.0,7925000.0,6371700.0,15845.6,27445.384276413402,254780.0,False,7925000.0,25.0,1.0,0.0,hypothetical scenario
uniform,0.806,0.05,316912.0,7925000.0,6387550.0,15845.6,27445.384276413402,255414.0,False,7925000.0,25.0,1.0,0.0,hypothetical scenario
uniform,0.808,0.05,316912.0,7925000.0,6403400.0,15845.6,27445.384276413402,256048.0,False,7925000.0,25.0,1.0,0.0,hypothetical scenario
uniform,0.81,0.05,316912.0,7925000.0,6419250.0,15845.6,27445.384276413402,256682.0,False,7925000.0,25.0,1.0,0.0,hypothetical scenario
uniform,0.812,0.05,316912.0,7925000.0,6435100.0,15845.6,27445.384276413402,257316.0,False,7925000.0,25.0,1.0,0.0,hypothetical scenario
uniform,0.8140000000000001,0.05,316912.0,7925000.0,6450950.0,15845.6,27445.384276413402,257950.0,False,7925000.0,25.0,1.0,0.0,hypothetical scenario
uniform,0.8160000000000001,0.05,316912.0,7925000.0,6466800.0,15845.6,27445.384276413402,258584.0,False,7925000.0,25.0,1.0,0.0,hypothetical scenario
uniform,0.8180000000000001,0.05,316912.0,7925000.0,6482650.000000001,15845.6,27445.384276413402,259218.00000000003,False,7925000.0,25.0,1.0,0.0,hypothetical scenario
uniform,0.8200000000000001,0.05,316912.0,7925000.0,6498500.000000001,15845.6,27445.384276413402,259852.00000000003,False,7925000.0,25.0,1.0,0.0,hypothetical scenario
uniform,0.8220000000000001,0.05,316912.0,7925000.0,6514350.000000001,15845.6,27445.384276413402,260486.00000000003,False,7925000.0,25.0,1.0,0.0,hypothetical scenario
uniform,0.8240000000000001,0.05,316912.0,7925000.0,6530200.000000001,15845.6,27445.384276413402,261120.00000000003,False,7925000.0,25.0,1.0,0.0,hypothetical scenario
uniform,0.8260000000000001,0.05,316912.0,7925000.0,6546050.000000001,15845.6,27445.384276413402,261754.00000000003,False,7925000.0,25.0,1.0,0.0,hypothetical scenario
uniform,0.8280000000000001,0.05,316912.0,7925000.0,6561900.000000001,15845.6,27445.384276413402,262388.00000000006,False,7925000.0,25.0,1.0,0.0,hypothetical scenario
uniform,0.8300000000000001,0.05,316912.0,7925000.0,6577750.000000001,15845.6,27445.384276413402,263022.00000000006,False,7925000.0,25.0,1.0,0.0,hypothetical scenario
uniform,0.8320000000000001,0.05,316912.0,7925000.0,6593600.000000001,15845.6,27445.384276413402,263656.00000000006,False,7925000.0,25.0,1.0,0.0,hypothetical scenario
uniform,0.834,0.05,316912.0,7925000.0,6609450.0,15845.6,27445.384276413402,264290.0,False,7925000.0,25.0,1.0,0.0,hypothetical scenario
uniform,0.836,0.05,316912.0,7925000.0,6625300.0,15845.6,27445.384276413402,264924.0,False,7925000.0,25.0,1.0,0.0,hypothetical scenario
uniform,0.838,0.05,316912.0,7925000.0,6641150.0,15845.6,27445.384276413402,265558.0,False,7925000.0,25.0,1.0,0.0,hypothetical scenario
uniform,0.84,0.05,316912.0,7925000.0,6657000.0,15845.6,27445.384276413402,266192.0,False,7925000.0,25.0,1.0,0.0,hypothetical scenario
uniform,0.842,0.05,316912.0,7925000.0,6672850.0,15845.6,27445.384276413402,266826.0,False,7925000.0,25.0,1.0,0.0,hypothetical scenario
uniform,0.844,0.05,316912.0,7925000.0,6688700.0,15845.6,27445.384276413402,267460.0,False,7925000.0,25.0,1.0,0.0,hypothetical scenario
uniform,0.846,0.05,316912.0,7925000.0,6704550.0,15845.6,27445.384276413402,268094.0,False,7925000.0,25.0,1.0,0.0,hypothetical scenario
uniform,0.848,0.05,316912.0,7925000.0,6720400.0,15845.6,27445.384276413402,268728.0,False,7925000.0,25.0,1.0,0.0,hypothetical scenario
uniform,0.85,0.05,316912.0,7925000.0,6736250.0,15845.6,27445.384276413402,269362.0,False,7925000.0,25.0,1.0,0.0,hypothetical scenario
uniform,0.852,0.05,316912.0,7925000.0,6752100.0,15845.6,27445.384276413402,269996.0,False,7925000.0,25.0,1.0,0.0,hypothetical scenario
uniform,0.854,0.05,316912.0,7925000.0,6767950.0,15845.6,27445.384276413402,270630.0,False,7925000.0,25.0,1.0,0.0,hypothetical scenario
uniform,0.856,0.05,316912.0,7925000.0,6783800.0,15845.6,27445.384276413402,271264.0,False,7925000.0,25.0,1.0,0.0,hypothetical scenario
uniform,0.858,0.05,316912.0,7925000.0,6799650.0,15845.6,27445.384276413402,271898.0,False,7925000.0,25.0,1.0,0.0,hypothetical scenario
uniform,0.86,0.05,316912.0,7925000.0,6815500.0,15845.6,27445.384276413402,272532.0,False,7925000.0,25.0,1.0,0.0,hypothetical scenario
uniform,0.862,0.05,316912.0,7925000.0,6831350.0,15845.6,27445.384276413402,273166.0,False,7925000.0,25.0,1.0,0.0,hypothetical scenario
uniform,0.864,0.05,316912.0,7925000.0,6847200.0,15845.6,27445.384276413402,273800.0,False,7925000.0,25.0,1.0,0.0,hypothetical scenario
uniform,0.866,0.05,316912.0,7925000.0,6863050.0,15845.6,27445.384276413402,274434.0,False,7925000.0,25.0,1.0,0.0,hypothetical scenario
uniform,0.868,0.05,316912.0,7925000.0,6878900.0,15845.6,27445.384276413402,275068.0,False,7925000.0,25.0,1.0,0.0,hypothetical scenario
uniform,0.87,0.05,316912.0,7925000.0,6894750.0,15845.6,27445.384276413402,275702.0,False,7925000.0,25.0,1.0,0.0,hypothetical scenario
uniform,0.872,0.05,316912.0,7925000.0,6910600.0,15845.6,27445.384276413402,276336.0,False,7925000.0,25.0,1.0,0.0,hypothetical scenario
uniform,0.874,0.05,316912.0,7925000.0,6926450.0,15845.6,27445.384276413402,276970.0,False,7925000.0,25.0,1.0,0.0,hypothetical scenario
uniform,0.876,0.05,316912.0,7925000.0,6942300.0,15845.6,27445.384276413402,277604.0,False,7925000.0,25.0,1.0,0.0,hypothetical scenario
uniform,0.878,0.05,316912.0,7925000.0,6958150.0,15845.6,27445.384276413402,278238.0,False,7925000.0,25.0,1.0,0.0,hypothetical scenario
uniform,0.88,0.05,316912.0,7925000.0,6974000.0,15845.6,27445.384276413402,278872.0,False,7925000.0,25.0,1.0,0.0,hypothetical scenario
uniform,0.882,0.05,316912.0,7925000.0,6989850.0,15845.6,27445.384276413402,279506.0,False,7925000.0,25.0,1.0,0.0,hypothetical scenario
uniform,0.884,0.05,316912.0,7925000.0,7005700.0,15845.6,27445.384276413402,280140.0,False,7925000.0,25.0,1.0,0.0,hypothetical scenario
uniform,0.886,0.05,316912.0,7925000.0,7021550.0,15845.6,27445.384276413402,280774.0,False,7925000.0,25.0,1.0,0.0,hypothetical scenario
uniform,0.888,0.05,316912.0,7925000.0,7037400.0,15845.6,27445.384276413402,281408.0,False,7925000.0,25.0,1.0,0.0,hypothetical scenario
uniform,0.89,0.05,316912.0,7925000.0,7053250.0,15845.6,27445.384276413402,282042.0,False,7925000.0,25.0,1.0,0.0,hypothetical scenario
uniform,0.892,0.05,316912.0,7925000.0,7069100.0,15845.6,27445.384276413402,282676.0,False,7925000.0,25.0,1.0,0.0,hypothetical scenario
uniform,0.894,0.05,316912.0,7925000.0,7084950.0,15845.6,27445.384276413402,283310.0,False,7925000.0,25.0,1.0,0.0,hypothetical scenario
uniform,0.896,0.05,316912.0,7925000.0,7100800.0,15845.6,27445.384276413402,283944.0,False,7925000.0,25.0,1.0,0.0,hypothetical scenario
uniform,0.898,0.05,316912.0,7925000.0,7116650.0,15845.6,27445.384276413402,284578.0,False,7925000.0,25.0,1.0,0.0,hypothetical scenario
uniform,0.9,0.05,316912.0,7925000.0,7132500.0,15845.6,27445.384276413402,285212.0,False,7925000.0,25.0,1.0,0.0,hypothetical scenario
uniform,0.902,0.05,316912.0,7925000.0,7148350.0,15845.6,27445.384276413402,285846.0,False,7925000.0,25.0,1.0,0.0,hypothetical scenario
uniform,0.904,0.05,316912.0,7925000.0,7164200.0,15845.6,27445.384276413402,286480.0,False,7925000.0,25.0,1.0,0.0,hypothetical scenario
uniform,0.906,0.05,316912.0,7925000.0,7180050.0,15845.6,27445.384276413402,287114.0,False,7925000.0,25.0,1.0,0.0,hypothetical scenario
uniform,0.908,0.05,316912.0,7925000.0,7195900.0,15845.6,27445.384276413402,287748.0,False,7925000.0,25.0,1.0,0.0,hypothetical scenario
uniform,0.91,0.05,316912.0,7925000.0,7211750.0,15845.6,27445.384276413402,288382.0,False,7925000.0,25.0,1.0,0.0,hypothetical scenario
uniform,0.912,0.05,316912.0,7925000.0,7227600.0,15845.6,27445.384276413402,289016.0,False,7925000.0,25.0,1.0,0.0,hypothetical scenario
uniform,0.914,0.05,316912.0,7925000.0,7243450.0,15845.6,27445.384276413402,289650.3073614993,False,7925000.0,24.916337645311025,0.9966535058124409,0.0,hypothetical scenario
uniform,0.916,0.05,316912.0,7925000.0,7259300.0,15845.6,27445.384276413402,290290.17822644865,False,7925000.0,24.624908466134226,0.9849963386453691,0.0,hypothetical scenario
uniform,0.918,0.05,316912.0,7925000.0,7275150.0,15845.6,27445.384276413402,290937.7130351529,False,7925000.0,24.329988743849302,0.973199549753972,0.0,hypothetical scenario
uniform,0.92,0.05,316912.0,7925000.0,7291000.0,15845.6,27445.384276413402,291593.1939481294,False,7925000.000000001,24.031449968451348,0.961257998738054,0.0,hypothetical scenario
uniform,0.922,0.05,316912.0,7925000.0,7306850.0,15845.6,27445.384276413402,292256.9208766087,False,7925000.0,23.729155545373402,0.949166221814936,0.0,hypothetical scenario
uniform,0.924,0.05,316912.0,7925000.0,7322700.0,15845.6,27445.384276413402,292929.2130863992,False,7925000.0,23.422960065006112,0.9369184026002445,0.0,hypothetical scenario
uniform,0.926,0.05,316912.0,7925000.0,7338550.0,15845.6,27445.384276413402,293610.41099303006,False,7925000.0,23.112708485100065,0.9245083394040026,0.0,hypothetical scenario
uniform,0.928,0.05,316912.0,7925000.0,7354400.0,15845.6,27445.384276413402,294300.87817681197,False,7925000.0,22.798235213006322,0.9119294085202528,0.0,hypothetical scenario
uniform,0.93,0.05,316912.0,7925000.0,7370250.0,15845.6,27445.384276413402,295001.00365167094,False,7925000.0,22.47936307233609,0.8991745228934436,0.0,hypothetical scenario
uniform,0.932,0.05,316912.0,7925000.0,7386100.0,15845.6,27445.384276413402,295711.20442794566,False,7925000.0,22.15590213573469,0.8862360854293876,0.0,hypothetical scenario
uniform,0.934,0.05,316912.0,7925000.0,7401950.0,15845.6,27445.384276413402,296431.9284170845,False,7925000.0,21.827648401937346,0.8731059360774939,0.0,hypothetical scenario
uniform,0.936,0.05,316912.0,7925000.0,7417800.0,15845.6,27445.384276413402,297163.6577357015,False,7925000.0,21.494382290936937,0.8597752916374775,0.0,hypothetical scenario
uniform,0.9380000000000001,0.05,316912.0,7925000.0,7433650.0,15845.6,27445.384276413402,297906.9124782226,False,7925000.0,21.1558669257322,0.8462346770292881,0.0,hypothetical scenario
uniform,0.9400000000000001,0.05,316912.0,7925000.0,7449500.0,15845.6,27445.384276413402,298662.2550420023,False,7925000.0,20.81184616245361,0.8324738464981444,0.0,hypothetical scenario
uniform,0.9420000000000001,0.05,316912.0,7925000.0,7465350.000000001,15845.6,27445.384276413402,299430.29510713223,False,7925000.0,20.462042322309358,0.8184816928923744,0.0,hypothetical scenario
uniform,0.9440000000000001,0.05,316912.0,7925000.0,7481200.000000001,15845.6,27445.384276413402,300211.6953963024,False,7925000.0,20.106153568256783,0.8042461427302713,0.0,hypothetical scenario
uniform,0.9460000000000001,0.05,316912.0,7925000.0,7497050.000000001,15845.6,27445.384276413402,301007.1783694679,False,7925000.0,19.743850855916385,0.7897540342366554,0.0,hypothetical scenario
uniform,0.9480000000000001,0.05,316912.0,7925000.0,7512900.000000001,15845.6,27445.384276413402,301817.5340457228,False,7925000.0,19.37477437109954,0.7749909748439816,0.0,hypothetical scenario
uniform,0.9500000000000001,0.05,316912.0,7925000.0,7528750.000000001,15845.6,27445.384276413402,302643.62919341226,False,7925000.0,18.998529344171917,0.7599411737668766,0.0,hypothetical scenario
uniform,0.9520000000000001,0.05,316912.0,7925000.0,7544600.000000001,15845.6,27445.384276413402,303486.418192901,False,7925000.0,18.614681102605736,0.7445872441042295,0.0,hypothetical scenario
uniform,0.9540000000000001,0.05,316912.0,7925000.0,7560450.000000001,15845.6,27445.384276413402,304346.9559598528,False,7925000.0,18.222749185072278,0.7289099674028912,0.0,hypothetical scenario
uniform,0.9560000000000001,0.05,316912.0,7925000.0,7576300.000000001,15845.6,27445.384276413402,305226.41342786874,False,7925000.0,17.82220028987437,0.7128880115949748,0.0,hypothetical scenario
uniform,0.9580000000000001,0.05,316912.0,7925000.0,7592150.000000001,15845.6,27445.384276413402,306126.0962386731,False,7925000.0,17.4124397625015,0.69649759050006,0.0,hypothetical scenario
uniform,0.96,0.05,316912.0,7925000.0,7608000.0,15845.6,27445.384276413402,307047.4674914662,False,7925000.0,16.99280123443717,0.6797120493774869,0.0,hypothetical scenario
uniform,0.962,0.05,316912.0,7925000.0,7623850.0,15845.6,27445.384276413402,307992.17568393174,False,7925000.0,16.56253389742751,0.6625013558971005,0.0,hypothetical scenario
uniform,0.964,0.05,316912.0,7925000.0,7639700.0,15845.6,27445.384276413402,308962.08937087946,False,7925000.0,16.1207867182027,0.644831468728108,0.0,hypothetical scenario
uniform,0.966,0.05,316912.0,7925000.0,7655550.0,15845.6,27445.384276413402,309959.3406267415,False,7925000.0,15.666588643483493,0.6266635457393397,0.0,hypothetical scenario
uniform,0.968,0.05,316912.0,7925000.0,7671400.0,15845.6,27445.384276413402,310986.38021001243,False,7925000.0,15.198823475337559,0.6079529390135023,0.0,hypothetical scenario
uniform,0.97,0.05,316912.0,7925000.0,7687250.0,15845.6,27445.384276413402,312046.04852756567,False,7925000.0,14.716197550482175,0.588647902019287,0.0,hypothetical scenario
uniform,0.972,0.05,316912.0,7925000.0,7703100.0,15845.6,27445.384276413402,313141.6683091353,False,7925000.0,14.217197531692486,0.5686879012676994,0.0,hypothetical scenario
uniform,0.974,0.05,316912.0,7925000.0,7718950.0,15845.6,27445.384276413402,314277.16770763195,False,7925000.0,13.70003434176382,0.5480013736705528,0.0,hypothetical scenario
uniform,0.976,0.05,316912.0,7925000.0,7734800.0,15845.6,27445.384276413402,315457.24700511637,False,7925000.0,13.162567237277608,0.5265026894911043,0.0,hypothetical scenario
uniform,0.978,0.05,316912.0,7925000.0,7750650.0,15845.6,27445.384276413402,316687.60943499435,False,7925000.0,12.602198680635029,0.5040879472254012,0.0,hypothetical scenario
uniform,0.98,0.05,316912.0,7925000.0,7766500.0,15845.6,27445.384276413402,317975.28911227145,False,7925000.0,12.01572498422566,0.48062899936902637,0.0,hypothetical scenario
uniform,0.982,0.05,316912.0,7925000.0,7782350.0,15845.6,27445.384276413402,319329.13122661266,False,7925000.0,11.399117606503175,0.45596470426012703,0.0,hypothetical scenario
uniform,0.984,0.05,316912.0,7925000.0,7798200.0,15845.6,27445.384276413402,320760.52100605745,False,7925000.0,10.747191145468468,0.42988764581873873,0.0,hypothetical scenario
uniform,0.986,0.05,316912.0,7925000.0,7814050.0,15845.6,27445.384276413402,322284.5398363579,False,7925000.0,10.053076784128404,0.40212307136513614,0.0,hypothetical scenario
uniform,0.988,0.05,316912.0,7925000.0,7829900.0,15845.6,27445.384276413402,323921.9012346572,False,7925000.0,9.307340551302868,0.37229362205211475,0.0,hypothetical scenario
uniform,0.99,0.05,316912.0,7925000.0,7845750.0,15845.6,27445.384276413402,325702.4258839398,False,7925000.0,8.496400617218598,0.3398560246887439,0.0,hypothetical scenario
uniform,0.992,0.05,316912.0,7925000.0,7861600.0,15845.6,27445.384276413402,327671.88224321295,False,7925000.0,7.599411737668765,0.3039764695067506,0.0,hypothetical scenario
uniform,0.994,0.05,316912.0,7925000.0,7877450.0,15845.6,27445.384276413402,329907.3156407649,False,7925000.0,6.581283618638804,0.2632513447455522,0.0,hypothetical scenario
uniform,0.996,0.05,316912.0,7925000.0,7893300.0,15845.6,27445.384276413402,332558.95264123543,False,7925000.0,5.373595572734234,0.21494382290936936,0.0,hypothetical scenario
uniform,0.998,0.05,316912.0,7925000.0,7909150.0,15845.6,27445.384276413402,336014.6332598132,False,7925000.0,3.7997058688343825,0.1519882347533753,0.0,hypothetical scenario
uniform,1.0,0.05,316912.0,7925000.0,7925000.0,15845.6,27445.384276413402,,True,7925000.0,0.0,0.0,0.0,hypothetical scenario
uniform,0.0,0.1,316912.0,7925000.0,0.0,31691.2,54890.768552826805,-88.0,False,7925000.0,25.0,1.0,0.0,hypothetical scenario
uniform,0.002,0.1,316912.0,7925000.0,15850.0,31691.2,54890.768552826805,546.0,False,7925000.0,25.0,1.0,0.0,hypothetical scenario
uniform,0.004,0.1,316912.0,7925000.0,31700.0,31691.2,54890.768552826805,1180.0,False,7925000.0,25.0,1.0,0.0,hypothetical scenario
uniform,0.006,0.1,316912.0,7925000.0,47550.0,31691.2,54890.768552826805,1814.0,False,7925000.0,25.0,1.0,0.0,hypothetical scenario
uniform,0.008,0.1,316912.0,7925000.0,63400.0,31691.2,54890.768552826805,2448.0,False,7925000.0,25.0,1.0,0.0,hypothetical scenario
uniform,0.01,0.1,316912.0,7925000.0,79250.0,31691.2,54890.768552826805,3082.0,False,7925000.0,25.0,1.0,0.0,hypothetical scenario
uniform,0.012,0.1,316912.0,7925000.0,95100.0,31691.2,54890.768552826805,3716.0,False,7925000.0,25.0,1.0,0.0,hypothetical scenario
uniform,0.014,0.1,316912.0,7925000.0,110950.0,31691.2,54890.768552826805,4350.0,False,7925000.0,25.0,1.0,0.0,hypothetical scenario
uniform,0.016,0.1,316912.0,7925000.0,126800.0,31691.2,54890.768552826805,4984.0,False,7925000.0,25.0,1.0,0.0,hypothetical scenario
uniform,0.018000000000000002,0.1,316912.0,7925000.0,142650.00000000003,31691.2,54890.768552826805,5618.0,False,7925000.0,25.0,1.0,0.0,hypothetical scenario
uniform,0.02,0.1,316912.0,7925000.0,158500.0,31691.2,54890.768552826805,6252.0,False,7925000.0,25.0,1.0,0.0,hypothetical scenario
uniform,0.022,0.1,316912.0,7925000.0,174350.0,31691.2,54890.768552826805,6886.0,False,7925000.0,25.0,1.0,0.0,hypothetical scenario
uniform,0.024,0.1,316912.0,7925000.0,190200.0,31691.2,54890.768552826805,7520.0,False,7925000.0,25.0,1.0,0.0,hypothetical scenario
uniform,0.026000000000000002,0.1,316912.0,7925000.0,206050.00000000003,31691.2,54890.768552826805,8154.0,False,7925000.0,25.0,1.0,0.0,hypothetical scenario
uniform,0.028,0.1,316912.0,7925000.0,221900.0,31691.2,54890.768552826805,8788.0,False,7925000.0,25.0,1.0,0.0,hypothetical scenario
uniform,0.03,0.1,316912.0,7925000.0,237750.0,31691.2,54890.768552826805,9422.0,False,7925000.0,25.0,1.0,0.0,hypothetical scenario
uniform,0.032,0.1,316912.0,7925000.0,253600.0,31691.2,54890.768552826805,10056.0,False,7925000.0,25.0,1.0,0.0,hypothetical scenario
uniform,0.034,0.1,316912.0,7925000.0,269450.0,31691.2,54890.768552826805,10690.0,False,7925000.0,25.0,1.0,0.0,hypothetical scenario
uniform,0.036000000000000004,0.1,316912.0,7925000.0,285300.00000000006,31691.2,54890.768552826805,11324.0,False,7925000.0,25.0,1.0,0.0,hypothetical scenario
uniform,0.038,0.1,316912.0,7925000.0,301150.0,31691.2,54890.768552826805,11958.0,False,7925000.0,25.0,1.0,0.0,hypothetical scenario
uniform,0.04,0.1,316912.0,7925000.0,317000.0,31691.2,54890.768552826805,12592.0,False,7925000.0,25.0,1.0,0.0,hypothetical scenario
uniform,0.042,0.1,316912.0,7925000.0,332850.0,31691.2,54890.768552826805,13226.0,False,7925000.0,25.0,1.0,0.0,hypothetical scenario
uniform,0.044,0.1,316912.0,7925000.0,348700.0,31691.2,54890.768552826805,13860.0,False,7925000.0,25.0,1.0,0.0,hypothetical scenario
uniform,0.046,0.1,316912.0,7925000.0,364550.0,31691.2,54890.768552826805,14494.0,False,7925000.0,25.0,1.0,0.0,hypothetical scenario
uniform,0.048,0.1,316912.0,7925000.0,380400.0,31691.2,54890.768552826805,15128.0,False,7925000.0,25.0,1.0,0.0,hypothetical scenario
uniform,0.05,0.1,316912.0,7925000.0,396250.0,31691.2,54890.768552826805,15762.0,False,7925000.0,25.0,1.0,0.0,hypothetical scenario
uniform,0.052000000000000005,0.1,316912.0,7925000.0,412100.00000000006,31691.2,54890.768552826805,16396.0,False,7925000.0,25.0,1.0,0.0,hypothetical scenario
uniform,0.054,0.1,316912.0,7925000.0,427950.0,31691.2,54890.768552826805,17030.0,False,7925000.0,25.0,1.0,0.0,hypothetical scenario
uniform,0.056,0.1,316912.0,7925000.0,443800.0,31691.2,54890.768552826805,17664.0,False,7925000.0,25.0,1.0,0.0,hypothetical scenario
uniform,0.058,0.1,316912.0,7925000.0,459650.0,31691.2,54890.768552826805,18298.0,False,7925000.0,25.0,1.0,0.0,hypothetical scenario
uniform,0.06,0.1,316912.0,7925000.0,475500.0,31691.2,54890.768552826805,18932.0,False,7925000.0,25.0,1.0,0.0,hypothetical scenario
uniform,0.062,0.1,316912.0,7925000.0,491350.0,31691.2,54890.768552826805,19566.0,False,7925000.0,25.0,1.0,0.0,hypothetical scenario
uniform,0.064,0.1,316912.0,7925000.0,507200.0,31691.2,54890.768552826805,20200.0,False,7925000.0,25.0,1.0,0.0,hypothetical scenario
uniform,0.066,0.1,316912.0,7925000.0,523050.0,31691.2,54890.768552826805,20834.0,False,7925000.0,25.0,1.0,0.0,hypothetical scenario
uniform,0.068,0.1,316912.0,7925000.0,538900.0,31691.2,54890.768552826805,21468.0,False,7925000.0,25.0,1.0,0.0,hypothetical scenario
uniform,0.07,0.1,316912.0,7925000.0,554750.0,31691.2,54890.768552826805,22102.0,False,7925000.0,25.0,1.0,0.0,hypothetical scenario
uniform,0.07200000000000001,0.1,316912.0,7925000.0,570600.0000000001,31691.2,54890.768552826805,22736.0,False,7925000.0,25.0,1.0,0.0,hypothetical scenario
uniform,0.074,0.1,316912.0,7925000.0,586450.0,31691.2,54890.768552826805,23370.0,False,7925000.0,25.0,1.0,0.0,hypothetical scenario
uniform,0.076,0.1,316912.0,7925000.0,602300.0,31691.2,54890.768552826805,24004.0,False,7925000.0,25.0,1.0,0.0,hypothetical scenario
uniform,0.078,0.1,316912.0,7925000.0,618150.0,31691.2,54890.768552826805,24638.0,False,7925000.0,25.0,1.0,0.0,hypothetical scenario
uniform,0.08,0.1,316912.0,7925000.0,634000.0,31691.2,54890.768552826805,25272.0,False,7925000.0,25.0,1.0,0.0,hypothetical scenario
uniform,0.082,0.1,316912.0,7925000.0,649850.0,31691.2,54890.768552826805,25906.0,False,7925000.0,25.0,1.0,0.0,hypothetical scenario
uniform,0.084,0.1,316912.0,7925000.0,665700.0,31691.2,54890.768552826805,26540.0,False,7925000.0,25.0,1.0,0.0,hypothetical scenario
uniform,0.08600000000000001,0.1,316912.0,7925000.0,681550.0,31691.2,54890.768552826805,27174.0,False,7925000.0,25.0,1.0,0.0,hypothetical scenario
uniform,0.088,0.1,316912.0,7925000.0,697400.0,31691.2,54890.768552826805,27808.0,False,7925000.0,25.0,1.0,0.0,hypothetical scenario
uniform,0.09,0.1,316912.0,7925000.0,713250.0,31691.2,54890.768552826805,28442.0,False,7925000.0,25.0,1.0,0.0,hypothetical scenario
uniform,0.092,0.1,316912.0,7925000.0,729100.0,31691.2,54890.768552826805,29076.0,False,7925000.0,25.0,1.0,0.0,hypothetical scenario
uniform,0.094,0.1,316912.0,7925000.0,744950.0,31691.2,54890.768552826805,29710.0,False,7925000.0,25.0,1.0,0.0,hypothetical scenario
uniform,0.096,0.1,316912.0,7925000.0,760800.0,31691.2,54890.768552826805,30344.0,False,7925000.0,25.0,1.0,0.0,hypothetical scenario
uniform,0.098,0.1,316912.0,7925000.0,776650.0,31691.2,54890.768552826805,30978.0,False,7925000.0,25.0,1.0,0.0,hypothetical scenario
uniform,0.1,0.1,316912.0,7925000.0,792500.0,31691.2,54890.768552826805,31612.0,False,7925000.0,25.0,1.0,0.0,hypothetical scenario
uniform,0.10200000000000001,0.1,316912.0,7925000.0,808350.0,31691.2,54890.768552826805,32246.0,False,7925000.0,25.0,1.0,0.0,hypothetical scenario
uniform,0.10400000000000001,0.1,316912.0,7925000.0,824200.0000000001,31691.2,54890.768552826805,32880.0,False,7925000.0,25.0,1.0,0.0,hypothetical scenario
uniform,0.106,0.1,316912.0,7925000.0,840050.0,31691.2,54890.768552826805,33514.0,False,7925000.0,25.0,1.0,0.0,hypothetical scenario
uniform,0.108,0.1,316912.0,7925000.0,855900.0,31691.2,54890.768552826805,34148.0,False,7925000.0,25.0,1.0,0.0,hypothetical scenario
uniform,0.11,0.1,316912.0,7925000.0,871750.0,31691.2,54890.768552826805,34782.0,False,7925000.0,25.0,1.0,0.0,hypothetical scenario
uniform,0.112,0.1,316912.0,7925000.0,887600.0,31691.2,54890.768552826805,35416.0,False,7925000.0,25.0,1.0,0.0,hypothetical scenario
uniform,0.114,0.1,316912.0,7925000.0,903450.0,31691.2,54890.768552826805,36050.0,False,7925000.0,25.0,1.0,0.0,hypothetical scenario
uniform,0.116,0.1,316912.0,7925000.0,919300.0,31691.2,54890.768552826805,36684.0,False,7925000.0,25.0,1.0,0.0,hypothetical scenario
uniform,0.11800000000000001,0.1,316912.0,7925000.0,935150.0000000001,31691.2,54890.768552826805,37318.0,False,7925000.0,25.0,1.0,0.0,hypothetical scenario
uniform,0.12,0.1,316912.0,7925000.0,951000.0,31691.2,54890.768552826805,37952.0,False,7925000.0,25.0,1.0,0.0,hypothetical scenario
uniform,0.122,0.1,316912.0,7925000.0,966850.0,31691.2,54890.768552826805,38586.0,False,7925000.0,25.0,1.0,0.0,hypothetical scenario
uniform,0.124,0.1,316912.0,7925000.0,982700.0,31691.2,54890.768552826805,39220.0,False,7925000.0,25.0,1.0,0.0,hypothetical scenario
uniform,0.126,0.1,316912.0,7925000.0,998550.0,31691.2,54890.768552826805,39854.0,False,7925000.0,25.0,1.0,0.0,hypothetical scenario
uniform,0.128,0.1,316912.0,7925000.0,1014400.0,31691.2,54890.768552826805,40488.0,False,7925000.0,25.0,1.0,0.0,hypothetical scenario
uniform,0.13,0.1,316912.0,7925000.0,1030250.0,31691.2,54890.768552826805,41122.0,False,7925000.0,25.0,1.0,0.0,hypothetical scenario
uniform,0.132,0.1,316912.0,7925000.0,1046100.0,31691.2,54890.768552826805,41756.0,False,7925000.0,25.0,1.0,0.0,hypothetical scenario
uniform,0.134,0.1,316912.0,7925000.0,1061950.0,31691.2,54890.768552826805,42390.0,False,7925000.0,25.0,1.0,0.0,hypothetical scenario
uniform,0.136,0.1,316912.0,7925000.0,1077800.0,31691.2,54890.768552826805,43024.0,False,7925000.0,25.0,1.0,0.0,hypothetical scenario
uniform,0.138,0.1,316912.0,7925000.0,1093650.0,31691.2,54890.768552826805,43658.0,False,7925000.0,25.0,1.0,0.0,hypothetical scenario
uniform,0.14,0.1,316912.0,7925000.0,1109500.0,31691.2,54890.768552826805,44292.0,False,7925000.0,25.0,1.0,0.0,hypothetical scenario
uniform,0.14200000000000002,0.1,316912.0,7925000.0,1125350.0000000002,31691.2,54890.768552826805,44926.0,False,7925000.0,25.0,1.0,0.0,hypothetical scenario
uniform,0.14400000000000002,0.1,316912.0,7925000.0,1141200.0000000002,31691.2,54890.768552826805,45560.0,False,7925000.0,25.0,1.0,0.0,hypothetical scenario
uniform,0.146,0.1,316912.0,7925000.0,1157050.0,31691.2,54890.768552826805,46194.0,False,7925000.0,25.0,1.0,0.0,hypothetical scenario
uniform,0.148,0.1,316912.0,7925000.0,1172900.0,31691.2,54890.768552826805,46828.0,False,7925000.0,25.0,1.0,0.0,hypothetical scenario
uniform,0.15,0.1,316912.0,7925000.0,1188750.0,31691.2,54890.768552826805,47462.0,False,7925000.0,25.0,1.0,0.0,hypothetical scenario
uniform,0.152,0.1,316912.0,7925000.0,1204600.0,31691.2,54890.768552826805,48096.0,False,7925000.0,25.0,1.0,0.0,hypothetical scenario
uniform,0.154,0.1,316912.0,7925000.0,1220450.0,31691.2,54890.768552826805,48730.0,False,7925000.0,25.0,1.0,0.0,hypothetical scenario
uniform,0.156,0.1,316912.0,7925000.0,1236300.0,31691.2,54890.768552826805,49364.0,False,7925000.0,25.0,1.0,0.0,hypothetical scenario
uniform,0.158,0.1,316912.0,7925000.0,1252150.0,31691.2,54890.768552826805,49998.0,False,7925000.0,25.0,1.0,0.0,hypothetical scenario
uniform,0.16,0.1,316912.0,7925000.0,1268000.0,31691.2,54890.768552826805,50632.0,False,7925000.0,25.0,1.0,0.0,hypothetical scenario
uniform,0.162,0.1,316912.0,7925000.0,1283850.0,31691.2,54890.768552826805,51266.0,False,7925000.0,25.0,1.0,0.0,hypothetical scenario
uniform,0.164,0.1,316912.0,7925000.0,1299700.0,31691.2,54890.768552826805,51900.0,False,7925000.0,25.0,1.0,0.0,hypothetical scenario
uniform,0.166,0.1,316912.0,7925000.0,1315550.0,31691.2,54890.768552826805,52534.0,False,7925000.0,25.0,1.0,0.0,hypothetical scenario
uniform,0.168,0.1,316912.0,7925000.0,1331400.0,31691.2,54890.768552826805,53168.0,False,7925000.0,25.0,1.0,0.0,hypothetical scenario
uniform,0.17,0.1,316912.0,7925000.0,1347250.0,31691.2,54890.768552826805,53802.0,False,7925000.0,25.0,1.0,0.0,hypothetical scenario
uniform,0.17200000000000001,0.1,316912.0,7925000.0,1363100.0,31691.2,54890.768552826805,54436.0,False,7925000.0,25.0,1.0,0.0,hypothetical scenario
uniform,0.17400000000000002,0.1,316912.0,7925000.0,1378950.0000000002,31691.2,54890.768552826805,55070.0,False,7925000.0,25.0,1.0,0.0,hypothetical scenario
uniform,0.176,0.1,316912.0,7925000.0,1394800.0,31691.2,54890.768552826805,55704.0,False,7925000.0,25.0,1.0,0.0,hypothetical scenario
uniform,0.178,0.1,316912.0,7925000.0,1410650.0,31691.2,54890.768552826805,56338.0,False,7925000.0,25.0,1.0,0.0,hypothetical scenario
uniform,0.18,0.1,316912.0,7925000.0,1426500.0,31691.2,54890.768552826805,56972.0,False,7925000.0,25.0,1.0,0.0,hypothetical scenario
uniform,0.182,0.1,316912.0,7925000.0,1442350.0,31691.2,54890.768552826805,57606.0,False,7925000.0,25.0,1.0,0.0,hypothetical scenario
uniform,0.184,0.1,316912.0,7925000.0,1458200.0,31691.2,54890.768552826805,58240.0,False,7925000.0,25.0,1.0,0.0,hypothetical scenario
uniform,0.186,0.1,316912.0,7925000.0,1474050.0,31691.2,54890.768552826805,58874.0,False,7925000.0,25.0,1.0,0.0,hypothetical scenario
uniform,0.188,0.1,316912.0,7925000.0,1489900.0,31691.2,54890.768552826805,59508.0,False,7925000.0,25.0,1.0,0.0,hypothetical scenario
uniform,0.19,0.1,316912.0,7925000.0,1505750.0,31691.2,54890.768552826805,60142.0,False,7925000.0,25.0,1.0,0.0,hypothetical scenario
uniform,0.192,0.1,316912.0,7925000.0,1521600.0,31691.2,54890.768552826805,60776.0,False,7925000.0,25.0,1.0,0.0,hypothetical scenario
uniform,0.194,0.1,316912.0,7925000.0,1537450.0,31691.2,54890.768552826805,61410.0,False,7925000.0,25.0,1.0,0.0,hypothetical scenario
uniform,0.196,0.1,316912.0,7925000.0,1553300.0,31691.2,54890.768552826805,62044.0,False,7925000.0,25.0,1.0,0.0,hypothetical scenario
uniform,0.198,0.1,316912.0,7925000.0,1569150.0,31691.2,54890.768552826805,62678.0,False,7925000.0,25.0,1.0,0.0,hypothetical scenario
uniform,0.2,0.1,316912.0,7925000.0,1585000.0,31691.2,54890.768552826805,63312.0,False,7925000.0,25.0,1.0,0.0,hypothetical scenario
uniform,0.202,0.1,316912.0,7925000.0,1600850.0,31691.2,54890.768552826805,63946.0,False,7925000.0,25.0,1.0,0.0,hypothetical scenario
uniform,0.20400000000000001,0.1,316912.0,7925000.0,1616700.0,31691.2,54890.768552826805,64580.0,False,7925000.0,25.0,1.0,0.0,hypothetical scenario
uniform,0.20600000000000002,0.1,316912.0,7925000.0,1632550.0000000002,31691.2,54890.768552826805,65214.0,False,7925000.0,25.0,1.0,0.0,hypothetical scenario
uniform,0.20800000000000002,0.1,316912.0,7925000.0,1648400.0000000002,31691.2,54890.768552826805,65848.0,False,7925000.0,25.0,1.0,0.0,hypothetical scenario
uniform,0.21,0.1,316912.0,7925000.0,1664250.0,31691.2,54890.768552826805,66482.0,False,7925000.0,25.0,1.0,0.0,hypothetical scenario
uniform,0.212,0.1,316912.0,7925000.0,1680100.0,31691.2,54890.768552826805,67116.0,False,7925000.0,25.0,1.0,0.0,hypothetical scenario
uniform,0.214,0.1,316912.0,7925000.0,1695950.0,31691.2,54890.768552826805,67750.0,False,7925000.0,25.0,1.0,0.0,hypothetical scenario
uniform,0.216,0.1,316912.0,7925000.0,1711800.0,31691.2,54890.768552826805,68384.0,False,7925000.0,25.0,1.0,0.0,hypothetical scenario
uniform,0.218,0.1,316912.0,7925000.0,1727650.0,31691.2,54890.768552826805,69018.0,False,7925000.0,25.0,1.0,0.0,hypothetical scenario
uniform,0.22,0.1,316912.0,7925000.0,1743500.0,31691.2,54890.768552826805,69652.0,False,7925000.0,25.0,1.0,0.0,hypothetical scenario
uniform,0.222,0.1,316912.0,7925000.0,1759350.0,31691.2,54890.768552826805,70286.0,False,7925000.0,25.0,1.0,0.0,hypothetical scenario
uniform,0.224,0.1,316912.0,7925000.0,1775200.0,31691.2,54890.768552826805,70920.0,False,7925000.0,25.0,1.0,0.0,hypothetical scenario
uniform,0.226,0.1,316912.0,7925000.0,1791050.0,31691.2,54890.768552826805,71554.0,False,7925000.0,25.0,1.0,0.0,hypothetical scenario
uniform,0.228,0.1,316912.0,7925000.0,1806900.0,31691.2,54890.768552826805,72188.0,False,7925000.0,25.0,1.0,0.0,hypothetical scenario
uniform,0.23,0.1,316912.0,7925000.0,1822750.0,31691.2,54890.768552826805,72822.0,False,7925000.0,25.0,1.0,0.0,hypothetical scenario
uniform,0.232,0.1,316912.0,7925000.0,1838600.0,31691.2,54890.768552826805,73456.0,False,7925000.0,25.0,1.0,0.0,hypothetical scenario
uniform,0.234,0.1,316912.0,7925000.0,1854450.0,31691.2,54890.768552826805,74090.0,False,7925000.0,25.0,1.0,0.0,hypothetical scenario
uniform,0.23600000000000002,0.1,316912.0,7925000.0,1870300.0000000002,31691.2,54890.768552826805,74724.0,False,7925000.0,25.0,1.0,0.0,hypothetical scenario
uniform,0.23800000000000002,0.1,316912.0,7925000.0,1886150.0000000002,31691.2,54890.768552826805,75358.0,False,7925000.0,25.0,1.0,0.0,hypothetical scenario
uniform,0.24,0.1,316912.0,7925000.0,1902000.0,31691.2,54890.768552826805,75992.0,False,7925000.0,25.0,1.0,0.0,hypothetical scenario
uniform,0.242,0.1,316912.0,7925000.0,1917850.0,31691.2,54890.768552826805,76626.0,False,7925000.0,25.0,1.0,0.0,hypothetical scenario
uniform,0.244,0.1,316912.0,7925000.0,1933700.0,31691.2,54890.768552826805,77260.0,False,7925000.0,25.0,1.0,0.0,hypothetical scenario
uniform,0.246,0.1,316912.0,7925000.0,1949550.0,31691.2,54890.768552826805,77894.0,False,7925000.0,25.0,1.0,0.0,hypothetical scenario
uniform,0.248,0.1,316912.0,7925000.0,1965400.0,31691.2,54890.768552826805,78528.0,False,7925000.0,25.0,1.0,0.0,hypothetical scenario
uniform,0.25,0.1,316912.0,7925000.0,1981250.0,31691.2,54890.768552826805,79162.0,False,7925000.0,25.0,1.0,0.0,hypothetical scenario
uniform,0.252,0.1,316912.0,7925000.0,1997100.0,31691.2,54890.768552826805,79796.0,False,7925000.0,25.0,1.0,0.0,hypothetical scenario
uniform,0.254,0.1,316912.0,7925000.0,2012950.0,31691.2,54890.768552826805,80430.0,False,7925000.0,25.0,1.0,0.0,hypothetical scenario
uniform,0.256,0.1,316912.0,7925000.0,2028800.0,31691.2,54890.768552826805,81064.0,False,7925000.0,25.0,1.0,0.0,hypothetical scenario
uniform,0.258,0.1,316912.0,7925000.0,2044650.0,31691.2,54890.768552826805,81698.0,False,7925000.0,25.0,1.0,0.0,hypothetical scenario
uniform,0.26,0.1,316912.0,7925000.0,2060500.0,31691.2,54890.768552826805,82332.0,False,7925000.0,25.0,1.0,0.0,hypothetical scenario
uniform,0.262,0.1,316912.0,7925000.0,2076350.0,31691.2,54890.768552826805,82966.0,False,7925000.0,25.0,1.0,0.0,hypothetical scenario
uniform,0.264,0.1,316912.0,7925000.0,2092200.0,31691.2,54890.768552826805,83600.0,False,7925000.0,25.0,1.0,0.0,hypothetical scenario
uniform,0.266,0.1,316912.0,7925000.0,2108050.0,31691.2,54890.768552826805,84234.0,False,7925000.0,25.0,1.0,0.0,hypothetical scenario
uniform,0.268,0.1,316912.0,7925000.0,2123900.0,31691.2,54890.768552826805,84868.0,False,7925000.0,25.0,1.0,0.0,hypothetical scenario
uniform,0.27,0.1,316912.0,7925000.0,2139750.0,31691.2,54890.768552826805,85502.0,False,7925000.0,25.0,1.0,0.0,hypothetical scenario
uniform,0.272,0.1,316912.0,7925000.0,2155600.0,31691.2,54890.768552826805,86136.0,False,7925000.0,25.0,1.0,0.0,hypothetical scenario
uniform,0.274,0.1,316912.0,7925000.0,2171450.0,31691.2,54890.768552826805,86770.0,False,7925000.0,25.0,1.0,0.0,hypothetical scenario
uniform,0.276,0.1,316912.0,7925000.0,2187300.0,31691.2,54890.768552826805,87404.0,False,7925000.0,25.0,1.0,0.0,hypothetical scenario
uniform,0.278,0.1,316912.0,7925000.0,2203150.0,31691.2,54890.768552826805,88038.0,False,7925000.0,25.0,1.0,0.0,hypothetical scenario
uniform,0.28,0.1,316912.0,7925000.0,2219000.0,31691.2,54890.768552826805,88672.0,False,7925000.0,25.0,1.0,0.0,hypothetical scenario
uniform,0.28200000000000003,0.1,316912.0,7925000.0,2234850.0,31691.2,54890.768552826805,89306.0,False,7925000.0,25.0,1.0,0.0,hypothetical scenario
uniform,0.28400000000000003,0.1,316912.0,7925000.0,2250700.0000000005,31691.2,54890.768552826805,89940.0,False,7925000.0,25.0,1.0,0.0,hypothetical scenario
uniform,0.28600000000000003,0.1,316912.0,7925000.0,2266550.0000000005,31691.2,54890.768552826805,90574.0,False,7925000.0,25.0,1.0,0.0,hypothetical scenario
uniform,0.28800000000000003,0.1,316912.0,7925000.0,2282400.0000000005,31691.2,54890.768552826805,91208.0,False,7925000.0,25.0,1.0,0.0,hypothetical scenario
uniform,0.29,0.1,316912.0,7925000.0,2298250.0,31691.2,54890.768552826805,91842.0,False,7925000.0,25.0,1.0,0.0,hypothetical scenario
uniform,0.292,0.1,316912.0,7925000.0,2314100.0,31691.2,54890.768552826805,92476.0,False,7925000.0,25.0,1.0,0.0,hypothetical scenario
uniform,0.294,0.1,316912.0,7925000.0,2329950.0,31691.2,54890.768552826805,93110.0,False,7925000.0,25.0,1.0,0.0,hypothetical scenario
uniform,0.296,0.1,316912.0,7925000.0,2345800.0,31691.2,54890.768552826805,93744.0,False,7925000.0,25.0,1.0,0.0,hypothetical scenario
uniform,0.298,0.1,316912.0,7925000.0,2361650.0,31691.2,54890.768552826805,94378.0,False,7925000.0,25.0,1.0,0.0,hypothetical scenario
uniform,0.3,0.1,316912.0,7925000.0,2377500.0,31691.2,54890.768552826805,95012.0,False,7925000.0,25.0,1.0,0.0,hypothetical scenario
uniform,0.302,0.1,316912.0,7925000.0,2393350.0,31691.2,54890.768552826805,95646.0,False,7925000.0,25.0,1.0,0.0,hypothetical scenario
uniform,0.304,0.1,316912.0,7925000.0,2409200.0,31691.2,54890.768552826805,96280.0,False,7925000.0,25.0,1.0,0.0,hypothetical scenario
uniform,0.306,0.1,316912.0,7925000.0,2425050.0,31691.2,54890.768552826805,96914.0,False,7925000.0,25.0,1.0,0.0,hypothetical scenario
uniform,0.308,0.1,316912.0,7925000.0,2440900.0,31691.2,54890.768552826805,97548.0,False,7925000.0,25.0,1.0,0.0,hypothetical scenario
uniform,0.31,0.1,316912.0,7925000.0,2456750.0,31691.2,54890.768552826805,98182.0,False,7925000.0,25.0,1.0,0.0,hypothetical scenario
uniform,0.312,0.1,316912.0,7925000.0,2472600.0,31691.2,54890.768552826805,98816.0,False,7925000.0,25.0,1.0,0.0,hypothetical scenario
uniform,0.314,0.1,316912.0,7925000.0,2488450.0,31691.2,54890.768552826805,99450.0,False,7925000.0,25.0,1.0,0.0,hypothetical scenario
uniform,0.316,0.1,316912.0,7925000.0,2504300.0,31691.2,54890.768552826805,100084.0,False,7925000.0,25.0,1.0,0.0,hypothetical scenario
uniform,0.318,0.1,316912.0,7925000.0,2520150.0,31691.2,54890.768552826805,100718.0,False,7925000.0,25.0,1.0,0.0,hypothetical scenario
uniform,0.32,0.1,316912.0,7925000.0,2536000.0,31691.2,54890.768552826805,101352.0,False,7925000.0,25.0,1.0,0.0,hypothetical scenario
uniform,0.322,0.1,316912.0,7925000.0,2551850.0,31691.2,54890.768552826805,101986.0,False,7925000.0,25.0,1.0,0.0,hypothetical scenario
uniform,0.324,0.1,316912.0,7925000.0,2567700.0,31691.2,54890.768552826805,102620.0,False,7925000.0,25.0,1.0,0.0,hypothetical scenario
uniform,0.326,0.1,316912.0,7925000.0,2583550.0,31691.2,54890.768552826805,103254.0,False,7925000.0,25.0,1.0,0.0,hypothetical scenario
uniform,0.328,0.1,316912.0,7925000.0,2599400.0,31691.2,54890.768552826805,103888.0,False,7925000.0,25.0,1.0,0.0,hypothetical scenario
uniform,0.33,0.1,316912.0,7925000.0,2615250.0,31691.2,54890.768552826805,104522.0,False,7925000.0,25.0,1.0,0.0,hypothetical scenario
uniform,0.332,0.1,316912.0,7925000.0,2631100.0,31691.2,54890.768552826805,105156.0,False,7925000.0,25.0,1.0,0.0,hypothetical scenario
uniform,0.334,0.1,316912.0,7925000.0,2646950.0,31691.2,54890.768552826805,105790.0,False,7925000.0,25.0,1.0,0.0,hypothetical scenario
uniform,0.336,0.1,316912.0,7925000.0,2662800.0,31691.2,54890.768552826805,106424.0,False,7925000.0,25.0,1.0,0.0,hypothetical scenario
uniform,0.338,0.1,316912.0,7925000.0,2678650.0,31691.2,54890.768552826805,107058.0,False,7925000.0,25.0,1.0,0.0,hypothetical scenario
uniform,0.34,0.1,316912.0,7925000.0,2694500.0,31691.2,54890.768552826805,107692.0,False,7925000.0,25.0,1.0,0.0,hypothetical scenario
uniform,0.342,0.1,316912.0,7925000.0,2710350.0,31691.2,54890.768552826805,108326.0,False,7925000.0,25.0,1.0,0.0,hypothetical scenario
uniform,0.34400000000000003,0.1,316912.0,7925000.0,2726200.0,31691.2,54890.768552826805,108960.0,False,7925000.0,25.0,1.0,0.0,hypothetical scenario
uniform,0.34600000000000003,0.1,316912.0,7925000.0,2742050.0000000005,31691.2,54890.768552826805,109594.0,False,7925000.0,25.0,1.0,0.0,hypothetical scenario
uniform,0.34800000000000003,0.1,316912.0,7925000.0,2757900.0000000005,31691.2,54890.768552826805,110228.0,False,7925000.0,25.0,1.0,0.0,hypothetical scenario
uniform,0.35000000000000003,0.1,316912.0,7925000.0,2773750.0000000005,31691.2,54890.768552826805,110862.0,False,7925000.0,25.0,1.0,0.0,hypothetical scenario
uniform,0.352,0.1,316912.0,7925000.0,2789600.0,31691.2,54890.768552826805,111496.0,False,7925000.0,25.0,1.0,0.0,hypothetical scenario
uniform,0.354,0.1,316912.0,7925000.0,2805450.0,31691.2,54890.768552826805,112130.0,False,7925000.0,25.0,1.0,0.0,hypothetical scenario
uniform,0.356,0.1,316912.0,7925000.0,2821300.0,31691.2,54890.768552826805,112764.0,False,7925000.0,25.0,1.0,0.0,hypothetical scenario
uniform,0.358,0.1,316912.0,7925000.0,2837150.0,31691.2,54890.768552826805,113398.0,False,7925000.0,25.0,1.0,0.0,hypothetical scenario
uniform,0.36,0.1,316912.0,7925000.0,2853000.0,31691.2,54890.768552826805,114032.0,False,7925000.0,25.0,1.0,0.0,hypothetical scenario
uniform,0.362,0.1,316912.0,7925000.0,2868850.0,31691.2,54890.768552826805,114666.0,False,7925000.0,25.0,1.0,0.0,hypothetical scenario
uniform,0.364,0.1,316912.0,7925000.0,2884700.0,31691.2,54890.768552826805,115300.0,False,7925000.0,25.0,1.0,0.0,hypothetical scenario
uniform,0.366,0.1,316912.0,7925000.0,2900550.0,31691.2,54890.768552826805,115934.0,False,7925000.0,25.0,1.0,0.0,hypothetical scenario
uniform,0.368,0.1,316912.0,7925000.0,2916400.0,31691.2,54890.768552826805,116568.0,False,7925000.0,25.0,1.0,0.0,hypothetical scenario
uniform,0.37,0.1,316912.0,7925000.0,2932250.0,31691.2,54890.768552826805,117202.0,False,7925000.0,25.0,1.0,0.0,hypothetical scenario
uniform,0.372,0.1,316912.0,7925000.0,2948100.0,31691.2,54890.768552826805,117836.0,False,7925000.0,25.0,1.0,0.0,hypothetical scenario
uniform,0.374,0.1,316912.0,7925000.0,2963950.0,31691.2,54890.768552826805,118470.0,False,7925000.0,25.0,1.0,0.0,hypothetical scenario
uniform,0.376,0.1,316912.0,7925000.0,2979800.0,31691.2,54890.768552826805,119104.0,False,7925000.0,25.0,1.0,0.0,hypothetical scenario
uniform,0.378,0.1,316912.0,7925000.0,2995650.0,31691.2,54890.768552826805,119738.0,False,7925000.0,25.0,1.0,0.0,hypothetical scenario
uniform,0.38,0.1,316912.0,7925000.0,3011500.0,31691.2,54890.768552826805,120372.0,False,7925000.0,25.0,1.0,0.0,hypothetical scenario
uniform,0.382,0.1,316912.0,7925000.0,3027350.0,31691.2,54890.768552826805,121006.0,False,7925000.0,25.0,1.0,0.0,hypothetical scenario
uniform,0.384,0.1,316912.0,7925000.0,3043200.0,31691.2,54890.768552826805,121640.0,False,7925000.0,25.0,1.0,0.0,hypothetical scenario
uniform,0.386,0.1,316912.0,7925000.0,3059050.0,31691.2,54890.768552826805,122274.0,False,7925000.0,25.0,1.0,0.0,hypothetical scenario
uniform,0.388,0.1,316912.0,7925000.0,3074900.0,31691.2,54890.768552826805,122908.0,False,7925000.0,25.0,1.0,0.0,hypothetical scenario
uniform,0.39,0.1,316912.0,7925000.0,3090750.0,31691.2,54890.768552826805,123542.0,False,7925000.0,25.0,1.0,0.0,hypothetical scenario
uniform,0.392,0.1,316912.0,7925000.0,3106600.0,31691.2,54890.768552826805,124176.0,False,7925000.0,25.0,1.0,0.0,hypothetical scenario
uniform,0.394,0.1,316912.0,7925000.0,3122450.0,31691.2,54890.768552826805,124810.0,False,7925000.0,25.0,1.0,0.0,hypothetical scenario
uniform,0.396,0.1,316912.0,7925000.0,3138300.0,31691.2,54890.768552826805,125444.0,False,7925000.0,25.0,1.0,0.0,hypothetical scenario
uniform,0.398,0.1,316912.0,7925000.0,3154150.0,31691.2,54890.768552826805,126078.0,False,7925000.0,25.0,1.0,0.0,hypothetical scenario
uniform,0.4,0.1,316912.0,7925000.0,3170000.0,31691.2,54890.768552826805,126712.0,False,7925000.0,25.0,1.0,0.0,hypothetical scenario
uniform,0.402,0.1,316912.0,7925000.0,3185850.0,31691.2,54890.768552826805,127346.0,False,7925000.0,25.0,1.0,0.0,hypothetical scenario
uniform,0.404,0.1,316912.0,7925000.0,3201700.0,31691.2,54890.768552826805,127980.0,False,7925000.0,25.0,1.0,0.0,hypothetical scenario
uniform,0.406,0.1,316912.0,7925000.0,3217550.0,31691.2,54890.768552826805,128614.0,False,7925000.0,25.0,1.0,0.0,hypothetical scenario
uniform,0.40800000000000003,0.1,316912.0,7925000.0,3233400.0,31691.2,54890.768552826805,129248.0,False,7925000.0,25.0,1.0,0.0,hypothetical scenario
uniform,0.41000000000000003,0.1,316912.0,7925000.0,3249250.0000000005,31691.2,54890.768552826805,129882.0,False,7925000.0,25.0,1.0,0.0,hypothetical scenario
uniform,0.41200000000000003,0.1,316912.0,7925000.0,3265100.0000000005,31691.2,54890.768552826805,130516.0,False,7925000.0,25.0,1.0,0.0,hypothetical scenario
uniform,0.41400000000000003,0.1,316912.0,7925000.0,3280950.0000000005,31691.2,54890.768552826805,131150.0,False,7925000.0,25.0,1.0,0.0,hypothetical scenario
uniform,0.41600000000000004,0.1,316912.0,7925000.0,3296800.0000000005,31691.2,54890.768552826805,131784.0,False,7925000.0,25.0,1.0,0.0,hypothetical scenario
uniform,0.418,0.1,316912.0,7925000.0,3312650.0,31691.2,54890.768552826805,132418.0,False,7925000.0,25.0,1.0,0.0,hypothetical scenario
uniform,0.42,0.1,316912.0,7925000.0,3328500.0,31691.2,54890.768552826805,133052.0,False,7925000.0,25.0,1.0,0.0,hypothetical scenario
uniform,0.422,0.1,316912.0,7925000.0,3344350.0,31691.2,54890.768552826805,133686.0,False,7925000.0,25.0,1.0,0.0,hypothetical scenario
uniform,0.424,0.1,316912.0,7925000.0,3360200.0,31691.2,54890.768552826805,134320.0,False,7925000.0,25.0,1.0,0.0,hypothetical scenario
uniform,0.426,0.1,316912.0,7925000.0,3376050.0,31691.2,54890.768552826805,134954.0,False,7925000.0,25.0,1.0,0.0,hypothetical scenario
uniform,0.428,0.1,316912.0,7925000.0,3391900.0,31691.2,54890.768552826805,135588.0,False,7925000.0,25.0,1.0,0.0,hypothetical scenario
uniform,0.43,0.1,316912.0,7925000.0,3407750.0,31691.2,54890.768552826805,136222.0,False,7925000.0,25.0,1.0,0.0,hypothetical scenario
uniform,0.432,0.1,316912.0,7925000.0,3423600.0,31691.2,54890.768552826805,136856.0,False,7925000.0,25.0,1.0,0.0,hypothetical scenario
uniform,0.434,0.1,316912.0,7925000.0,3439450.0,31691.2,54890.768552826805,137490.0,False,7925000.0,25.0,1.0,0.0,hypothetical scenario
uniform,0.436,0.1,316912.0,7925000.0,3455300.0,31691.2,54890.768552826805,138124.0,False,7925000.0,25.0,1.0,0.0,hypothetical scenario
uniform,0.438,0.1,316912.0,7925000.0,3471150.0,31691.2,54890.768552826805,138758.0,False,7925000.0,25.0,1.0,0.0,hypothetical scenario
uniform,0.44,0.1,316912.0,7925000.0,3487000.0,31691.2,54890.768552826805,139392.0,False,7925000.0,25.0,1.0,0.0,hypothetical scenario
uniform,0.442,0.1,316912.0,7925000.0,3502850.0,31691.2,54890.768552826805,140026.0,False,7925000.0,25.0,1.0,0.0,hypothetical scenario
uniform,0.444,0.1,316912.0,7925000.0,3518700.0,31691.2,54890.768552826805,140660.0,False,7925000.0,25.0,1.0,0.0,hypothetical scenario
uniform,0.446,0.1,316912.0,7925000.0,3534550.0,31691.2,54890.768552826805,141294.0,False,7925000.0,25.0,1.0,0.0,hypothetical scenario
uniform,0.448,0.1,316912.0,7925000.0,3550400.0,31691.2,54890.768552826805,141928.0,False,7925000.0,25.0,1.0,0.0,hypothetical scenario
uniform,0.45,0.1,316912.0,7925000.0,3566250.0,31691.2,54890.768552826805,142562.0,False,7925000.0,25.0,1.0,0.0,hypothetical scenario
uniform,0.452,0.1,316912.0,7925000.0,3582100.0,31691.2,54890.768552826805,143196.0,False,7925000.0,25.0,1.0,0.0,hypothetical scenario
uniform,0.454,0.1,316912.0,7925000.0,3597950.0,31691.2,54890.768552826805,143830.0,False,7925000.0,25.0,1.0,0.0,hypothetical scenario
uniform,0.456,0.1,316912.0,7925000.0,3613800.0,31691.2,54890.768552826805,144464.0,False,7925000.0,25.0,1.0,0.0,hypothetical scenario
uniform,0.458,0.1,316912.0,7925000.0,3629650.0,31691.2,54890.768552826805,145098.0,False,7925000.0,25.0,1.0,0.0,hypothetical scenario
uniform,0.46,0.1,316912.0,7925000.0,3645500.0,31691.2,54890.768552826805,145732.0,False,7925000.0,25.0,1.0,0.0,hypothetical scenario
uniform,0.462,0.1,316912.0,7925000.0,3661350.0,31691.2,54890.768552826805,146366.0,False,7925000.0,25.0,1.0,0.0,hypothetical scenario
uniform,0.464,0.1,316912.0,7925000.0,3677200.0,31691.2,54890.768552826805,147000.0,False,7925000.0,25.0,1.0,0.0,hypothetical scenario
uniform,0.466,0.1,316912.0,7925000.0,3693050.0,31691.2,54890.768552826805,147634.0,False,7925000.0,25.0,1.0,0.0,hypothetical scenario
uniform,0.468,0.1,316912.0,7925000.0,3708900.0,31691.2,54890.768552826805,148268.0,False,7925000.0,25.0,1.0,0.0,hypothetical scenario
uniform,0.47000000000000003,0.1,316912.0,7925000.0,3724750.0,31691.2,54890.768552826805,148902.0,False,7925000.0,25.0,1.0,0.0,hypothetical scenario
uniform,0.47200000000000003,0.1,316912.0,7925000.0,3740600.0000000005,31691.2,54890.768552826805,149536.00000000003,False,7925000.0,25.0,1.0,0.0,hypothetical scenario
uniform,0.47400000000000003,0.1,316912.0,7925000.0,3756450.0000000005,31691.2,54890.768552826805,150170.00000000003,False,7925000.0,25.0,1.0,0.0,hypothetical scenario
uniform,0.47600000000000003,0.1,316912.0,7925000.0,3772300.0000000005,31691.2,54890.768552826805,150804.00000000003,False,7925000.0,25.0,1.0,0.0,hypothetical scenario
uniform,0.47800000000000004,0.1,316912.0,7925000.0,3788150.0000000005,31691.2,54890.768552826805,151438.00000000003,False,7925000.0,25.0,1.0,0.0,hypothetical scenario
uniform,0.48,0.1,316912.0,7925000.0,3804000.0,31691.2,54890.768552826805,152072.0,False,7925000.0,25.0,1.0,0.0,hypothetical scenario
uniform,0.482,0.1,316912.0,7925000.0,3819850.0,31691.2,54890.768552826805,152706.0,False,7925000.0,25.0,1.0,0.0,hypothetical scenario
uniform,0.484,0.1,316912.0,7925000.0,3835700.0,31691.2,54890.768552826805,153340.0,False,7925000.0,25.0,1.0,0.0,hypothetical scenario
uniform,0.486,0.1,316912.0,7925000.0,3851550.0,31691.2,54890.768552826805,153974.0,False,7925000.0,25.0,1.0,0.0,hypothetical scenario
uniform,0.488,0.1,316912.0,7925000.0,3867400.0,31691.2,54890.768552826805,154608.0,False,7925000.0,25.0,1.0,0.0,hypothetical scenario
uniform,0.49,0.1,316912.0,7925000.0,3883250.0,31691.2,54890.768552826805,155242.0,False,7925000.0,25.0,1.0,0.0,hypothetical scenario
uniform,0.492,0.1,316912.0,7925000.0,3899100.0,31691.2,54890.768552826805,155876.0,False,7925000.0,25.0,1.0,0.0,hypothetical scenario
uniform,0.494,0.1,316912.0,7925000.0,3914950.0,31691.2,54890.768552826805,156510.0,False,7925000.0,25.0,1.0,0.0,hypothetical scenario
uniform,0.496,0.1,316912.0,7925000.0,3930800.0,31691.2,54890.768552826805,157144.0,False,7925000.0,25.0,1.0,0.0,hypothetical scenario
uniform,0.498,0.1,316912.0,7925000.0,3946650.0,31691.2,54890.768552826805,157778.0,False,7925000.0,25.0,1.0,0.0,hypothetical scenario
uniform,0.5,0.1,316912.0,7925000.0,3962500.0,31691.2,54890.768552826805,158412.0,False,7925000.0,25.0,1.0,0.0,hypothetical scenario
uniform,0.502,0.1,316912.0,7925000.0,3978350.0,31691.2,54890.768552826805,159046.0,False,7925000.0,25.0,1.0,0.0,hypothetical scenario
uniform,0.504,0.1,316912.0,7925000.0,3994200.0,31691.2,54890.768552826805,159680.0,False,7925000.0,25.0,1.0,0.0,hypothetical scenario
uniform,0.506,0.1,316912.0,7925000.0,4010050.0,31691.2,54890.768552826805,160314.0,False,7925000.0,25.0,1.0,0.0,hypothetical scenario
uniform,0.508,0.1,316912.0,7925000.0,4025900.0,31691.2,54890.768552826805,160948.0,False,7925000.0,25.0,1.0,0.0,hypothetical scenario
uniform,0.51,0.1,316912.0,7925000.0,4041750.0,31691.2,54890.768552826805,161582.0,False,7925000.0,25.0,1.0,0.0,hypothetical scenario
uniform,0.512,0.1,316912.0,7925000.0,4057600.0,31691.2,54890.768552826805,162216.0,False,7925000.0,25.0,1.0,0.0,hypothetical scenario
uniform,0.514,0.1,316912.0,7925000.0,4073450.0,31691.2,54890.768552826805,162850.0,False,7925000.0,25.0,1.0,0.0,hypothetical scenario
uniform,0.516,0.1,316912.0,7925000.0,4089300.0,31691.2,54890.768552826805,163484.0,False,7925000.0,25.0,1.0,0.0,hypothetical scenario
uniform,0.518,0.1,316912.0,7925000.0,4105150.0,31691.2,54890.768552826805,164118.0,False,7925000.0,25.0,1.0,0.0,hypothetical scenario
uniform,0.52,0.1,316912.0,7925000.0,4121000.0,31691.2,54890.768552826805,164752.0,False,7925000.0,25.0,1.0,0.0,hypothetical scenario
uniform,0.522,0.1,316912.0,7925000.0,4136850.0,31691.2,54890.768552826805,165386.0,False,7925000.0,25.0,1.0,0.0,hypothetical scenario
uniform,0.524,0.1,316912.0,7925000.0,4152700.0,31691.2,54890.768552826805,166020.0,False,7925000.0,25.0,1.0,0.0,hypothetical scenario
uniform,0.526,0.1,316912.0,7925000.0,4168550.0,31691.2,54890.768552826805,166654.0,False,7925000.0,25.0,1.0,0.0,hypothetical scenario
uniform,0.528,0.1,316912.0,7925000.0,4184400.0,31691.2,54890.768552826805,167288.0,False,7925000.0,25.0,1.0,0.0,hypothetical scenario
uniform,0.53,0.1,316912.0,7925000.0,4200250.0,31691.2,54890.768552826805,167922.0,False,7925000.0,25.0,1.0,0.0,hypothetical scenario
uniform,0.532,0.1,316912.0,7925000.0,4216100.0,31691.2,54890.768552826805,168556.0,False,7925000.0,25.0,1.0,0.0,hypothetical scenario
uniform,0.534,0.1,316912.0,7925000.0,4231950.0,31691.2,54890.768552826805,169190.0,False,7925000.0,25.0,1.0,0.0,hypothetical scenario
uniform,0.536,0.1,316912.0,7925000.0,4247800.0,31691.2,54890.768552826805,169824.0,False,7925000.0,25.0,1.0,0.0,hypothetical scenario
uniform,0.538,0.1,316912.0,7925000.0,4263650.0,31691.2,54890.768552826805,170458.0,False,7925000.0,25.0,1.0,0.0,hypothetical scenario
uniform,0.54,0.1,316912.0,7925000.0,4279500.0,31691.2,54890.768552826805,171092.0,False,7925000.0,25.0,1.0,0.0,hypothetical scenario
uniform,0.542,0.1,316912.0,7925000.0,4295350.0,31691.2,54890.768552826805,171726.0,False,7925000.0,25.0,1.0,0.0,hypothetical scenario
uniform,0.544,0.1,316912.0,7925000.0,4311200.0,31691.2,54890.768552826805,172360.0,False,7925000.0,25.0,1.0,0.0,hypothetical scenario
uniform,0.546,0.1,316912.0,7925000.0,4327050.0,31691.2,54890.768552826805,172994.0,False,7925000.0,25.0,1.0,0.0,hypothetical scenario
uniform,0.548,0.1,316912.0,7925000.0,4342900.0,31691.2,54890.768552826805,173628.0,False,7925000.0,25.0,1.0,0.0,hypothetical scenario
uniform,0.55,0.1,316912.0,7925000.0,4358750.0,31691.2,54890.768552826805,174262.0,False,7925000.0,25.0,1.0,0.0,hypothetical scenario
uniform,0.552,0.1,316912.0,7925000.0,4374600.0,31691.2,54890.768552826805,174896.0,False,7925000.0,25.0,1.0,0.0,hypothetical scenario
uniform,0.554,0.1,316912.0,7925000.0,4390450.0,31691.2,54890.768552826805,175530.0,False,7925000.0,25.0,1.0,0.0,hypothetical scenario
uniform,0.556,0.1,316912.0,7925000.0,4406300.0,31691.2,54890.768552826805,176164.0,False,7925000.0,25.0,1.0,0.0,hypothetical scenario
uniform,0.558,0.1,316912.0,7925000.0,4422150.0,31691.2,54890.768552826805,176798.0,False,7925000.0,25.0,1.0,0.0,hypothetical scenario
uniform,0.56,0.1,316912.0,7925000.0,4438000.0,31691.2,54890.768552826805,177432.0,False,7925000.0,25.0,1.0,0.0,hypothetical scenario
uniform,0.562,0.1,316912.0,7925000.0,4453850.0,31691.2,54890.768552826805,178066.0,False,7925000.0,25.0,1.0,0.0,hypothetical scenario
uniform,0.5640000000000001,0.1,316912.0,7925000.0,4469700.0,31691.2,54890.768552826805,178700.0,False,7925000.0,25.0,1.0,0.0,hypothetical scenario
uniform,0.5660000000000001,0.1,316912.0,7925000.0,4485550.0,31691.2,54890.768552826805,179334.0,False,7925000.0,25.0,1.0,0.0,hypothetical scenario
uniform,0.5680000000000001,0.1,316912.0,7925000.0,4501400.000000001,31691.2,54890.768552826805,179968.00000000003,False,7925000.0,25.0,1.0,0.0,hypothetical scenario
uniform,0.5700000000000001,0.1,316912.0,7925000.0,4517250.000000001,31691.2,54890.768552826805,180602.00000000003,False,7925000.0,25.0,1.0,0.0,hypothetical scenario
uniform,0.5720000000000001,0.1,316912.0,7925000.0,4533100.000000001,31691.2,54890.768552826805,181236.00000000003,False,7925000.0,25.0,1.0,0.0,hypothetical scenario
uniform,0.5740000000000001,0.1,316912.0,7925000.0,4548950.000000001,31691.2,54890.768552826805,181870.00000000003,False,7925000.0,25.0,1.0,0.0,hypothetical scenario
uniform,0.5760000000000001,0.1,316912.0,7925000.0,4564800.000000001,31691.2,54890.768552826805,182504.00000000003,False,7925000.0,25.0,1.0,0.0,hypothetical scenario
uniform,0.578,0.1,316912.0,7925000.0,4580650.0,31691.2,54890.768552826805,183138.0,False,7925000.0,25.0,1.0,0.0,hypothetical scenario
uniform,0.58,0.1,316912.0,7925000.0,4596500.0,31691.2,54890.768552826805,183772.0,False,7925000.0,25.0,1.0,0.0,hypothetical scenario
uniform,0.582,0.1,316912.0,7925000.0,4612350.0,31691.2,54890.768552826805,184406.0,False,7925000.0,25.0,1.0,0.0,hypothetical scenario
uniform,0.584,0.1,316912.0,7925000.0,4628200.0,31691.2,54890.768552826805,185040.0,False,7925000.0,25.0,1.0,0.0,hypothetical scenario
uniform,0.586,0.1,316912.0,7925000.0,4644050.0,31691.2,54890.768552826805,185674.0,False,7925000.0,25.0,1.0,0.0,hypothetical scenario
uniform,0.588,0.1,316912.0,7925000.0,4659900.0,31691.2,54890.768552826805,186308.0,False,7925000.0,25.0,1.0,0.0,hypothetical scenario
uniform,0.59,0.1,316912.0,7925000.0,4675750.0,31691.2,54890.768552826805,186942.0,False,7925000.0,25.0,1.0,0.0,hypothetical scenario
uniform,0.592,0.1,316912.0,7925000.0,4691600.0,31691.2,54890.768552826805,187576.0,False,7925000.0,25.0,1.0,0.0,hypothetical scenario
uniform,0.594,0.1,316912.0,7925000.0,4707450.0,31691.2,54890.768552826805,188210.0,False,7925000.0,25.0,1.0,0.0,hypothetical scenario
uniform,0.596,0.1,316912.0,7925000.0,4723300.0,31691.2,54890.768552826805,188844.0,False,7925000.0,25.0,1.0,0.0,hypothetical scenario
uniform,0.598,0.1,316912.0,7925000.0,4739150.0,31691.2,54890.768552826805,189478.0,False,7925000.0,25.0,1.0,0.0,hypothetical scenario
uniform,0.6,0.1,316912.0,7925000.0,4755000.0,31691.2,54890.768552826805,190112.0,False,7925000.0,25.0,1.0,0.0,hypothetical scenario
uniform,0.602,0.1,316912.0,7925000.0,4770850.0,31691.2,54890.768552826805,190746.0,False,7925000.0,25.0,1.0,0.0,hypothetical scenario
uniform,0.604,0.1,316912.0,7925000.0,4786700.0,31691.2,54890.768552826805,191380.0,False,7925000.0,25.0,1.0,0.0,hypothetical scenario
uniform,0.606,0.1,316912.0,7925000.0,4802550.0,31691.2,54890.768552826805,192014.0,False,7925000.0,25.0,1.0,0.0,hypothetical scenario
uniform,0.608,0.1,316912.0,7925000.0,4818400.0,31691.2,54890.768552826805,192648.0,False,7925000.0,25.0,1.0,0.0,hypothetical scenario
uniform,0.61,0.1,316912.0,7925000.0,4834250.0,31691.2,54890.768552826805,193282.0,False,7925000.0,25.0,1.0,0.0,hypothetical scenario
uniform,0.612,0.1,316912.0,7925000.0,4850100.0,31691.2,54890.768552826805,193916.0,False,7925000.0,25.0,1.0,0.0,hypothetical scenario
uniform,0.614,0.1,316912.0,7925000.0,4865950.0,31691.2,54890.768552826805,194550.0,False,7925000.0,25.0,1.0,0.0,hypothetical scenario
uniform,0.616,0.1,316912.0,7925000.0,4881800.0,31691.2,54890.768552826805,195184.0,False,7925000.0,25.0,1.0,0.0,hypothetical scenario
uniform,0.618,0.1,316912.0,7925000.0,4897650.0,31691.2,54890.768552826805,195818.0,False,7925000.0,25.0,1.0,0.0,hypothetical scenario
uniform,0.62,0.1,316912.0,7925000.0,4913500.0,31691.2,54890.768552826805,196452.0,False,7925000.0,25.0,1.0,0.0,hypothetical scenario
uniform,0.622,0.1,316912.0,7925000.0,4929350.0,31691.2,54890.768552826805,197086.0,False,7925000.0,25.0,1.0,0.0,hypothetical scenario
uniform,0.624,0.1,316912.0,7925000.0,4945200.0,31691.2,54890.768552826805,197720.0,False,7925000.0,25.0,1.0,0.0,hypothetical scenario
uniform,0.626,0.1,316912.0,7925000.0,4961050.0,31691.2,54890.768552826805,198354.0,False,7925000.0,25.0,1.0,0.0,hypothetical scenario
uniform,0.628,0.1,316912.0,7925000.0,4976900.0,31691.2,54890.768552826805,198988.0,False,7925000.0,25.0,1.0,0.0,hypothetical scenario
uniform,0.63,0.1,316912.0,7925000.0,4992750.0,31691.2,54890.768552826805,199622.0,False,7925000.0,25.0,1.0,0.0,hypothetical scenario
uniform,0.632,0.1,316912.0,7925000.0,5008600.0,31691.2,54890.768552826805,200256.0,False,7925000.0,25.0,1.0,0.0,hypothetical scenario
uniform,0.634,0.1,316912.0,7925000.0,5024450.0,31691.2,54890.768552826805,200890.0,False,7925000.0,25.0,1.0,0.0,hypothetical scenario
uniform,0.636,0.1,316912.0,7925000.0,5040300.0,31691.2,54890.768552826805,201524.0,False,7925000.0,25.0,1.0,0.0,hypothetical scenario
uniform,0.638,0.1,316912.0,7925000.0,5056150.0,31691.2,54890.768552826805,202158.0,False,7925000.0,25.0,1.0,0.0,hypothetical scenario
uniform,0.64,0.1,316912.0,7925000.0,5072000.0,31691.2,54890.768552826805,202792.0,False,7925000.0,25.0,1.0,0.0,hypothetical scenario
uniform,0.642,0.1,316912.0,7925000.0,5087850.0,31691.2,54890.768552826805,203426.0,False,7925000.0,25.0,1.0,0.0,hypothetical scenario
uniform,0.644,0.1,316912.0,7925000.0,5103700.0,31691.2,54890.768552826805,204060.0,False,7925000.0,25.0,1.0,0.0,hypothetical scenario
uniform,0.646,0.1,316912.0,7925000.0,5119550.0,31691.2,54890.768552826805,204694.0,False,7925000.0,25.0,1.0,0.0,hypothetical scenario
uniform,0.648,0.1,316912.0,7925000.0,5135400.0,31691.2,54890.768552826805,205328.0,False,7925000.0,25.0,1.0,0.0,hypothetical scenario
uniform,0.65,0.1,316912.0,7925000.0,5151250.0,31691.2,54890.768552826805,205962.0,False,7925000.0,25.0,1.0,0.0,hypothetical scenario
uniform,0.652,0.1,316912.0,7925000.0,5167100.0,31691.2,54890.768552826805,206596.0,False,7925000.0,25.0,1.0,0.0,hypothetical scenario
uniform,0.654,0.1,316912.0,7925000.0,5182950.0,31691.2,54890.768552826805,207230.0,False,7925000.0,25.0,1.0,0.0,hypothetical scenario
uniform,0.656,0.1,316912.0,7925000.0,5198800.0,31691.2,54890.768552826805,207864.0,False,7925000.0,25.0,1.0,0.0,hypothetical scenario
uniform,0.658,0.1,316912.0,7925000.0,5214650.0,31691.2,54890.768552826805,208498.0,False,7925000.0,25.0,1.0,0.0,hypothetical scenario
uniform,0.66,0.1,316912.0,7925000.0,5230500.0,31691.2,54890.768552826805,209132.0,False,7925000.0,25.0,1.0,0.0,hypothetical scenario
uniform,0.662,0.1,316912.0,7925000.0,5246350.0,31691.2,54890.768552826805,209766.0,False,7925000.0,25.0,1.0,0.0,hypothetical scenario
uniform,0.664,0.1,316912.0,7925000.0,5262200.0,31691.2,54890.768552826805,210400.0,False,7925000.0,25.0,1.0,0.0,hypothetical scenario
uniform,0.666,0.1,316912.0,7925000.0,5278050.0,31691.2,54890.768552826805,211034.0,False,7925000.0,25.0,1.0,0.0,hypothetical scenario
uniform,0.668,0.1,316912.0,7925000.0,5293900.0,31691.2,54890.768552826805,211668.0,False,7925000.0,25.0,1.0,0.0,hypothetical scenario
uniform,0.67,0.1,316912.0,7925000.0,5309750.0,31691.2,54890.768552826805,212302.0,False,7925000.0,25.0,1.0,0.0,hypothetical scenario
uniform,0.672,0.1,316912.0,7925000.0,5325600.0,31691.2,54890.768552826805,212936.0,False,7925000.0,25.0,1.0,0.0,hypothetical scenario
uniform,0.674,0.1,316912.0,7925000.0,5341450.0,31691.2,54890.768552826805,213570.0,False,7925000.0,25.0,1.0,0.0,hypothetical scenario
uniform,0.676,0.1,316912.0,7925000.0,5357300.0,31691.2,54890.768552826805,214204.0,False,7925000.0,25.0,1.0,0.0,hypothetical scenario
uniform,0.678,0.1,316912.0,7925000.0,5373150.0,31691.2,54890.768552826805,214838.0,False,7925000.0,25.0,1.0,0.0,hypothetical scenario
uniform,0.68,0.1,316912.0,7925000.0,5389000.0,31691.2,54890.768552826805,215472.0,False,7925000.0,25.0,1.0,0.0,hypothetical scenario
uniform,0.682,0.1,316912.0,7925000.0,5404850.0,31691.2,54890.768552826805,216106.0,False,7925000.0,25.0,1.0,0.0,hypothetical scenario
uniform,0.684,0.1,316912.0,7925000.0,5420700.0,31691.2,54890.768552826805,216740.0,False,7925000.0,25.0,1.0,0.0,hypothetical scenario
uniform,0.686,0.1,316912.0,7925000.0,5436550.0,31691.2,54890.768552826805,217374.0,False,7925000.0,25.0,1.0,0.0,hypothetical scenario
uniform,0.6880000000000001,0.1,316912.0,7925000.0,5452400.0,31691.2,54890.768552826805,218008.0,False,7925000.0,25.0,1.0,0.0,hypothetical scenario
uniform,0.6900000000000001,0.1,316912.0,7925000.0,5468250.0,31691.2,54890.768552826805,218642.0,False,7925000.0,25.0,1.0,0.0,hypothetical scenario
uniform,0.6920000000000001,0.1,316912.0,7925000.0,5484100.000000001,31691.2,54890.768552826805,219276.00000000006,False,7925000.0,25.0,1.0,0.0,hypothetical scenario
uniform,0.6940000000000001,0.1,316912.0,7925000.0,5499950.000000001,31691.2,54890.768552826805,219910.00000000006,False,7925000.0,25.0,1.0,0.0,hypothetical scenario
uniform,0.6960000000000001,0.1,316912.0,7925000.0,5515800.000000001,31691.2,54890.768552826805,220544.00000000006,False,7925000.0,25.0,1.0,0.0,hypothetical scenario
uniform,0.6980000000000001,0.1,316912.0,7925000.0,5531650.000000001,31691.2,54890.768552826805,221178.00000000006,False,7925000.0,25.0,1.0,0.0,hypothetical scenario
uniform,0.7000000000000001,0.1,316912.0,7925000.0,5547500.000000001,31691.2,54890.768552826805,221812.00000000006,False,7925000.0,25.0,1.0,0.0,hypothetical scenario
uniform,0.7020000000000001,0.1,316912.0,7925000.0,5563350.000000001,31691.2,54890.768552826805,222446.00000000006,False,7925000.0,25.0,1.0,0.0,hypothetical scenario
uniform,0.704,0.1,316912.0,7925000.0,5579200.0,31691.2,54890.768552826805,223080.0,False,7925000.0,25.0,1.0,0.0,hypothetical scenario
uniform,0.706,0.1,316912.0,7925000.0,5595050.0,31691.2,54890.768552826805,223714.0,False,7925000.0,25.0,1.0,0.0,hypothetical scenario
uniform,0.708,0.1,316912.0,7925000.0,5610900.0,31691.2,54890.768552826805,224348.0,False,7925000.0,25.0,1.0,0.0,hypothetical scenario
uniform,0.71,0.1,316912.0,7925000.0,5626750.0,31691.2,54890.768552826805,224982.0,False,7925000.0,25.0,1.0,0.0,hypothetical scenario
uniform,0.712,0.1,316912.0,7925000.0,5642600.0,31691.2,54890.768552826805,225616.0,False,7925000.0,25.0,1.0,0.0,hypothetical scenario
uniform,0.714,0.1,316912.0,7925000.0,5658450.0,31691.2,54890.768552826805,226250.0,False,7925000.0,25.0,1.0,0.0,hypothetical scenario
uniform,0.716,0.1,316912.0,7925000.0,5674300.0,31691.2,54890.768552826805,226884.0,False,7925000.0,25.0,1.0,0.0,hypothetical scenario
uniform,0.718,0.1,316912.0,7925000.0,5690150.0,31691.2,54890.768552826805,227518.0,False,7925000.0,25.0,1.0,0.0,hypothetical scenario
uniform,0.72,0.1,316912.0,7925000.0,5706000.0,31691.2,54890.768552826805,228152.0,False,7925000.0,25.0,1.0,0.0,hypothetical scenario
uniform,0.722,0.1,316912.0,7925000.0,5721850.0,31691.2,54890.768552826805,228786.0,False,7925000.0,25.0,1.0,0.0,hypothetical scenario
uniform,0.724,0.1,316912.0,7925000.0,5737700.0,31691.2,54890.768552826805,229420.0,False,7925000.0,25.0,1.0,0.0,hypothetical scenario
uniform,0.726,0.1,316912.0,7925000.0,5753550.0,31691.2,54890.768552826805,230054.0,False,7925000.0,25.0,1.0,0.0,hypothetical scenario
uniform,0.728,0.1,316912.0,7925000.0,5769400.0,31691.2,54890.768552826805,230688.0,False,7925000.0,25.0,1.0,0.0,hypothetical scenario
uniform,0.73,0.1,316912.0,7925000.0,5785250.0,31691.2,54890.768552826805,231322.0,False,7925000.0,25.0,1.0,0.0,hypothetical scenario
uniform,0.732,0.1,316912.0,7925000.0,5801100.0,31691.2,54890.768552826805,231956.0,False,7925000.0,25.0,1.0,0.0,hypothetical scenario
uniform,0.734,0.1,316912.0,7925000.0,5816950.0,31691.2,54890.768552826805,232590.0,False,7925000.0,25.0,1.0,0.0,hypothetical scenario
uniform,0.736,0.1,316912.0,7925000.0,5832800.0,31691.2,54890.768552826805,233224.0,False,7925000.0,25.0,1.0,0.0,hypothetical scenario
uniform,0.738,0.1,316912.0,7925000.0,5848650.0,31691.2,54890.768552826805,233858.0,False,7925000.0,25.0,1.0,0.0,hypothetical scenario
uniform,0.74,0.1,316912.0,7925000.0,5864500.0,31691.2,54890.768552826805,234492.0,False,7925000.0,25.0,1.0,0.0,hypothetical scenario
uniform,0.742,0.1,316912.0,7925000.0,5880350.0,31691.2,54890.768552826805,235126.0,False,7925000.0,25.0,1.0,0.0,hypothetical scenario
uniform,0.744,0.1,316912.0,7925000.0,5896200.0,31691.2,54890.768552826805,235760.0,False,7925000.0,25.0,1.0,0.0,hypothetical scenario
uniform,0.746,0.1,316912.0,7925000.0,5912050.0,31691.2,54890.768552826805,236394.0,False,7925000.0,25.0,1.0,0.0,hypothetical scenario
uniform,0.748,0.1,316912.0,7925000.0,5927900.0,31691.2,54890.768552826805,237028.0,False,7925000.0,25.0,1.0,0.0,hypothetical scenario
uniform,0.75,0.1,316912.0,7925000.0,5943750.0,31691.2,54890.768552826805,237662.0,False,7925000.0,25.0,1.0,0.0,hypothetical scenario
uniform,0.752,0.1,316912.0,7925000.0,5959600.0,31691.2,54890.768552826805,238296.0,False,7925000.0,25.0,1.0,0.0,hypothetical scenario
uniform,0.754,0.1,316912.0,7925000.0,5975450.0,31691.2,54890.768552826805,238930.0,False,7925000.0,25.0,1.0,0.0,hypothetical scenario
uniform,0.756,0.1,316912.0,7925000.0,5991300.0,31691.2,54890.768552826805,239564.0,False,7925000.0,25.0,1.0,0.0,hypothetical scenario
uniform,0.758,0.1,316912.0,7925000.0,6007150.0,31691.2,54890.768552826805,240198.0,False,7925000.0,25.0,1.0,0.0,hypothetical scenario
uniform,0.76,0.1,316912.0,7925000.0,6023000.0,31691.2,54890.768552826805,240832.0,False,7925000.0,25.0,1.0,0.0,hypothetical scenario
uniform,0.762,0.1,316912.0,7925000.0,6038850.0,31691.2,54890.768552826805,241466.0,False,7925000.0,25.0,1.0,0.0,hypothetical scenario
uniform,0.764,0.1,316912.0,7925000.0,6054700.0,31691.2,54890.768552826805,242100.0,False,7925000.0,25.0,1.0,0.0,hypothetical scenario
uniform,0.766,0.1,316912.0,7925000.0,6070550.0,31691.2,54890.768552826805,242734.0,False,7925000.0,25.0,1.0,0.0,hypothetical scenario
uniform,0.768,0.1,316912.0,7925000.0,6086400.0,31691.2,54890.768552826805,243368.0,False,7925000.0,25.0,1.0,0.0,hypothetical scenario
uniform,0.77,0.1,316912.0,7925000.0,6102250.0,31691.2,54890.768552826805,244002.0,False,7925000.0,25.0,1.0,0.0,hypothetical scenario
uniform,0.772,0.1,316912.0,7925000.0,6118100.0,31691.2,54890.768552826805,244636.0,False,7925000.0,25.0,1.0,0.0,hypothetical scenario
uniform,0.774,0.1,316912.0,7925000.0,6133950.0,31691.2,54890.768552826805,245270.0,False,7925000.0,25.0,1.0,0.0,hypothetical scenario
uniform,0.776,0.1,316912.0,7925000.0,6149800.0,31691.2,54890.768552826805,245904.0,False,7925000.0,25.0,1.0,0.0,hypothetical scenario
uniform,0.778,0.1,316912.0,7925000.0,6165650.0,31691.2,54890.768552826805,246538.0,False,7925000.0,25.0,1.0,0.0,hypothetical scenario
uniform,0.78,0.1,316912.0,7925000.0,6181500.0,31691.2,54890.768552826805,247172.0,False,7925000.0,25.0,1.0,0.0,hypothetical scenario
uniform,0.782,0.1,316912.0,7925000.0,6197350.0,31691.2,54890.768552826805,247806.0,False,7925000.0,25.0,1.0,0.0,hypothetical scenario
uniform,0.784,0.1,316912.0,7925000.0,6213200.0,31691.2,54890.768552826805,248440.0,False,7925000.0,25.0,1.0,0.0,hypothetical scenario
uniform,0.786,0.1,316912.0,7925000.0,6229050.0,31691.2,54890.768552826805,249074.0,False,7925000.0,25.0,1.0,0.0,hypothetical scenario
uniform,0.788,0.1,316912.0,7925000.0,6244900.0,31691.2,54890.768552826805,249708.0,False,7925000.0,25.0,1.0,0.0,hypothetical scenario
uniform,0.79,0.1,316912.0,7925000.0,6260750.0,31691.2,54890.768552826805,250342.0,False,7925000.0,25.0,1.0,0.0,hypothetical scenario
uniform,0.792,0.1,316912.0,7925000.0,6276600.0,31691.2,54890.768552826805,250976.0,False,7925000.0,25.0,1.0,0.0,hypothetical scenario
uniform,0.794,0.1,316912.0,7925000.0,6292450.0,31691.2,54890.768552826805,251610.0,False,7925000.0,25.0,1.0,0.0,hypothetical scenario
uniform,0.796,0.1,316912.0,7925000.0,6308300.0,31691.2,54890.768552826805,252244.0,False,7925000.0,25.0,1.0,0.0,hypothetical scenario
uniform,0.798,0.1,316912.0,7925000.0,6324150.0,31691.2,54890.768552826805,252878.0,False,7925000.0,25.0,1.0,0.0,hypothetical scenario
uniform,0.8,0.1,316912.0,7925000.0,6340000.0,31691.2,54890.768552826805,253512.0,False,7925000.0,25.0,1.0,0.0,hypothetical scenario
uniform,0.802,0.1,316912.0,7925000.0,6355850.0,31691.2,54890.768552826805,254146.0,False,7925000.0,25.0,1.0,0.0,hypothetical scenario
uniform,0.804,0.1,316912.0,7925000.0,6371700.0,31691.2,54890.768552826805,254780.0,False,7925000.0,25.0,1.0,0.0,hypothetical scenario
uniform,0.806,0.1,316912.0,7925000.0,6387550.0,31691.2,54890.768552826805,255414.0,False,7925000.0,25.0,1.0,0.0,hypothetical scenario
uniform,0.808,0.1,316912.0,7925000.0,6403400.0,31691.2,54890.768552826805,256048.0,False,7925000.0,25.0,1.0,0.0,hypothetical scenario
uniform,0.81,0.1,316912.0,7925000.0,6419250.0,31691.2,54890.768552826805,256682.0,False,7925000.0,25.0,1.0,0.0,hypothetical scenario
uniform,0.812,0.1,316912.0,7925000.0,6435100.0,31691.2,54890.768552826805,257316.0,False,7925000.0,25.0,1.0,0.0,hypothetical scenario
uniform,0.8140000000000001,0.1,316912.0,7925000.0,6450950.0,31691.2,54890.768552826805,257950.0,False,7925000.0,25.0,1.0,0.0,hypothetical scenario
uniform,0.8160000000000001,0.1,316912.0,7925000.0,6466800.0,31691.2,54890.768552826805,258584.0,False,7925000.0,25.0,1.0,0.0,hypothetical scenario
uniform,0.8180000000000001,0.1,316912.0,7925000.0,6482650.000000001,31691.2,54890.768552826805,259218.00000000003,False,7925000.0,25.0,1.0,0.0,hypothetical scenario
uniform,0.8200000000000001,0.1,316912.0,7925000.0,6498500.000000001,31691.2,54890.768552826805,259852.00000000003,False,7925000.0,25.0,1.0,0.0,hypothetical scenario
uniform,0.8220000000000001,0.1,316912.0,7925000.0,6514350.000000001,31691.2,54890.768552826805,260486.00000000003,False,7925000.0,25.0,1.0,0.0,hypothetical scenario
uniform,0.8240000000000001,0.1,316912.0,7925000.0,6530200.000000001,31691.2,54890.768552826805,261120.00000000003,False,7925000.0,25.0,1.0,0.0,hypothetical scenario
uniform,0.8260000000000001,0.1,316912.0,7925000.0,6546050.000000001,31691.2,54890.768552826805,261754.00000000003,False,7925000.0,25.0,1.0,0.0,hypothetical scenario
uniform,0.8280000000000001,0.1,316912.0,7925000.0,6561900.000000001,31691.2,54890.768552826805,262388.61472299864,False,7925000.0,24.916337645311014,0.9966535058124406,0.0,hypothetical scenario
uniform,0.8300000000000001,0.1,316912.0,7925000.0,6577750.000000001,31691.2,54890.768552826805,263026.6035659726,False,7925000.0,24.77105163916775,0.9908420655667101,0.0,hypothetical scenario
uniform,0.8320000000000001,0.1,316912.0,7925000.0,6593600.000000001,31691.2,54890.768552826805,263668.35645289737,False,7925000.0,24.62490846613421,0.9849963386453685,0.0,hypothetical scenario
uniform,0.834,0.1,316912.0,7925000.0,6609450.0,31691.2,54890.768552826805,264313.94080246286,False,7925000.000000001,24.477892773289568,0.9791157109315827,0.0,hypothetical scenario
uniform,0.836,0.1,316912.0,7925000.0,6625300.0,31691.2,54890.768552826805,264963.42607030575,False,7924999.999999999,24.329988743849302,0.973199549753972,0.0,hypothetical scenario
uniform,0.838,0.1,316912.0,7925000.0,6641150.0,31691.2,54890.768552826805,265616.8838362249,False,7925000.0,24.181180077304067,0.9672472030921626,0.0,hypothetical scenario
uniform,0.84,0.1,316912.0,7925000.0,6657000.0,31691.2,54890.768552826805,266274.3878962589,False,7925000.0,24.031449968451334,0.9612579987380534,0.0,hypothetical scenario
uniform,0.842,0.1,316912.0,7925000.0,6672850.0,31691.2,54890.768552826805,266936.0143599582,False,7925000.0,23.880781085244106,0.9552312434097643,0.0,hypothetical scenario
uniform,0.844,0.1,316912.0,7925000.0,6688700.0,31691.2,54890.768552826805,267601.8417532174,False,7925000.0,23.729155545373402,0.949166221814936,0.0,hypothetical scenario
uniform,0.846,0.1,316912.0,7925000.0,6704550.0,31691.2,54890.768552826805,268271.95112705935,False,7925000.000000001,23.57655489149545,0.9430621956598181,0.0,hypothetical scenario
uniform,0.848,0.1,316912.0,7925000.0,6720400.0,31691.2,54890.768552826805,268946.42617279844,False,7925000.0,23.422960065006098,0.936918402600244,0.0,hypothetical scenario
uniform,0.85,0.1,316912.0,7925000.0,6736250.0,31691.2,54890.768552826805,269625.3533440457,False,7925000.0,23.268351378257194,0.9307340551302877,0.0,hypothetical scenario
uniform,0.852,0.1,316912.0,7925000.0,6752100.0,31691.2,54890.768552826805,270308.8219860601,False,7925000.000000001,23.112708485100065,0.9245083394040026,0.0,hypothetical scenario
uniform,0.854,0.1,316912.0,7925000.0,6767950.0,31691.2,54890.768552826805,270996.92447299324,False,7925000.0,22.95601034963151,0.9182404139852604,0.0,hypothetical scenario
uniform,0.856,0.1,316912.0,7925000.0,6783800.0,31691.2,54890.768552826805,271689.75635362393,False,7925000.0,22.798235213006322,0.9119294085202528,0.0,hypothetical scenario
uniform,0.858,0.1,316912.0,7925000.0,6799650.0,31691.2,54890.768552826805,272387.416506235,False,7925000.0,22.639360558168036,0.9055744223267215,0.0,hypothetical scenario
uniform,0.86,0.1,316912.0,7925000.0,6815500.0,31691.2,54890.768552826805,273090.0073033419,False,7925000.000000001,22.47936307233609,0.8991745228934436,0.0,hypothetical scenario
uniform,0.862,0.1,316912.0,7925000.0,6831350.0,31691.2,54890.768552826805,273797.63478704984,False,7925000.0,22.318218607072556,0.8927287442829023,0.0,hypothetical scenario
uniform,0.864,0.1,316912.0,7925000.0,6847200.0,31691.2,54890.768552826805,274510.4088558913,False,7925000.000000001,22.15590213573469,0.8862360854293876,0.0,hypothetical scenario
uniform,0.866,0.1,316912.0,7925000.0,6863050.0,31691.2,54890.768552826805,275228.4434640751,False,7924999.999999999,21.992387708100846,0.8796955083240339,0.0,hypothetical scenario
uniform,0.868,0.1,316912.0,7925000.0,6878900.0,31691.2,54890.768552826805,275951.856834169,False,7925000.0,21.827648401937346,0.8731059360774939,0.0,hypothetical scenario
uniform,0.87,0.1,316912.0,7925000.0,6894750.0,31691.2,54890.768552826805,276680.77168434236,False,7925000.0,21.661656271249687,0.8664662508499874,0.0,hypothetical scenario
uniform,0.872,0.1,316912.0,7925000.0,6910600.0,31691.2,54890.768552826805,277415.3154714029,False,7925000.0,21.49438229093695,0.859775291637478,0.0,hypothetical scenario
uniform,0.874,0.1,316912.0,7925000.0,6926450.0,31691.2,54890.768552826805,278155.6206509925,False,7925000.0,21.32579629753873,0.8530318519015492,0.0,hypothetical scenario
uniform,0.876,0.1,316912.0,7925000.0,6942300.0,31691.2,54890.768552826805,278901.8249564453,False,7925000.0,21.155866925732187,0.8462346770292875,0.0,hypothetical scenario
uniform,0.878,0.1,316912.0,7925000.0,6958150.0,31691.2,54890.768552826805,279654.0716979711,False,7925000.000000001,20.98456154020051,0.8393824616080203,0.0,hypothetical scenario
uniform,0.88,0.1,316912.0,7925000.0,6974000.0,31691.2,54890.768552826805,280412.51008400467,False,7925000.0,20.811846162453595,0.8324738464981438,0.0,hypothetical scenario
uniform,0.882,0.1,316912.0,7925000.0,6989850.0,31691.2,54890.768552826805,281177.29556676093,False,7925000.0,20.637685392136582,0.8255074156854633,0.0,hypothetical scenario
uniform,0.884,0.1,316912.0,7925000.0,7005700.0,31691.2,54890.768552826805,281948.59021426435,False,7925000.0,20.462042322309383,0.8184816928923753,0.0,hypothetical scenario
uniform,0.886,0.1,316912.0,7925000.0,7021550.0,31691.2,54890.768552826805,282726.5631113723,False,7925000.0,20.284878448123685,0.8113951379249474,0.0,hypothetical scenario
uniform,0.888,0.1,316912.0,7925000.0,7037400.0,31691.2,54890.768552826805,283511.39079260465,False,7925000.0,20.106153568256808,0.8042461427302723,0.0,hypothetical scenario
uniform,0.89,0.1,316912.0,7925000.0,7053250.0,31691.2,54890.768552826805,284303.2577099182,False,7925000.0,19.925825678387802,0.797033027135512,0.0,hypothetical scenario
uniform,0.892,0.1,316912.0,7925000.0,7069100.0,31691.2,54890.768552826805,285102.3567389357,False,7925000.0,19.743850855916413,0.7897540342366566,0.0,hypothetical scenario
uniform,0.894,0.1,316912.0,7925000.0,7084950.0,31691.2,54890.768552826805,285908.88972756744,False,7925000.0,19.56018313502826,0.7824073254011304,0.0,hypothetical scenario
uniform,0.896,0.1,316912.0,7925000.0,7100800.0,31691.2,54890.768552826805,286723.0680914455,False,7925000.0,19.37477437109957,0.7749909748439827,0.0,hypothetical scenario
uniform,0.898,0.1,316912.0,7925000.0,7116650.0,31691.2,54890.768552826805,287545.1134611474,False,7925000.0,19.18757409330814,0.7675029637323256,0.0,hypothetical scenario
uniform,0.9,0.1,316912.0,7925000.0,7132500.0,31691.2,54890.768552826805,288375.2583868244,False,7925000.0,18.998529344171942,0.7599411737668776,0.0,hypothetical scenario
uniform,0.902,0.1,316912.0,7925000.0,7148350.0,31691.2,54890.768552826805,289213.7471065809,False,7925000.0,18.80758450456983,0.7523033801827933,0.0,hypothetical scenario
uniform,0.904,0.1,316912.0,7925000.0,7164200.0,31691.2,54890.768552826805,290060.8363858019,False,7925000.0,18.61468110260576,0.7445872441042305,0.0,hypothetical scenario
uniform,0.906,0.1,316912.0,7925000.0,7180050.0,31691.2,54890.768552826805,290916.79643560166,False,7924999.999999999,18.41975760445507,0.7367903041782029,0.0,hypothetical scenario
uniform,0.908,0.1,316912.0,7925000.0,7195900.0,31691.2,54890.768552826805,291781.91191970545,False,7925000.0,18.222749185072306,0.7289099674028923,0.0,hypothetical scenario
uniform,0.91,0.1,316912.0,7925000.0,7211750.0,31691.2,54890.768552826805,292656.4830604009,False,7925000.0,18.023587476338502,0.72094349905354,0.0,hypothetical scenario
uniform,0.912,0.1,316912.0,7925000.0,7227600.0,31691.2,54890.768552826805,293540.82685573737,False,7925000.000000001,17.8222002898744,0.712888011594976,0.0,hypothetical scenario
uniform,0.914,0.1,316912.0,7925000.0,7243450.0,31691.2,54890.768552826805,294435.27842196723,False,7925000.0,17.618511311333076,0.7047404524533231,0.0,hypothetical scenario
uniform,0.916,0.1,316912.0,7925000.0,7259300.0,31691.2,54890.768552826805,295340.19247734605,False,7925000.0,17.412439762501528,0.6964975905000611,0.0,hypothetical scenario
uniform,0.918,0.1,316912.0,7925000.0,7275150.0,31691.2,54890.768552826805,296255.9449859242,False,7925000.0,17.20390002696822,0.6881560010787289,0.0,hypothetical scenario
uniform,0.92,0.1,316912.0,7925000.0,7291000.0,31691.2,54890.768552826805,297182.93498293235,False,7925000.0,16.99280123443718,0.6797120493774872,0.0,hypothetical scenario
uniform,0.922,0.1,316912.0,7925000.0,7306850.0,31691.2,54890.768552826805,298121.5866069,False,7925000.0,16.779046797963893,0.6711618719185557,0.0,hypothetical scenario
uniform,0.924,0.1,316912.0,7925000.0,7322700.0,31691.2,54890.768552826805,299072.3513678635,False,7925000.0,16.56253389742751,0.6625013558971005,0.0,hypothetical scenario
uniform,0.926,0.1,316912.0,7925000.0,7338550.0,31691.2,54890.768552826805,300035.710686081,False,7925000.000000001,16.343152901402114,0.6537261160560845,0.0,hypothetical scenario
uniform,0.928,0.1,316912.0,7925000.0,7354400.0,31691.2,54890.768552826805,301012.1787417589,False,7925000.0,16.1207867182027,0.644831468728108,0.0,hypothetical scenario
uniform,0.93,0.1,316912.0,7925000.0,7370250.0,31691.2,54890.768552826805,302002.30568366736,False,7925000.0,15.895310065203313,0.6358124026081325,0.0,hypothetical scenario
uniform,0.932,0.1,316912.0,7925000.0,7386100.0,31691.2,54890.768552826805,303006.681253483,False,7925000.0,15.666588643483506,0.6266635457393402,0.0,hypothetical scenario
uniform,0.934,0.1,316912.0,7925000.0,7401950.0,31691.2,54890.768552826805,304025.9388936508,False,7925000.0,15.434478202365604,0.6173791280946241,0.0,hypothetical scenario
uniform,0.936,0.1,316912.0,7925000.0,7417800.0,31691.2,54890.768552826805,305060.76042002486,False,7925000.0,15.198823475337559,0.6079529390135023,0.0,hypothetical scenario
uniform,0.9380000000000001,0.1,316912.0,7925000.0,7433650.0,31691.2,54890.768552826805,306111.8813571965,False,7925000.0,14.95945696506543,0.5983782786026172,0.0,hypothetical scenario
uniform,0.9400000000000001,0.1,316912.0,7925000.0,7449500.0,31691.2,54890.768552826805,307180.09705513134,False,7925000.0,14.716197550482175,0.588647902019287,0.0,hypothetical scenario
uniform,0.9420000000000001,0.1,316912.0,7925000.0,7465350.000000001,31691.2,54890.768552826805,308266.269731684,False,7925000.0,14.468848883031074,0.578753955321243,0.0,hypothetical scenario
uniform,0.9440000000000001,0.1,316912.0,7925000.0,7481200.000000001,31691.2,54890.768552826805,309371.33661827067,False,7925000.0,14.217197531692474,0.568687901267699,0.0,hypothetical scenario
uniform,0.9460000000000001,0.1,316912.0,7925000.0,7497050.000000001,31691.2,54890.768552826805,310496.3194275582,False,7925000.0,13.9610108269543,0.558440433078172,0.0,hypothetical scenario
uniform,0.9480000000000001,0.1,316912.0,7925000.0,7512900.000000001,31691.2,54890.768552826805,311642.3354152639,False,7925000.0,13.70003434176382,0.5480013736705528,0.0,hypothetical scenario
uniform,0.9500000000000001,0.1,316912.0,7925000.0,7528750.000000001,31691.2,54890.768552826805,312810.61037693697,False,7925000.0,13.433988931835572,0.5373595572734229,0.0,hypothetical scenario
uniform,0.9520000000000001,0.1,316912.0,7925000.0,7544600.000000001,31691.2,54890.768552826805,314002.4940102328,False,7925000.0,13.162567237277594,0.5265026894911038,0.0,hypothetical scenario
uniform,0.9540000000000001,0.1,316912.0,7925000.0,7560450.000000001,31691.2,54890.768552826805,315219.4781911903,False,7925000.0,12.885429520626237,0.5154171808250495,0.0,hypothetical scenario
uniform,0.9560000000000001,0.1,316912.0,7925000.0,7576300.000000001,31691.2,54890.768552826805,316463.21886998875,False,7925000.0,12.602198680635018,0.5040879472254007,0.0,hypothetical scenario
uniform,0.9580000000000001,0.1,316912.0,7925000.0,7592150.000000001,31691.2,54890.768552826805,317735.5625028622,False,7925000.0,12.312454233067086,0.4924981693226835,0.0,hypothetical scenario
uniform,0.96,0.1,316912.0,7925000.0,7608000.0,31691.2,54890.768552826805,319038.57822454284,False,7925000.0,12.015724984225674,0.480628999369027,0.0,hypothetical scenario
uniform,0.962,0.1,316912.0,7925000.0,7623850.0,31691.2,54890.768552826805,320374.5973628126,False,7925000.0,11.711480032503056,0.46845920130012225,0.0,hypothetical scenario
uniform,0.964,0.1,316912.0,7925000.0,7639700.0,31691.2,54890.768552826805,321746.2624532254,False,7925000.0,11.399117606503161,0.4559647042601264,0.0,hypothetical scenario
uniform,0.966,0.1,316912.0,7925000.0,7655550.0,31691.2,54890.768552826805,323156.5887043591,False,7925000.0,11.077951067867344,0.4431180427146938,0.0,hypothetical scenario
uniform,0.968,0.1,316912.0,7925000.0,7671400.0,31691.2,54890.768552826805,324609.0420121149,False,7925000.0,10.747191145468468,0.42988764581873873,0.0,hypothetical scenario
uniform,0.97,0.1,316912.0,7925000.0,7687250.0,31691.2,54890.768552826805,326107.6393184157,False,7925000.0,10.405923081226804,0.4162369232490722,0.0,hypothetical scenario
uniform,0.972,0.1,316912.0,7925000.0,7703100.0,31691.2,54890.768552826805,327657.07967271574,False,7925000.0,10.053076784128404,0.40212307136513614,0.0,hypothetical scenario
uniform,0.974,0.1,316912.0,7925000.0,7718950.0,31691.2,54890.768552826805,329262.91832213616,False,7925000.0,9.687387185549785,0.38749548742199136,0.0,hypothetical scenario
uniform,0.976,0.1,316912.0,7925000.0,7734800.0,31691.2,54890.768552826805,330931.80246931437,False,7925000.0,9.30734055130288,0.37229362205211525,0.0,hypothetical scenario
uniform,0.978,0.1,316912.0,7925000.0,7750650.0,31691.2,54890.768552826805,332671.7977042821,False,7925000.0,8.9111001449372,0.356444005797488,0.0,hypothetical scenario
uniform,0.98,0.1,316912.0,7925000.0,7766500.0,31691.2,54890.768552826805,334492.85176787956,False,7925000.0,8.496400617218598,0.3398560246887439,0.0,hypothetical scenario
uniform,0.982,0.1,316912.0,7925000.0,7782350.0,31691.2,54890.768552826805,336407.4736472929,False,7925000.0,8.06039335910135,0.322415734364054,0.0,hypothetical scenario
uniform,0.984,0.1,316912.0,7925000.0,7798200.0,31691.2,54890.768552826805,338431.76448642585,False,7925000.0,7.599411737668779,0.30397646950675117,0.0,hypothetical scenario
uniform,0.986,0.1,316912.0,7925000.0,7814050.0,31691.2,54890.768552826805,340587.0525855487,False,7925000.0,7.108598765846243,0.2843439506338497,0.0,hypothetical scenario
uniform,0.988,0.1,316912.0,7925000.0,7829900.0,31691.2,54890.768552826805,342902.6312815298,False,7925000.0,6.581283618638804,0.2632513447455522,0.0,hypothetical scenario
uniform,0.99,0.1,316912.0,7925000.0,7845750.0,31691.2,54890.768552826805,345420.67338868487,False,7925000.0,6.00786249211283,0.24031449968451318,0.0,hypothetical scenario
uniform,0.992,0.1,316912.0,7925000.0,7861600.0,31691.2,54890.768552826805,348205.90528247086,False,7925000.0,5.373595572734234,0.21494382290936936,0.0,hypothetical scenario
uniform,0.994,0.1,316912.0,7925000.0,7877450.0,31691.2,54890.768552826805,351367.28551107063,False,7925000.0,4.653670275651434,0.18614681102605737,0.0,hypothetical scenario
uniform,0.996,0.1,316912.0,7925000.0,7893300.0,31691.2,54890.768552826805,355117.26651962637,False,7925000.0,3.7997058688343825,0.1519882347533753,0.0,hypothetical scenario
uniform,0.998,0.1,316912.0,7925000.0,7909150.0,31691.2,54890.768552826805,360004.33691764885,False,7925000.0,2.686797786367117,0.10747191145468468,0.0,hypothetical scenario
uniform,1.0,0.1,316912.0,7925000.0,7925000.0,31691.2,54890.768552826805,,True,7925000.0,0.0,0.0,0.0,hypothetical scenario
uniform,0.0,0.2,316912.0,7925000.0,0.0,63382.4,109781.53710565361,-88.0,False,7925000.0,25.0,1.0,0.0,hypothetical scenario
uniform,0.002,0.2,316912.0,7925000.0,15850.0,63382.4,109781.53710565361,546.0,False,7925000.0,25.0,1.0,0.0,hypothetical scenario
uniform,0.004,0.2,316912.0,7925000.0,31700.0,63382.4,109781.53710565361,1180.0,False,7925000.0,25.0,1.0,0.0,hypothetical scenario
uniform,0.006,0.2,316912.0,7925000.0,47550.0,63382.4,109781.53710565361,1814.0,False,7925000.0,25.0,1.0,0.0,hypothetical scenario
uniform,0.008,0.2,316912.0,7925000.0,63400.0,63382.4,109781.53710565361,2448.0,False,7925000.0,25.0,1.0,0.0,hypothetical scenario
uniform,0.01,0.2,316912.0,7925000.0,79250.0,63382.4,109781.53710565361,3082.0,False,7925000.0,25.0,1.0,0.0,hypothetical scenario
uniform,0.012,0.2,316912.0,7925000.0,95100.0,63382.4,109781.53710565361,3716.0,False,7925000.0,25.0,1.0,0.0,hypothetical scenario
uniform,0.014,0.2,316912.0,7925000.0,110950.0,63382.4,109781.53710565361,4350.0,False,7925000.0,25.0,1.0,0.0,hypothetical scenario
uniform,0.016,0.2,316912.0,7925000.0,126800.0,63382.4,109781.53710565361,4984.0,False,7925000.0,25.0,1.0,0.0,hypothetical scenario
uniform,0.018000000000000002,0.2,316912.0,7925000.0,142650.00000000003,63382.4,109781.53710565361,5618.0,False,7925000.0,25.0,1.0,0.0,hypothetical scenario
uniform,0.02,0.2,316912.0,7925000.0,158500.0,63382.4,109781.53710565361,6252.0,False,7925000.0,25.0,1.0,0.0,hypothetical scenario
uniform,0.022,0.2,316912.0,7925000.0,174350.0,63382.4,109781.53710565361,6886.0,False,7925000.0,25.0,1.0,0.0,hypothetical scenario
uniform,0.024,0.2,316912.0,7925000.0,190200.0,63382.4,109781.53710565361,7520.0,False,7925000.0,25.0,1.0,0.0,hypothetical scenario
uniform,0.026000000000000002,0.2,316912.0,7925000.0,206050.00000000003,63382.4,109781.53710565361,8154.0,False,7925000.0,25.0,1.0,0.0,hypothetical scenario
uniform,0.028,0.2,316912.0,7925000.0,221900.0,63382.4,109781.53710565361,8788.0,False,7925000.0,25.0,1.0,0.0,hypothetical scenario
uniform,0.03,0.2,316912.0,7925000.0,237750.0,63382.4,109781.53710565361,9422.0,False,7925000.0,25.0,1.0,0.0,hypothetical scenario
uniform,0.032,0.2,316912.0,7925000.0,253600.0,63382.4,109781.53710565361,10056.0,False,7925000.0,25.0,1.0,0.0,hypothetical scenario
uniform,0.034,0.2,316912.0,7925000.0,269450.0,63382.4,109781.53710565361,10690.0,False,7925000.0,25.0,1.0,0.0,hypothetical scenario
uniform,0.036000000000000004,0.2,316912.0,7925000.0,285300.00000000006,63382.4,109781.53710565361,11324.0,False,7925000.0,25.0,1.0,0.0,hypothetical scenario
uniform,0.038,0.2,316912.0,7925000.0,301150.0,63382.4,109781.53710565361,11958.0,False,7925000.0,25.0,1.0,0.0,hypothetical scenario
uniform,0.04,0.2,316912.0,7925000.0,317000.0,63382.4,109781.53710565361,12592.0,False,7925000.0,25.0,1.0,0.0,hypothetical scenario
uniform,0.042,0.2,316912.0,7925000.0,332850.0,63382.4,109781.53710565361,13226.0,False,7925000.0,25.0,1.0,0.0,hypothetical scenario
uniform,0.044,0.2,316912.0,7925000.0,348700.0,63382.4,109781.53710565361,13860.0,False,7925000.0,25.0,1.0,0.0,hypothetical scenario
uniform,0.046,0.2,316912.0,7925000.0,364550.0,63382.4,109781.53710565361,14494.0,False,7925000.0,25.0,1.0,0.0,hypothetical scenario
uniform,0.048,0.2,316912.0,7925000.0,380400.0,63382.4,109781.53710565361,15128.0,False,7925000.0,25.0,1.0,0.0,hypothetical scenario
uniform,0.05,0.2,316912.0,7925000.0,396250.0,63382.4,109781.53710565361,15762.0,False,7925000.0,25.0,1.0,0.0,hypothetical scenario
uniform,0.052000000000000005,0.2,316912.0,7925000.0,412100.00000000006,63382.4,109781.53710565361,16396.0,False,7925000.0,25.0,1.0,0.0,hypothetical scenario
uniform,0.054,0.2,316912.0,7925000.0,427950.0,63382.4,109781.53710565361,17030.0,False,7925000.0,25.0,1.0,0.0,hypothetical scenario
uniform,0.056,0.2,316912.0,7925000.0,443800.0,63382.4,109781.53710565361,17664.0,False,7925000.0,25.0,1.0,0.0,hypothetical scenario
uniform,0.058,0.2,316912.0,7925000.0,459650.0,63382.4,109781.53710565361,18298.0,False,7925000.0,25.0,1.0,0.0,hypothetical scenario
uniform,0.06,0.2,316912.0,7925000.0,475500.0,63382.4,109781.53710565361,18932.0,False,7925000.0,25.0,1.0,0.0,hypothetical scenario
uniform,0.062,0.2,316912.0,7925000.0,491350.0,63382.4,109781.53710565361,19566.0,False,7925000.0,25.0,1.0,0.0,hypothetical scenario
uniform,0.064,0.2,316912.0,7925000.0,507200.0,63382.4,109781.53710565361,20200.0,False,7925000.0,25.0,1.0,0.0,hypothetical scenario
uniform,0.066,0.2,316912.0,7925000.0,523050.0,63382.4,109781.53710565361,20834.0,False,7925000.0,25.0,1.0,0.0,hypothetical scenario
uniform,0.068,0.2,316912.0,7925000.0,538900.0,63382.4,109781.53710565361,21468.0,False,7925000.0,25.0,1.0,0.0,hypothetical scenario
uniform,0.07,0.2,316912.0,7925000.0,554750.0,63382.4,109781.53710565361,22102.0,False,7925000.0,25.0,1.0,0.0,hypothetical scenario
uniform,0.07200000000000001,0.2,316912.0,7925000.0,570600.0000000001,63382.4,109781.53710565361,22736.0,False,7925000.0,25.0,1.0,0.0,hypothetical scenario
uniform,0.074,0.2,316912.0,7925000.0,586450.0,63382.4,109781.53710565361,23370.0,False,7925000.0,25.0,1.0,0.0,hypothetical scenario
uniform,0.076,0.2,316912.0,7925000.0,602300.0,63382.4,109781.53710565361,24004.0,False,7925000.0,25.0,1.0,0.0,hypothetical scenario
uniform,0.078,0.2,316912.0,7925000.0,618150.0,63382.4,109781.53710565361,24638.0,False,7925000.0,25.0,1.0,0.0,hypothetical scenario
uniform,0.08,0.2,316912.0,7925000.0,634000.0,63382.4,109781.53710565361,25272.0,False,7925000.0,25.0,1.0,0.0,hypothetical scenario
uniform,0.082,0.2,316912.0,7925000.0,649850.0,63382.4,109781.53710565361,25906.0,False,7925000.0,25.0,1.0,0.0,hypothetical scenario
uniform,0.084,0.2,316912.0,7925000.0,665700.0,63382.4,109781.53710565361,26540.0,False,7925000.0,25.0,1.0,0.0,hypothetical scenario
uniform,0.08600000000000001,0.2,316912.0,7925000.0,681550.0,63382.4,109781.53710565361,27174.0,False,7925000.0,25.0,1.0,0.0,hypothetical scenario
uniform,0.088,0.2,316912.0,7925000.0,697400.0,63382.4,109781.53710565361,27808.0,False,7925000.0,25.0,1.0,0.0,hypothetical scenario
uniform,0.09,0.2,316912.0,7925000.0,713250.0,63382.4,109781.53710565361,28442.0,False,7925000.0,25.0,1.0,0.0,hypothetical scenario
uniform,0.092,0.2,316912.0,7925000.0,729100.0,63382.4,109781.53710565361,29076.0,False,7925000.0,25.0,1.0,0.0,hypothetical scenario
uniform,0.094,0.2,316912.0,7925000.0,744950.0,63382.4,109781.53710565361,29710.0,False,7925000.0,25.0,1.0,0.0,hypothetical scenario
uniform,0.096,0.2,316912.0,7925000.0,760800.0,63382.4,109781.53710565361,30344.0,False,7925000.0,25.0,1.0,0.0,hypothetical scenario
uniform,0.098,0.2,316912.0,7925000.0,776650.0,63382.4,109781.53710565361,30978.0,False,7925000.0,25.0,1.0,0.0,hypothetical scenario
uniform,0.1,0.2,316912.0,7925000.0,792500.0,63382.4,109781.53710565361,31612.0,False,7925000.0,25.0,1.0,0.0,hypothetical scenario
uniform,0.10200000000000001,0.2,316912.0,7925000.0,808350.0,63382.4,109781.53710565361,32246.0,False,7925000.0,25.0,1.0,0.0,hypothetical scenario
uniform,0.10400000000000001,0.2,316912.0,7925000.0,824200.0000000001,63382.4,109781.53710565361,32880.0,False,7925000.0,25.0,1.0,0.0,hypothetical scenario
uniform,0.106,0.2,316912.0,7925000.0,840050.0,63382.4,109781.53710565361,33514.0,False,7925000.0,25.0,1.0,0.0,hypothetical scenario
uniform,0.108,0.2,316912.0,7925000.0,855900.0,63382.4,109781.53710565361,34148.0,False,7925000.0,25.0,1.0,0.0,hypothetical scenario
uniform,0.11,0.2,316912.0,7925000.0,871750.0,63382.4,109781.53710565361,34782.0,False,7925000.0,25.0,1.0,0.0,hypothetical scenario
uniform,0.112,0.2,316912.0,7925000.0,887600.0,63382.4,109781.53710565361,35416.0,False,7925000.0,25.0,1.0,0.0,hypothetical scenario
uniform,0.114,0.2,316912.0,7925000.0,903450.0,63382.4,109781.53710565361,36050.0,False,7925000.0,25.0,1.0,0.0,hypothetical scenario
uniform,0.116,0.2,316912.0,7925000.0,919300.0,63382.4,109781.53710565361,36684.0,False,7925000.0,25.0,1.0,0.0,hypothetical scenario
uniform,0.11800000000000001,0.2,316912.0,7925000.0,935150.0000000001,63382.4,109781.53710565361,37318.0,False,7925000.0,25.0,1.0,0.0,hypothetical scenario
uniform,0.12,0.2,316912.0,7925000.0,951000.0,63382.4,109781.53710565361,37952.0,False,7925000.0,25.0,1.0,0.0,hypothetical scenario
uniform,0.122,0.2,316912.0,7925000.0,966850.0,63382.4,109781.53710565361,38586.0,False,7925000.0,25.0,1.0,0.0,hypothetical scenario
uniform,0.124,0.2,316912.0,7925000.0,982700.0,63382.4,109781.53710565361,39220.0,False,7925000.0,25.0,1.0,0.0,hypothetical scenario
uniform,0.126,0.2,316912.0,7925000.0,998550.0,63382.4,109781.53710565361,39854.0,False,7925000.0,25.0,1.0,0.0,hypothetical scenario
uniform,0.128,0.2,316912.0,7925000.0,1014400.0,63382.4,109781.53710565361,40488.0,False,7925000.0,25.0,1.0,0.0,hypothetical scenario
uniform,0.13,0.2,316912.0,7925000.0,1030250.0,63382.4,109781.53710565361,41122.0,False,7925000.0,25.0,1.0,0.0,hypothetical scenario
uniform,0.132,0.2,316912.0,7925000.0,1046100.0,63382.4,109781.53710565361,41756.0,False,7925000.0,25.0,1.0,0.0,hypothetical scenario
uniform,0.134,0.2,316912.0,7925000.0,1061950.0,63382.4,109781.53710565361,42390.0,False,7925000.0,25.0,1.0,0.0,hypothetical scenario
uniform,0.136,0.2,316912.0,7925000.0,1077800.0,63382.4,109781.53710565361,43024.0,False,7925000.0,25.0,1.0,0.0,hypothetical scenario
uniform,0.138,0.2,316912.0,7925000.0,1093650.0,63382.4,109781.53710565361,43658.0,False,7925000.0,25.0,1.0,0.0,hypothetical scenario
uniform,0.14,0.2,316912.0,7925000.0,1109500.0,63382.4,109781.53710565361,44292.0,False,7925000.0,25.0,1.0,0.0,hypothetical scenario
uniform,0.14200000000000002,0.2,316912.0,7925000.0,1125350.0000000002,63382.4,109781.53710565361,44926.0,False,7925000.0,25.0,1.0,0.0,hypothetical scenario
uniform,0.14400000000000002,0.2,316912.0,7925000.0,1141200.0000000002,63382.4,109781.53710565361,45560.0,False,7925000.0,25.0,1.0,0.0,hypothetical scenario
uniform,0.146,0.2,316912.0,7925000.0,1157050.0,63382.4,109781.53710565361,46194.0,False,7925000.0,25.0,1.0,0.0,hypothetical scenario
uniform,0.148,0.2,316912.0,7925000.0,1172900.0,63382.4,109781.53710565361,46828.0,False,7925000.0,25.0,1.0,0.0,hypothetical scenario
uniform,0.15,0.2,316912.0,7925000.0,1188750.0,63382.4,109781.53710565361,47462.0,False,7925000.0,25.0,1.0,0.0,hypothetical scenario
uniform,0.152,0.2,316912.0,7925000.0,1204600.0,63382.4,109781.53710565361,48096.0,False,7925000.0,25.0,1.0,0.0,hypothetical scenario
uniform,0.154,0.2,316912.0,7925000.0,1220450.0,63382.4,109781.53710565361,48730.0,False,7925000.0,25.0,1.0,0.0,hypothetical scenario
uniform,0.156,0.2,316912.0,7925000.0,1236300.0,63382.4,109781.53710565361,49364.0,False,7925000.0,25.0,1.0,0.0,hypothetical scenario
uniform,0.158,0.2,316912.0,7925000.0,1252150.0,63382.4,109781.53710565361,49998.0,False,7925000.0,25.0,1.0,0.0,hypothetical scenario
uniform,0.16,0.2,316912.0,7925000.0,1268000.0,63382.4,109781.53710565361,50632.0,False,7925000.0,25.0,1.0,0.0,hypothetical scenario
uniform,0.162,0.2,316912.0,7925000.0,1283850.0,63382.4,109781.53710565361,51266.0,False,7925000.0,25.0,1.0,0.0,hypothetical scenario
uniform,0.164,0.2,316912.0,7925000.0,1299700.0,63382.4,109781.53710565361,51900.0,False,7925000.0,25.0,1.0,0.0,hypothetical scenario
uniform,0.166,0.2,316912.0,7925000.0,1315550.0,63382.4,109781.53710565361,52534.0,False,7925000.0,25.0,1.0,0.0,hypothetical scenario
uniform,0.168,0.2,316912.0,7925000.0,1331400.0,63382.4,109781.53710565361,53168.0,False,7925000.0,25.0,1.0,0.0,hypothetical scenario
uniform,0.17,0.2,316912.0,7925000.0,1347250.0,63382.4,109781.53710565361,53802.0,False,7925000.0,25.0,1.0,0.0,hypothetical scenario
uniform,0.17200000000000001,0.2,316912.0,7925000.0,1363100.0,63382.4,109781.53710565361,54436.0,False,7925000.0,25.0,1.0,0.0,hypothetical scenario
uniform,0.17400000000000002,0.2,316912.0,7925000.0,1378950.0000000002,63382.4,109781.53710565361,55070.0,False,7925000.0,25.0,1.0,0.0,hypothetical scenario
uniform,0.176,0.2,316912.0,7925000.0,1394800.0,63382.4,109781.53710565361,55704.0,False,7925000.0,25.0,1.0,0.0,hypothetical scenario
uniform,0.178,0.2,316912.0,7925000.0,1410650.0,63382.4,109781.53710565361,56338.0,False,7925000.0,25.0,1.0,0.0,hypothetical scenario
uniform,0.18,0.2,316912.0,7925000.0,1426500.0,63382.4,109781.53710565361,56972.0,False,7925000.0,25.0,1.0,0.0,hypothetical scenario
uniform,0.182,0.2,316912.0,7925000.0,1442350.0,63382.4,109781.53710565361,57606.0,False,7925000.0,25.0,1.0,0.0,hypothetical scenario
uniform,0.184,0.2,316912.0,7925000.0,1458200.0,63382.4,109781.53710565361,58240.0,False,7925000.0,25.0,1.0,0.0,hypothetical scenario
uniform,0.186,0.2,316912.0,7925000.0,1474050.0,63382.4,109781.53710565361,58874.0,False,7925000.0,25.0,1.0,0.0,hypothetical scenario
uniform,0.188,0.2,316912.0,7925000.0,1489900.0,63382.4,109781.53710565361,59508.0,False,7925000.0,25.0,1.0,0.0,hypothetical scenario
uniform,0.19,0.2,316912.0,7925000.0,1505750.0,63382.4,109781.53710565361,60142.0,False,7925000.0,25.0,1.0,0.0,hypothetical scenario
uniform,0.192,0.2,316912.0,7925000.0,1521600.0,63382.4,109781.53710565361,60776.0,False,7925000.0,25.0,1.0,0.0,hypothetical scenario
uniform,0.194,0.2,316912.0,7925000.0,1537450.0,63382.4,109781.53710565361,61410.0,False,7925000.0,25.0,1.0,0.0,hypothetical scenario
uniform,0.196,0.2,316912.0,7925000.0,1553300.0,63382.4,109781.53710565361,62044.0,False,7925000.0,25.0,1.0,0.0,hypothetical scenario
uniform,0.198,0.2,316912.0,7925000.0,1569150.0,63382.4,109781.53710565361,62678.0,False,7925000.0,25.0,1.0,0.0,hypothetical scenario
uniform,0.2,0.2,316912.0,7925000.0,1585000.0,63382.4,109781.53710565361,63312.0,False,7925000.0,25.0,1.0,0.0,hypothetical scenario
uniform,0.202,0.2,316912.0,7925000.0,1600850.0,63382.4,109781.53710565361,63946.0,False,7925000.0,25.0,1.0,0.0,hypothetical scenario
uniform,0.20400000000000001,0.2,316912.0,7925000.0,1616700.0,63382.4,109781.53710565361,64580.0,False,7925000.0,25.0,1.0,0.0,hypothetical scenario
uniform,0.20600000000000002,0.2,316912.0,7925000.0,1632550.0000000002,63382.4,109781.53710565361,65214.0,False,7925000.0,25.0,1.0,0.0,hypothetical scenario
uniform,0.20800000000000002,0.2,316912.0,7925000.0,1648400.0000000002,63382.4,109781.53710565361,65848.0,False,7925000.0,25.0,1.0,0.0,hypothetical scenario
uniform,0.21,0.2,316912.0,7925000.0,1664250.0,63382.4,109781.53710565361,66482.0,False,7925000.0,25.0,1.0,0.0,hypothetical scenario
uniform,0.212,0.2,316912.0,7925000.0,1680100.0,63382.4,109781.53710565361,67116.0,False,7925000.0,25.0,1.0,0.0,hypothetical scenario
uniform,0.214,0.2,316912.0,7925000.0,1695950.0,63382.4,109781.53710565361,67750.0,False,7925000.0,25.0,1.0,0.0,hypothetical scenario
uniform,0.216,0.2,316912.0,7925000.0,1711800.0,63382.4,109781.53710565361,68384.0,False,7925000.0,25.0,1.0,0.0,hypothetical scenario
uniform,0.218,0.2,316912.0,7925000.0,1727650.0,63382.4,109781.53710565361,69018.0,False,7925000.0,25.0,1.0,0.0,hypothetical scenario
uniform,0.22,0.2,316912.0,7925000.0,1743500.0,63382.4,109781.53710565361,69652.0,False,7925000.0,25.0,1.0,0.0,hypothetical scenario
uniform,0.222,0.2,316912.0,7925000.0,1759350.0,63382.4,109781.53710565361,70286.0,False,7925000.0,25.0,1.0,0.0,hypothetical scenario
uniform,0.224,0.2,316912.0,7925000.0,1775200.0,63382.4,109781.53710565361,70920.0,False,7925000.0,25.0,1.0,0.0,hypothetical scenario
uniform,0.226,0.2,316912.0,7925000.0,1791050.0,63382.4,109781.53710565361,71554.0,False,7925000.0,25.0,1.0,0.0,hypothetical scenario
uniform,0.228,0.2,316912.0,7925000.0,1806900.0,63382.4,109781.53710565361,72188.0,False,7925000.0,25.0,1.0,0.0,hypothetical scenario
uniform,0.23,0.2,316912.0,7925000.0,1822750.0,63382.4,109781.53710565361,72822.0,False,7925000.0,25.0,1.0,0.0,hypothetical scenario
uniform,0.232,0.2,316912.0,7925000.0,1838600.0,63382.4,109781.53710565361,73456.0,False,7925000.0,25.0,1.0,0.0,hypothetical scenario
uniform,0.234,0.2,316912.0,7925000.0,1854450.0,63382.4,109781.53710565361,74090.0,False,7925000.0,25.0,1.0,0.0,hypothetical scenario
uniform,0.23600000000000002,0.2,316912.0,7925000.0,1870300.0000000002,63382.4,109781.53710565361,74724.0,False,7925000.0,25.0,1.0,0.0,hypothetical scenario
uniform,0.23800000000000002,0.2,316912.0,7925000.0,1886150.0000000002,63382.4,109781.53710565361,75358.0,False,7925000.0,25.0,1.0,0.0,hypothetical scenario
uniform,0.24,0.2,316912.0,7925000.0,1902000.0,63382.4,109781.53710565361,75992.0,False,7925000.0,25.0,1.0,0.0,hypothetical scenario
uniform,0.242,0.2,316912.0,7925000.0,1917850.0,63382.4,109781.53710565361,76626.0,False,7925000.0,25.0,1.0,0.0,hypothetical scenario
uniform,0.244,0.2,316912.0,7925000.0,1933700.0,63382.4,109781.53710565361,77260.0,False,7925000.0,25.0,1.0,0.0,hypothetical scenario
uniform,0.246,0.2,316912.0,7925000.0,1949550.0,63382.4,109781.53710565361,77894.0,False,7925000.0,25.0,1.0,0.0,hypothetical scenario
uniform,0.248,0.2,316912.0,7925000.0,1965400.0,63382.4,109781.53710565361,78528.0,False,7925000.0,25.0,1.0,0.0,hypothetical scenario
uniform,0.25,0.2,316912.0,7925000.0,1981250.0,63382.4,109781.53710565361,79162.0,False,7925000.0,25.0,1.0,0.0,hypothetical scenario
uniform,0.252,0.2,316912.0,7925000.0,1997100.0,63382.4,109781.53710565361,79796.0,False,7925000.0,25.0,1.0,0.0,hypothetical scenario
uniform,0.254,0.2,316912.0,7925000.0,2012950.0,63382.4,109781.53710565361,80430.0,False,7925000.0,25.0,1.0,0.0,hypothetical scenario
uniform,0.256,0.2,316912.0,7925000.0,2028800.0,63382.4,109781.53710565361,81064.0,False,7925000.0,25.0,1.0,0.0,hypothetical scenario
uniform,0.258,0.2,316912.0,7925000.0,2044650.0,63382.4,109781.53710565361,81698.0,False,7925000.0,25.0,1.0,0.0,hypothetical scenario
uniform,0.26,0.2,316912.0,7925000.0,2060500.0,63382.4,109781.53710565361,82332.0,False,7925000.0,25.0,1.0,0.0,hypothetical scenario
uniform,0.262,0.2,316912.0,7925000.0,2076350.0,63382.4,109781.53710565361,82966.0,False,7925000.0,25.0,1.0,0.0,hypothetical scenario
uniform,0.264,0.2,316912.0,7925000.0,2092200.0,63382.4,109781.53710565361,83600.0,False,7925000.0,25.0,1.0,0.0,hypothetical scenario
uniform,0.266,0.2,316912.0,7925000.0,2108050.0,63382.4,109781.53710565361,84234.0,False,7925000.0,25.0,1.0,0.0,hypothetical scenario
uniform,0.268,0.2,316912.0,7925000.0,2123900.0,63382.4,109781.53710565361,84868.0,False,7925000.0,25.0,1.0,0.0,hypothetical scenario
uniform,0.27,0.2,316912.0,7925000.0,2139750.0,63382.4,109781.53710565361,85502.0,False,7925000.0,25.0,1.0,0.0,hypothetical scenario
uniform,0.272,0.2,316912.0,7925000.0,2155600.0,63382.4,109781.53710565361,86136.0,False,7925000.0,25.0,1.0,0.0,hypothetical scenario
uniform,0.274,0.2,316912.0,7925000.0,2171450.0,63382.4,109781.53710565361,86770.0,False,7925000.0,25.0,1.0,0.0,hypothetical scenario
uniform,0.276,0.2,316912.0,7925000.0,2187300.0,63382.4,109781.53710565361,87404.0,False,7925000.0,25.0,1.0,0.0,hypothetical scenario
uniform,0.278,0.2,316912.0,7925000.0,2203150.0,63382.4,109781.53710565361,88038.0,False,7925000.0,25.0,1.0,0.0,hypothetical scenario
uniform,0.28,0.2,316912.0,7925000.0,2219000.0,63382.4,109781.53710565361,88672.0,False,7925000.0,25.0,1.0,0.0,hypothetical scenario
uniform,0.28200000000000003,0.2,316912.0,7925000.0,2234850.0,63382.4,109781.53710565361,89306.0,False,7925000.0,25.0,1.0,0.0,hypothetical scenario
uniform,0.28400000000000003,0.2,316912.0,7925000.0,2250700.0000000005,63382.4,109781.53710565361,89940.0,False,7925000.0,25.0,1.0,0.0,hypothetical scenario
uniform,0.28600000000000003,0.2,316912.0,7925000.0,2266550.0000000005,63382.4,109781.53710565361,90574.0,False,7925000.0,25.0,1.0,0.0,hypothetical scenario
uniform,0.28800000000000003,0.2,316912.0,7925000.0,2282400.0000000005,63382.4,109781.53710565361,91208.0,False,7925000.0,25.0,1.0,0.0,hypothetical scenario
uniform,0.29,0.2,316912.0,7925000.0,2298250.0,63382.4,109781.53710565361,91842.0,False,7925000.0,25.0,1.0,0.0,hypothetical scenario
uniform,0.292,0.2,316912.0,7925000.0,2314100.0,63382.4,109781.53710565361,92476.0,False,7925000.0,25.0,1.0,0.0,hypothetical scenario
uniform,0.294,0.2,316912.0,7925000.0,2329950.0,63382.4,109781.53710565361,93110.0,False,7925000.0,25.0,1.0,0.0,hypothetical scenario
uniform,0.296,0.2,316912.0,7925000.0,2345800.0,63382.4,109781.53710565361,93744.0,False,7925000.0,25.0,1.0,0.0,hypothetical scenario
uniform,0.298,0.2,316912.0,7925000.0,2361650.0,63382.4,109781.53710565361,94378.0,False,7925000.0,25.0,1.0,0.0,hypothetical scenario
uniform,0.3,0.2,316912.0,7925000.0,2377500.0,63382.4,109781.53710565361,95012.0,False,7925000.0,25.0,1.0,0.0,hypothetical scenario
uniform,0.302,0.2,316912.0,7925000.0,2393350.0,63382.4,109781.53710565361,95646.0,False,7925000.0,25.0,1.0,0.0,hypothetical scenario
uniform,0.304,0.2,316912.0,7925000.0,2409200.0,63382.4,109781.53710565361,96280.0,False,7925000.0,25.0,1.0,0.0,hypothetical scenario
uniform,0.306,0.2,316912.0,7925000.0,2425050.0,63382.4,109781.53710565361,96914.0,False,7925000.0,25.0,1.0,0.0,hypothetical scenario
uniform,0.308,0.2,316912.0,7925000.0,2440900.0,63382.4,109781.53710565361,97548.0,False,7925000.0,25.0,1.0,0.0,hypothetical scenario
uniform,0.31,0.2,316912.0,7925000.0,2456750.0,63382.4,109781.53710565361,98182.0,False,7925000.0,25.0,1.0,0.0,hypothetical scenario
uniform,0.312,0.2,316912.0,7925000.0,2472600.0,63382.4,109781.53710565361,98816.0,False,7925000.0,25.0,1.0,0.0,hypothetical scenario
uniform,0.314,0.2,316912.0,7925000.0,2488450.0,63382.4,109781.53710565361,99450.0,False,7925000.0,25.0,1.0,0.0,hypothetical scenario
uniform,0.316,0.2,316912.0,7925000.0,2504300.0,63382.4,109781.53710565361,100084.0,False,7925000.0,25.0,1.0,0.0,hypothetical scenario
uniform,0.318,0.2,316912.0,7925000.0,2520150.0,63382.4,109781.53710565361,100718.0,False,7925000.0,25.0,1.0,0.0,hypothetical scenario
uniform,0.32,0.2,316912.0,7925000.0,2536000.0,63382.4,109781.53710565361,101352.0,False,7925000.0,25.0,1.0,0.0,hypothetical scenario
uniform,0.322,0.2,316912.0,7925000.0,2551850.0,63382.4,109781.53710565361,101986.0,False,7925000.0,25.0,1.0,0.0,hypothetical scenario
uniform,0.324,0.2,316912.0,7925000.0,2567700.0,63382.4,109781.53710565361,102620.0,False,7925000.0,25.0,1.0,0.0,hypothetical scenario
uniform,0.326,0.2,316912.0,7925000.0,2583550.0,63382.4,109781.53710565361,103254.0,False,7925000.0,25.0,1.0,0.0,hypothetical scenario
uniform,0.328,0.2,316912.0,7925000.0,2599400.0,63382.4,109781.53710565361,103888.0,False,7925000.0,25.0,1.0,0.0,hypothetical scenario
uniform,0.33,0.2,316912.0,7925000.0,2615250.0,63382.4,109781.53710565361,104522.0,False,7925000.0,25.0,1.0,0.0,hypothetical scenario
uniform,0.332,0.2,316912.0,7925000.0,2631100.0,63382.4,109781.53710565361,105156.0,False,7925000.0,25.0,1.0,0.0,hypothetical scenario
uniform,0.334,0.2,316912.0,7925000.0,2646950.0,63382.4,109781.53710565361,105790.0,False,7925000.0,25.0,1.0,0.0,hypothetical scenario
uniform,0.336,0.2,316912.0,7925000.0,2662800.0,63382.4,109781.53710565361,106424.0,False,7925000.0,25.0,1.0,0.0,hypothetical scenario
uniform,0.338,0.2,316912.0,7925000.0,2678650.0,63382.4,109781.53710565361,107058.0,False,7925000.0,25.0,1.0,0.0,hypothetical scenario
uniform,0.34,0.2,316912.0,7925000.0,2694500.0,63382.4,109781.53710565361,107692.0,False,7925000.0,25.0,1.0,0.0,hypothetical scenario
uniform,0.342,0.2,316912.0,7925000.0,2710350.0,63382.4,109781.53710565361,108326.0,False,7925000.0,25.0,1.0,0.0,hypothetical scenario
uniform,0.34400000000000003,0.2,316912.0,7925000.0,2726200.0,63382.4,109781.53710565361,108960.0,False,7925000.0,25.0,1.0,0.0,hypothetical scenario
uniform,0.34600000000000003,0.2,316912.0,7925000.0,2742050.0000000005,63382.4,109781.53710565361,109594.0,False,7925000.0,25.0,1.0,0.0,hypothetical scenario
uniform,0.34800000000000003,0.2,316912.0,7925000.0,2757900.0000000005,63382.4,109781.53710565361,110228.0,False,7925000.0,25.0,1.0,0.0,hypothetical scenario
uniform,0.35000000000000003,0.2,316912.0,7925000.0,2773750.0000000005,63382.4,109781.53710565361,110862.0,False,7925000.0,25.0,1.0,0.0,hypothetical scenario
uniform,0.352,0.2,316912.0,7925000.0,2789600.0,63382.4,109781.53710565361,111496.0,False,7925000.0,25.0,1.0,0.0,hypothetical scenario
uniform,0.354,0.2,316912.0,7925000.0,2805450.0,63382.4,109781.53710565361,112130.0,False,7925000.0,25.0,1.0,0.0,hypothetical scenario
uniform,0.356,0.2,316912.0,7925000.0,2821300.0,63382.4,109781.53710565361,112764.0,False,7925000.0,25.0,1.0,0.0,hypothetical scenario
uniform,0.358,0.2,316912.0,7925000.0,2837150.0,63382.4,109781.53710565361,113398.0,False,7925000.0,25.0,1.0,0.0,hypothetical scenario
uniform,0.36,0.2,316912.0,7925000.0,2853000.0,63382.4,109781.53710565361,114032.0,False,7925000.0,25.0,1.0,0.0,hypothetical scenario
uniform,0.362,0.2,316912.0,7925000.0,2868850.0,63382.4,109781.53710565361,114666.0,False,7925000.0,25.0,1.0,0.0,hypothetical scenario
uniform,0.364,0.2,316912.0,7925000.0,2884700.0,63382.4,109781.53710565361,115300.0,False,7925000.0,25.0,1.0,0.0,hypothetical scenario
uniform,0.366,0.2,316912.0,7925000.0,2900550.0,63382.4,109781.53710565361,115934.0,False,7925000.0,25.0,1.0,0.0,hypothetical scenario
uniform,0.368,0.2,316912.0,7925000.0,2916400.0,63382.4,109781.53710565361,116568.0,False,7925000.0,25.0,1.0,0.0,hypothetical scenario
uniform,0.37,0.2,316912.0,7925000.0,2932250.0,63382.4,109781.53710565361,117202.0,False,7925000.0,25.0,1.0,0.0,hypothetical scenario
uniform,0.372,0.2,316912.0,7925000.0,2948100.0,63382.4,109781.53710565361,117836.0,False,7925000.0,25.0,1.0,0.0,hypothetical scenario
uniform,0.374,0.2,316912.0,7925000.0,2963950.0,63382.4,109781.53710565361,118470.0,False,7925000.0,25.0,1.0,0.0,hypothetical scenario
uniform,0.376,0.2,316912.0,7925000.0,2979800.0,63382.4,109781.53710565361,119104.0,False,7925000.0,25.0,1.0,0.0,hypothetical scenario
uniform,0.378,0.2,316912.0,7925000.0,2995650.0,63382.4,109781.53710565361,119738.0,False,7925000.0,25.0,1.0,0.0,hypothetical scenario
uniform,0.38,0.2,316912.0,7925000.0,3011500.0,63382.4,109781.53710565361,120372.0,False,7925000.0,25.0,1.0,0.0,hypothetical scenario
uniform,0.382,0.2,316912.0,7925000.0,3027350.0,63382.4,109781.53710565361,121006.0,False,7925000.0,25.0,1.0,0.0,hypothetical scenario
uniform,0.384,0.2,316912.0,7925000.0,3043200.0,63382.4,109781.53710565361,121640.0,False,7925000.0,25.0,1.0,0.0,hypothetical scenario
uniform,0.386,0.2,316912.0,7925000.0,3059050.0,63382.4,109781.53710565361,122274.0,False,7925000.0,25.0,1.0,0.0,hypothetical scenario
uniform,0.388,0.2,316912.0,7925000.0,3074900.0,63382.4,109781.53710565361,122908.0,False,7925000.0,25.0,1.0,0.0,hypothetical scenario
uniform,0.39,0.2,316912.0,7925000.0,3090750.0,63382.4,109781.53710565361,123542.0,False,7925000.0,25.0,1.0,0.0,hypothetical scenario
uniform,0.392,0.2,316912.0,7925000.0,3106600.0,63382.4,109781.53710565361,124176.0,False,7925000.0,25.0,1.0,0.0,hypothetical scenario
uniform,0.394,0.2,316912.0,7925000.0,3122450.0,63382.4,109781.53710565361,124810.0,False,7925000.0,25.0,1.0,0.0,hypothetical scenario
uniform,0.396,0.2,316912.0,7925000.0,3138300.0,63382.4,109781.53710565361,125444.0,False,7925000.0,25.0,1.0,0.0,hypothetical scenario
uniform,0.398,0.2,316912.0,7925000.0,3154150.0,63382.4,109781.53710565361,126078.0,False,7925000.0,25.0,1.0,0.0,hypothetical scenario
uniform,0.4,0.2,316912.0,7925000.0,3170000.0,63382.4,109781.53710565361,126712.0,False,7925000.0,25.0,1.0,0.0,hypothetical scenario
uniform,0.402,0.2,316912.0,7925000.0,3185850.0,63382.4,109781.53710565361,127346.0,False,7925000.0,25.0,1.0,0.0,hypothetical scenario
uniform,0.404,0.2,316912.0,7925000.0,3201700.0,63382.4,109781.53710565361,127980.0,False,7925000.0,25.0,1.0,0.0,hypothetical scenario
uniform,0.406,0.2,316912.0,7925000.0,3217550.0,63382.4,109781.53710565361,128614.0,False,7925000.0,25.0,1.0,0.0,hypothetical scenario
uniform,0.40800000000000003,0.2,316912.0,7925000.0,3233400.0,63382.4,109781.53710565361,129248.0,False,7925000.0,25.0,1.0,0.0,hypothetical scenario
uniform,0.41000000000000003,0.2,316912.0,7925000.0,3249250.0000000005,63382.4,109781.53710565361,129882.0,False,7925000.0,25.0,1.0,0.0,hypothetical scenario
uniform,0.41200000000000003,0.2,316912.0,7925000.0,3265100.0000000005,63382.4,109781.53710565361,130516.0,False,7925000.0,25.0,1.0,0.0,hypothetical scenario
uniform,0.41400000000000003,0.2,316912.0,7925000.0,3280950.0000000005,63382.4,109781.53710565361,131150.0,False,7925000.0,25.0,1.0,0.0,hypothetical scenario
uniform,0.41600000000000004,0.2,316912.0,7925000.0,3296800.0000000005,63382.4,109781.53710565361,131784.0,False,7925000.0,25.0,1.0,0.0,hypothetical scenario
uniform,0.418,0.2,316912.0,7925000.0,3312650.0,63382.4,109781.53710565361,132418.0,False,7925000.0,25.0,1.0,0.0,hypothetical scenario
uniform,0.42,0.2,316912.0,7925000.0,3328500.0,63382.4,109781.53710565361,133052.0,False,7925000.0,25.0,1.0,0.0,hypothetical scenario
uniform,0.422,0.2,316912.0,7925000.0,3344350.0,63382.4,109781.53710565361,133686.0,False,7925000.0,25.0,1.0,0.0,hypothetical scenario
uniform,0.424,0.2,316912.0,7925000.0,3360200.0,63382.4,109781.53710565361,134320.0,False,7925000.0,25.0,1.0,0.0,hypothetical scenario
uniform,0.426,0.2,316912.0,7925000.0,3376050.0,63382.4,109781.53710565361,134954.0,False,7925000.0,25.0,1.0,0.0,hypothetical scenario
uniform,0.428,0.2,316912.0,7925000.0,3391900.0,63382.4,109781.53710565361,135588.0,False,7925000.0,25.0,1.0,0.0,hypothetical scenario
uniform,0.43,0.2,316912.0,7925000.0,3407750.0,63382.4,109781.53710565361,136222.0,False,7925000.0,25.0,1.0,0.0,hypothetical scenario
uniform,0.432,0.2,316912.0,7925000.0,3423600.0,63382.4,109781.53710565361,136856.0,False,7925000.0,25.0,1.0,0.0,hypothetical scenario
uniform,0.434,0.2,316912.0,7925000.0,3439450.0,63382.4,109781.53710565361,137490.0,False,7925000.0,25.0,1.0,0.0,hypothetical scenario
uniform,0.436,0.2,316912.0,7925000.0,3455300.0,63382.4,109781.53710565361,138124.0,False,7925000.0,25.0,1.0,0.0,hypothetical scenario
uniform,0.438,0.2,316912.0,7925000.0,3471150.0,63382.4,109781.53710565361,138758.0,False,7925000.0,25.0,1.0,0.0,hypothetical scenario
uniform,0.44,0.2,316912.0,7925000.0,3487000.0,63382.4,109781.53710565361,139392.0,False,7925000.0,25.0,1.0,0.0,hypothetical scenario
uniform,0.442,0.2,316912.0,7925000.0,3502850.0,63382.4,109781.53710565361,140026.0,False,7925000.0,25.0,1.0,0.0,hypothetical scenario
uniform,0.444,0.2,316912.0,7925000.0,3518700.0,63382.4,109781.53710565361,140660.0,False,7925000.0,25.0,1.0,0.0,hypothetical scenario
uniform,0.446,0.2,316912.0,7925000.0,3534550.0,63382.4,109781.53710565361,141294.0,False,7925000.0,25.0,1.0,0.0,hypothetical scenario
uniform,0.448,0.2,316912.0,7925000.0,3550400.0,63382.4,109781.53710565361,141928.0,False,7925000.0,25.0,1.0,0.0,hypothetical scenario
uniform,0.45,0.2,316912.0,7925000.0,3566250.0,63382.4,109781.53710565361,142562.0,False,7925000.0,25.0,1.0,0.0,hypothetical scenario
uniform,0.452,0.2,316912.0,7925000.0,3582100.0,63382.4,109781.53710565361,143196.0,False,7925000.0,25.0,1.0,0.0,hypothetical scenario
uniform,0.454,0.2,316912.0,7925000.0,3597950.0,63382.4,109781.53710565361,143830.0,False,7925000.0,25.0,1.0,0.0,hypothetical scenario
uniform,0.456,0.2,316912.0,7925000.0,3613800.0,63382.4,109781.53710565361,144464.0,False,7925000.0,25.0,1.0,0.0,hypothetical scenario
uniform,0.458,0.2,316912.0,7925000.0,3629650.0,63382.4,109781.53710565361,145098.0,False,7925000.0,25.0,1.0,0.0,hypothetical scenario
uniform,0.46,0.2,316912.0,7925000.0,3645500.0,63382.4,109781.53710565361,145732.0,False,7925000.0,25.0,1.0,0.0,hypothetical scenario
uniform,0.462,0.2,316912.0,7925000.0,3661350.0,63382.4,109781.53710565361,146366.0,False,7925000.0,25.0,1.0,0.0,hypothetical scenario
uniform,0.464,0.2,316912.0,7925000.0,3677200.0,63382.4,109781.53710565361,147000.0,False,7925000.0,25.0,1.0,0.0,hypothetical scenario
uniform,0.466,0.2,316912.0,7925000.0,3693050.0,63382.4,109781.53710565361,147634.0,False,7925000.0,25.0,1.0,0.0,hypothetical scenario
uniform,0.468,0.2,316912.0,7925000.0,3708900.0,63382.4,109781.53710565361,148268.0,False,7925000.0,25.0,1.0,0.0,hypothetical scenario
uniform,0.47000000000000003,0.2,316912.0,7925000.0,3724750.0,63382.4,109781.53710565361,148902.0,False,7925000.0,25.0,1.0,0.0,hypothetical scenario
uniform,0.47200000000000003,0.2,316912.0,7925000.0,3740600.0000000005,63382.4,109781.53710565361,149536.00000000003,False,7925000.0,25.0,1.0,0.0,hypothetical scenario
uniform,0.47400000000000003,0.2,316912.0,7925000.0,3756450.0000000005,63382.4,109781.53710565361,150170.00000000003,False,7925000.0,25.0,1.0,0.0,hypothetical scenario
uniform,0.47600000000000003,0.2,316912.0,7925000.0,3772300.0000000005,63382.4,109781.53710565361,150804.00000000003,False,7925000.0,25.0,1.0,0.0,hypothetical scenario
uniform,0.47800000000000004,0.2,316912.0,7925000.0,3788150.0000000005,63382.4,109781.53710565361,151438.00000000003,False,7925000.0,25.0,1.0,0.0,hypothetical scenario
uniform,0.48,0.2,316912.0,7925000.0,3804000.0,63382.4,109781.53710565361,152072.0,False,7925000.0,25.0,1.0,0.0,hypothetical scenario
uniform,0.482,0.2,316912.0,7925000.0,3819850.0,63382.4,109781.53710565361,152706.0,False,7925000.0,25.0,1.0,0.0,hypothetical scenario
uniform,0.484,0.2,316912.0,7925000.0,3835700.0,63382.4,109781.53710565361,153340.0,False,7925000.0,25.0,1.0,0.0,hypothetical scenario
uniform,0.486,0.2,316912.0,7925000.0,3851550.0,63382.4,109781.53710565361,153974.0,False,7925000.0,25.0,1.0,0.0,hypothetical scenario
uniform,0.488,0.2,316912.0,7925000.0,3867400.0,63382.4,109781.53710565361,154608.0,False,7925000.0,25.0,1.0,0.0,hypothetical scenario
uniform,0.49,0.2,316912.0,7925000.0,3883250.0,63382.4,109781.53710565361,155242.0,False,7925000.0,25.0,1.0,0.0,hypothetical scenario
uniform,0.492,0.2,316912.0,7925000.0,3899100.0,63382.4,109781.53710565361,155876.0,False,7925000.0,25.0,1.0,0.0,hypothetical scenario
uniform,0.494,0.2,316912.0,7925000.0,3914950.0,63382.4,109781.53710565361,156510.0,False,7925000.0,25.0,1.0,0.0,hypothetical scenario
uniform,0.496,0.2,316912.0,7925000.0,3930800.0,63382.4,109781.53710565361,157144.0,False,7925000.0,25.0,1.0,0.0,hypothetical scenario
uniform,0.498,0.2,316912.0,7925000.0,3946650.0,63382.4,109781.53710565361,157778.0,False,7925000.0,25.0,1.0,0.0,hypothetical scenario
uniform,0.5,0.2,316912.0,7925000.0,3962500.0,63382.4,109781.53710565361,158412.0,False,7925000.0,25.0,1.0,0.0,hypothetical scenario
uniform,0.502,0.2,316912.0,7925000.0,3978350.0,63382.4,109781.53710565361,159046.0,False,7925000.0,25.0,1.0,0.0,hypothetical scenario
uniform,0.504,0.2,316912.0,7925000.0,3994200.0,63382.4,109781.53710565361,159680.0,False,7925000.0,25.0,1.0,0.0,hypothetical scenario
uniform,0.506,0.2,316912.0,7925000.0,4010050.0,63382.4,109781.53710565361,160314.0,False,7925000.0,25.0,1.0,0.0,hypothetical scenario
uniform,0.508,0.2,316912.0,7925000.0,4025900.0,63382.4,109781.53710565361,160948.0,False,7925000.0,25.0,1.0,0.0,hypothetical scenario
uniform,0.51,0.2,316912.0,7925000.0,4041750.0,63382.4,109781.53710565361,161582.0,False,7925000.0,25.0,1.0,0.0,hypothetical scenario
uniform,0.512,0.2,316912.0,7925000.0,4057600.0,63382.4,109781.53710565361,162216.0,False,7925000.0,25.0,1.0,0.0,hypothetical scenario
uniform,0.514,0.2,316912.0,7925000.0,4073450.0,63382.4,109781.53710565361,162850.0,False,7925000.0,25.0,1.0,0.0,hypothetical scenario
uniform,0.516,0.2,316912.0,7925000.0,4089300.0,63382.4,109781.53710565361,163484.0,False,7925000.0,25.0,1.0,0.0,hypothetical scenario
uniform,0.518,0.2,316912.0,7925000.0,4105150.0,63382.4,109781.53710565361,164118.0,False,7925000.0,25.0,1.0,0.0,hypothetical scenario
uniform,0.52,0.2,316912.0,7925000.0,4121000.0,63382.4,109781.53710565361,164752.0,False,7925000.0,25.0,1.0,0.0,hypothetical scenario
uniform,0.522,0.2,316912.0,7925000.0,4136850.0,63382.4,109781.53710565361,165386.0,False,7925000.0,25.0,1.0,0.0,hypothetical scenario
uniform,0.524,0.2,316912.0,7925000.0,4152700.0,63382.4,109781.53710565361,166020.0,False,7925000.0,25.0,1.0,0.0,hypothetical scenario
uniform,0.526,0.2,316912.0,7925000.0,4168550.0,63382.4,109781.53710565361,166654.0,False,7925000.0,25.0,1.0,0.0,hypothetical scenario
uniform,0.528,0.2,316912.0,7925000.0,4184400.0,63382.4,109781.53710565361,167288.0,False,7925000.0,25.0,1.0,0.0,hypothetical scenario
uniform,0.53,0.2,316912.0,7925000.0,4200250.0,63382.4,109781.53710565361,167922.0,False,7925000.0,25.0,1.0,0.0,hypothetical scenario
uniform,0.532,0.2,316912.0,7925000.0,4216100.0,63382.4,109781.53710565361,168556.0,False,7925000.0,25.0,1.0,0.0,hypothetical scenario
uniform,0.534,0.2,316912.0,7925000.0,4231950.0,63382.4,109781.53710565361,169190.0,False,7925000.0,25.0,1.0,0.0,hypothetical scenario
uniform,0.536,0.2,316912.0,7925000.0,4247800.0,63382.4,109781.53710565361,169824.0,False,7925000.0,25.0,1.0,0.0,hypothetical scenario
uniform,0.538,0.2,316912.0,7925000.0,4263650.0,63382.4,109781.53710565361,170458.0,False,7925000.0,25.0,1.0,0.0,hypothetical scenario
uniform,0.54,0.2,316912.0,7925000.0,4279500.0,63382.4,109781.53710565361,171092.0,False,7925000.0,25.0,1.0,0.0,hypothetical scenario
uniform,0.542,0.2,316912.0,7925000.0,4295350.0,63382.4,109781.53710565361,171726.0,False,7925000.0,25.0,1.0,0.0,hypothetical scenario
uniform,0.544,0.2,316912.0,7925000.0,4311200.0,63382.4,109781.53710565361,172360.0,False,7925000.0,25.0,1.0,0.0,hypothetical scenario
uniform,0.546,0.2,316912.0,7925000.0,4327050.0,63382.4,109781.53710565361,172994.0,False,7925000.0,25.0,1.0,0.0,hypothetical scenario
uniform,0.548,0.2,316912.0,7925000.0,4342900.0,63382.4,109781.53710565361,173628.0,False,7925000.0,25.0,1.0,0.0,hypothetical scenario
uniform,0.55,0.2,316912.0,7925000.0,4358750.0,63382.4,109781.53710565361,174262.0,False,7925000.0,25.0,1.0,0.0,hypothetical scenario
uniform,0.552,0.2,316912.0,7925000.0,4374600.0,63382.4,109781.53710565361,174896.0,False,7925000.0,25.0,1.0,0.0,hypothetical scenario
uniform,0.554,0.2,316912.0,7925000.0,4390450.0,63382.4,109781.53710565361,175530.0,False,7925000.0,25.0,1.0,0.0,hypothetical scenario
uniform,0.556,0.2,316912.0,7925000.0,4406300.0,63382.4,109781.53710565361,176164.0,False,7925000.0,25.0,1.0,0.0,hypothetical scenario
uniform,0.558,0.2,316912.0,7925000.0,4422150.0,63382.4,109781.53710565361,176798.0,False,7925000.0,25.0,1.0,0.0,hypothetical scenario
uniform,0.56,0.2,316912.0,7925000.0,4438000.0,63382.4,109781.53710565361,177432.0,False,7925000.0,25.0,1.0,0.0,hypothetical scenario
uniform,0.562,0.2,316912.0,7925000.0,4453850.0,63382.4,109781.53710565361,178066.0,False,7925000.0,25.0,1.0,0.0,hypothetical scenario
uniform,0.5640000000000001,0.2,316912.0,7925000.0,4469700.0,63382.4,109781.53710565361,178700.0,False,7925000.0,25.0,1.0,0.0,hypothetical scenario
uniform,0.5660000000000001,0.2,316912.0,7925000.0,4485550.0,63382.4,109781.53710565361,179334.0,False,7925000.0,25.0,1.0,0.0,hypothetical scenario
uniform,0.5680000000000001,0.2,316912.0,7925000.0,4501400.000000001,63382.4,109781.53710565361,179968.00000000003,False,7925000.0,25.0,1.0,0.0,hypothetical scenario
uniform,0.5700000000000001,0.2,316912.0,7925000.0,4517250.000000001,63382.4,109781.53710565361,180602.00000000003,False,7925000.0,25.0,1.0,0.0,hypothetical scenario
uniform,0.5720000000000001,0.2,316912.0,7925000.0,4533100.000000001,63382.4,109781.53710565361,181236.00000000003,False,7925000.0,25.0,1.0,0.0,hypothetical scenario
uniform,0.5740000000000001,0.2,316912.0,7925000.0,4548950.000000001,63382.4,109781.53710565361,181870.00000000003,False,7925000.0,25.0,1.0,0.0,hypothetical scenario
uniform,0.5760000000000001,0.2,316912.0,7925000.0,4564800.000000001,63382.4,109781.53710565361,182504.00000000003,False,7925000.0,25.0,1.0,0.0,hypothetical scenario
uniform,0.578,0.2,316912.0,7925000.0,4580650.0,63382.4,109781.53710565361,183138.0,False,7925000.0,25.0,1.0,0.0,hypothetical scenario
uniform,0.58,0.2,316912.0,7925000.0,4596500.0,63382.4,109781.53710565361,183772.0,False,7925000.0,25.0,1.0,0.0,hypothetical scenario
uniform,0.582,0.2,316912.0,7925000.0,4612350.0,63382.4,109781.53710565361,184406.0,False,7925000.0,25.0,1.0,0.0,hypothetical scenario
uniform,0.584,0.2,316912.0,7925000.0,4628200.0,63382.4,109781.53710565361,185040.0,False,7925000.0,25.0,1.0,0.0,hypothetical scenario
uniform,0.586,0.2,316912.0,7925000.0,4644050.0,63382.4,109781.53710565361,185674.0,False,7925000.0,25.0,1.0,0.0,hypothetical scenario
uniform,0.588,0.2,316912.0,7925000.0,4659900.0,63382.4,109781.53710565361,186308.0,False,7925000.0,25.0,1.0,0.0,hypothetical scenario
uniform,0.59,0.2,316912.0,7925000.0,4675750.0,63382.4,109781.53710565361,186942.0,False,7925000.0,25.0,1.0,0.0,hypothetical scenario
uniform,0.592,0.2,316912.0,7925000.0,4691600.0,63382.4,109781.53710565361,187576.0,False,7925000.0,25.0,1.0,0.0,hypothetical scenario
uniform,0.594,0.2,316912.0,7925000.0,4707450.0,63382.4,109781.53710565361,188210.0,False,7925000.0,25.0,1.0,0.0,hypothetical scenario
uniform,0.596,0.2,316912.0,7925000.0,4723300.0,63382.4,109781.53710565361,188844.0,False,7925000.0,25.0,1.0,0.0,hypothetical scenario
uniform,0.598,0.2,316912.0,7925000.0,4739150.0,63382.4,109781.53710565361,189478.0,False,7925000.0,25.0,1.0,0.0,hypothetical scenario
uniform,0.6,0.2,316912.0,7925000.0,4755000.0,63382.4,109781.53710565361,190112.0,False,7925000.0,25.0,1.0,0.0,hypothetical scenario
uniform,0.602,0.2,316912.0,7925000.0,4770850.0,63382.4,109781.53710565361,190746.0,False,7925000.0,25.0,1.0,0.0,hypothetical scenario
uniform,0.604,0.2,316912.0,7925000.0,4786700.0,63382.4,109781.53710565361,191380.0,False,7925000.0,25.0,1.0,0.0,hypothetical scenario
uniform,0.606,0.2,316912.0,7925000.0,4802550.0,63382.4,109781.53710565361,192014.0,False,7925000.0,25.0,1.0,0.0,hypothetical scenario
uniform,0.608,0.2,316912.0,7925000.0,4818400.0,63382.4,109781.53710565361,192648.0,False,7925000.0,25.0,1.0,0.0,hypothetical scenario
uniform,0.61,0.2,316912.0,7925000.0,4834250.0,63382.4,109781.53710565361,193282.0,False,7925000.0,25.0,1.0,0.0,hypothetical scenario
uniform,0.612,0.2,316912.0,7925000.0,4850100.0,63382.4,109781.53710565361,193916.0,False,7925000.0,25.0,1.0,0.0,hypothetical scenario
uniform,0.614,0.2,316912.0,7925000.0,4865950.0,63382.4,109781.53710565361,194550.0,False,7925000.0,25.0,1.0,0.0,hypothetical scenario
uniform,0.616,0.2,316912.0,7925000.0,4881800.0,63382.4,109781.53710565361,195184.0,False,7925000.0,25.0,1.0,0.0,hypothetical scenario
uniform,0.618,0.2,316912.0,7925000.0,4897650.0,63382.4,109781.53710565361,195818.0,False,7925000.0,25.0,1.0,0.0,hypothetical scenario
uniform,0.62,0.2,316912.0,7925000.0,4913500.0,63382.4,109781.53710565361,196452.0,False,7925000.0,25.0,1.0,0.0,hypothetical scenario
uniform,0.622,0.2,316912.0,7925000.0,4929350.0,63382.4,109781.53710565361,197086.0,False,7925000.0,25.0,1.0,0.0,hypothetical scenario
uniform,0.624,0.2,316912.0,7925000.0,4945200.0,63382.4,109781.53710565361,197720.0,False,7925000.0,25.0,1.0,0.0,hypothetical scenario
uniform,0.626,0.2,316912.0,7925000.0,4961050.0,63382.4,109781.53710565361,198354.0,False,7925000.0,25.0,1.0,0.0,hypothetical scenario
uniform,0.628,0.2,316912.0,7925000.0,4976900.0,63382.4,109781.53710565361,198988.0,False,7925000.0,25.0,1.0,0.0,hypothetical scenario
uniform,0.63,0.2,316912.0,7925000.0,4992750.0,63382.4,109781.53710565361,199622.0,False,7925000.0,25.0,1.0,0.0,hypothetical scenario
uniform,0.632,0.2,316912.0,7925000.0,5008600.0,63382.4,109781.53710565361,200256.0,False,7925000.0,25.0,1.0,0.0,hypothetical scenario
uniform,0.634,0.2,316912.0,7925000.0,5024450.0,63382.4,109781.53710565361,200890.0,False,7925000.0,25.0,1.0,0.0,hypothetical scenario
uniform,0.636,0.2,316912.0,7925000.0,5040300.0,63382.4,109781.53710565361,201524.0,False,7925000.0,25.0,1.0,0.0,hypothetical scenario
uniform,0.638,0.2,316912.0,7925000.0,5056150.0,63382.4,109781.53710565361,202158.0,False,7925000.0,25.0,1.0,0.0,hypothetical scenario
uniform,0.64,0.2,316912.0,7925000.0,5072000.0,63382.4,109781.53710565361,202792.0,False,7925000.0,25.0,1.0,0.0,hypothetical scenario
uniform,0.642,0.2,316912.0,7925000.0,5087850.0,63382.4,109781.53710565361,203426.0,False,7925000.0,25.0,1.0,0.0,hypothetical scenario
uniform,0.644,0.2,316912.0,7925000.0,5103700.0,63382.4,109781.53710565361,204060.0,False,7925000.0,25.0,1.0,0.0,hypothetical scenario
uniform,0.646,0.2,316912.0,7925000.0,5119550.0,63382.4,109781.53710565361,204694.0,False,7925000.0,25.0,1.0,0.0,hypothetical scenario
uniform,0.648,0.2,316912.0,7925000.0,5135400.0,63382.4,109781.53710565361,205328.0,False,7925000.0,25.0,1.0,0.0,hypothetical scenario
uniform,0.65,0.2,316912.0,7925000.0,5151250.0,63382.4,109781.53710565361,205962.0,False,7925000.0,25.0,1.0,0.0,hypothetical scenario
uniform,0.652,0.2,316912.0,7925000.0,5167100.0,63382.4,109781.53710565361,206596.0,False,7925000.0,25.0,1.0,0.0,hypothetical scenario
uniform,0.654,0.2,316912.0,7925000.0,5182950.0,63382.4,109781.53710565361,207230.0225723964,False,7925000.0,24.988663886401703,0.9995465554560681,0.0,hypothetical scenario
uniform,0.656,0.2,316912.0,7925000.0,5198800.0,63382.4,109781.53710565361,207865.22944599716,False,7925000.0,24.91633764531102,0.9966535058124408,0.0,hypothetical scenario
uniform,0.658,0.2,316912.0,7925000.0,5214650.0,63382.4,109781.53710565361,208502.2855507635,False,7925000.000000001,24.843800846141267,0.9937520338456507,0.0,hypothetical scenario
uniform,0.66,0.2,316912.0,7925000.0,5230500.0,63382.4,109781.53710565361,209141.207131945,False,7925000.0,24.771051639167766,0.9908420655667106,0.0,hypothetical scenario
uniform,0.662,0.2,316912.0,7925000.0,5246350.0,63382.4,109781.53710565361,209782.0106740473,False,7924999.999999999,24.69808814742352,0.9879235258969408,0.0,hypothetical scenario
uniform,0.664,0.2,316912.0,7925000.0,5262200.0,63382.4,109781.53710565361,210424.71290579461,False,7925000.0,24.62490846613422,0.9849963386453687,0.0,hypothetical scenario
uniform,0.666,0.2,316912.0,7925000.0,5278050.0,63382.4,109781.53710565361,211069.33080522553,False,7925000.0,24.551510662137982,0.9820604264855193,0.0,hypothetical scenario
uniform,0.668,0.2,316912.0,7925000.0,5293900.0,63382.4,109781.53710565361,211715.88160492573,False,7925000.0,24.477892773289565,0.9791157109315826,0.0,hypothetical scenario
uniform,0.67,0.2,316912.0,7925000.0,5309750.0,63382.4,109781.53710565361,212364.38279740346,False,7925000.0,24.404052807848288,0.9761621123139315,0.0,hypothetical scenario
uniform,0.672,0.2,316912.0,7925000.0,5325600.0,63382.4,109781.53710565361,213014.8521406114,False,7925000.0,24.329988743849313,0.9731995497539725,0.0,hypothetical scenario
uniform,0.674,0.2,316912.0,7925000.0,5341450.0,63382.4,109781.53710565361,213667.30766362027,False,7925000.000000001,24.255698528457607,0.9702279411383042,0.0,hypothetical scenario
uniform,0.676,0.2,316912.0,7925000.0,5357300.0,63382.4,109781.53710565361,214321.7676724498,False,7925000.0,24.181180077304063,0.9672472030921625,0.0,hypothetical scenario
uniform,0.678,0.2,316912.0,7925000.0,5373150.0,63382.4,109781.53710565361,214978.2507560611,False,7925000.0,24.10643127380312,0.9642572509521249,0.0,hypothetical scenario
uniform,0.68,0.2,316912.0,7925000.0,5389000.0,63382.4,109781.53710565361,215636.77579251773,False,7925000.0,24.031449968451334,0.9612579987380534,0.0,hypothetical scenario
uniform,0.682,0.2,316912.0,7925000.0,5404850.0,63382.4,109781.53710565361,216297.3619553195,False,7925000.0,23.956233978106116,0.9582493591242447,0.0,hypothetical scenario
uniform,0.684,0.2,316912.0,7925000.0,5420700.0,63382.4,109781.53710565361,216960.0287199163,False,7925000.000000001,23.880781085244106,0.9552312434097643,0.0,hypothetical scenario
uniform,0.686,0.2,316912.0,7925000.0,5436550.0,63382.4,109781.53710565361,217624.79587040775,False,7925000.0,23.8050890371983,0.9522035614879321,0.0,hypothetical scenario
uniform,0.6880000000000001,0.2,316912.0,7925000.0,5452400.0,63382.4,109781.53710565361,218291.68350643473,False,7925000.0,23.729155545373402,0.949166221814936,0.0,hypothetical scenario
uniform,0.6900000000000001,0.2,316912.0,7925000.0,5468250.0,63382.4,109781.53710565361,218960.7120502707,False,7925000.0,23.652978284438337,0.9461191313775335,0.0,hypothetical scenario
uniform,0.6920000000000001,0.2,316912.0,7925000.0,5484100.000000001,63382.4,109781.53710565361,219631.90225411873,False,7925000.0,23.57655489149544,0.9430621956598176,0.0,hypothetical scenario
uniform,0.6940000000000001,0.2,316912.0,7925000.0,5499950.000000001,63382.4,109781.53710565361,220305.27520762215,False,7925000.0,23.499882965225254,0.9399953186090102,0.0,hypothetical scenario
uniform,0.6960000000000001,0.2,316912.0,7925000.0,5515800.000000001,63382.4,109781.53710565361,220980.85234559685,False,7925000.0,23.422960065006095,0.9369184026002437,0.0,hypothetical scenario
uniform,0.6980000000000001,0.2,316912.0,7925000.0,5531650.000000001,63382.4,109781.53710565361,221658.65545599247,False,7925000.0,23.345783710007613,0.9338313484003045,0.0,hypothetical scenario
uniform,0.7000000000000001,0.2,316912.0,7925000.0,5547500.000000001,63382.4,109781.53710565361,222338.7066880914,False,7925000.0,23.268351378257186,0.9307340551302875,0.0,hypothetical scenario
uniform,0.7020000000000001,0.2,316912.0,7925000.0,5563350.000000001,63382.4,109781.53710565361,223021.02856095415,False,7925000.0,23.19066050567835,0.9276264202271339,0.0,hypothetical scenario
uniform,0.704,0.2,316912.0,7925000.0,5579200.0,63382.4,109781.53710565361,223705.64397212025,False,7925000.0,23.112708485100057,0.9245083394040023,0.0,hypothetical scenario
uniform,0.706,0.2,316912.0,7925000.0,5595050.0,63382.4,109781.53710565361,224392.5762065743,False,7925000.0,23.034492665235813,0.9213797066094326,0.0,hypothetical scenario
uniform,0.708,0.2,316912.0,7925000.0,5610900.0,63382.4,109781.53710565361,225081.84894598642,False,7925000.0,22.95601034963151,0.9182404139852604,0.0,hypothetical scenario
uniform,0.71,0.2,316912.0,7925000.0,5626750.0,63382.4,109781.53710565361,225773.48627823882,False,7925000.0,22.877258795580715,0.9150903518232286,0.0,hypothetical scenario
uniform,0.712,0.2,316912.0,7925000.0,5642600.0,63382.4,109781.53710565361,226467.51270724778,False,7925000.0,22.798235213006325,0.9119294085202531,0.0,hypothetical scenario
uniform,0.714,0.2,316912.0,7925000.0,5658450.0,63382.4,109781.53710565361,227163.95316309368,False,7925000.0,22.718936763307124,0.908757470532285,0.0,hypothetical scenario
uniform,0.716,0.2,316912.0,7925000.0,5674300.0,63382.4,109781.53710565361,227862.83301247002,False,7925000.0,22.639360558168033,0.9055744223267213,0.0,hypothetical scenario
uniform,0.718,0.2,316912.0,7925000.0,5690150.0,63382.4,109781.53710565361,228564.17806946434,False,7925000.0,22.559503658332574,0.902380146333303,0.0,hypothetical scenario
uniform,0.72,0.2,316912.0,7925000.0,5706000.0,63382.4,109781.53710565361,229268.01460668375,False,7925000.0,22.479363072336085,0.8991745228934434,0.0,hypothetical scenario
uniform,0.722,0.2,316912.0,7925000.0,5721850.0,63382.4,109781.53710565361,229974.36936673874,False,7925000.0,22.39893575519814,0.8959574302079255,0.0,hypothetical scenario
uniform,0.724,0.2,316912.0,7925000.0,5737700.0,63382.4,109781.53710565361,230683.2695740996,False,7925000.0,22.31821860707256,0.8927287442829024,0.0,hypothetical scenario
uniform,0.726,0.2,316912.0,7925000.0,5753550.0,63382.4,109781.53710565361,231394.74294733975,False,7925000.0,22.237208471853346,0.8894883388741338,0.0,hypothetical scenario
uniform,0.728,0.2,316912.0,7925000.0,5769400.0,63382.4,109781.53710565361,232108.81771178264,False,7925000.0,22.15590213573468,0.8862360854293873,0.0,hypothetical scenario
uniform,0.73,0.2,316912.0,7925000.0,5785250.0,63382.4,109781.53710565361,232825.52261256718,False,7925000.0,22.074296325723253,0.8829718530289301,0.0,hypothetical scenario
uniform,0.732,0.2,316912.0,7925000.0,5801100.0,63382.4,109781.53710565361,233544.88692815008,False,7925000.0,21.992387708100853,0.8796955083240341,0.0,hypothetical scenario
uniform,0.734,0.2,316912.0,7925000.0,5816950.0,63382.4,109781.53710565361,234266.94048426216,False,7925000.0,21.910172886835284,0.8764069154734113,0.0,hypothetical scenario
uniform,0.736,0.2,316912.0,7925000.0,5832800.0,63382.4,109781.53710565361,234991.71366833794,False,7925000.0,21.82764840193735,0.873105936077494,0.0,hypothetical scenario
uniform,0.738,0.2,316912.0,7925000.0,5848650.0,63382.4,109781.53710565361,235719.2374444379,False,7925000.0,21.7448107277618,0.8697924291104719,0.0,hypothetical scenario
uniform,0.74,0.2,316912.0,7925000.0,5864500.0,63382.4,109781.53710565361,236449.54336868465,False,7925000.0,21.661656271249687,0.8664662508499874,0.0,hypothetical scenario
uniform,0.742,0.2,316912.0,7925000.0,5880350.0,63382.4,109781.53710565361,237182.66360523427,False,7925000.0,21.578181370109885,0.8631272548043953,0.0,hypothetical scenario
uniform,0.744,0.2,316912.0,7925000.0,5896200.0,63382.4,109781.53710565361,237918.63094280576,False,7925000.0,21.494382290936944,0.8597752916374778,0.0,hypothetical scenario
uniform,0.746,0.2,316912.0,7925000.0,5912050.0,63382.4,109781.53710565361,238657.4788117932,False,7925000.0,21.410255227262706,0.8564102090905082,0.0,hypothetical scenario
uniform,0.748,0.2,316912.0,7925000.0,5927900.0,63382.4,109781.53710565361,239399.24130198496,False,7925000.0,21.325796297538727,0.8530318519015491,0.0,hypothetical scenario
uniform,0.75,0.2,316912.0,7925000.0,5943750.0,63382.4,109781.53710565361,240143.95318091742,False,7925000.0,21.241001543046476,0.849640061721859,0.0,hypothetical scenario
uniform,0.752,0.2,316912.0,7925000.0,5959600.0,63382.4,109781.53710565361,240891.64991289054,False,7925000.0,21.155866925732187,0.8462346770292875,0.0,hypothetical scenario
uniform,0.754,0.2,316912.0,7925000.0,5975450.0,63382.4,109781.53710565361,241642.36767867507,False,7925000.0,21.070388325962945,0.8428155330385178,0.0,hypothetical scenario
uniform,0.756,0.2,316912.0,7925000.0,5991300.0,63382.4,109781.53710565361,242396.14339594217,False,7925000.0,20.984561540200502,0.8393824616080201,0.0,hypothetical scenario
uniform,0.758,0.2,316912.0,7925000.0,6007150.0,63382.4,109781.53710565361,243153.01474044827,False,7925000.0,20.898382278589132,0.8359352911435652,0.0,hypothetical scenario
uniform,0.76,0.2,316912.0,7925000.0,6023000.0,63382.4,109781.53710565361,243913.02016800924,False,7925000.0,20.8118461624536,0.832473846498144,0.0,hypothetical scenario
uniform,0.762,0.2,316912.0,7925000.0,6038850.0,63382.4,109781.53710565361,244676.19893730062,False,7925000.0,20.724948721703058,0.8289979488681223,0.0,hypothetical scenario
uniform,0.764,0.2,316912.0,7925000.0,6054700.0,63382.4,109781.53710565361,245442.59113352184,False,7925000.0,20.637685392136575,0.825507415685463,0.0,hypothetical scenario
uniform,0.766,0.2,316912.0,7925000.0,6070550.0,63382.4,109781.53710565361,246212.2376929646,False,7925000.0,20.55005151264575,0.82200206050583,0.0,hypothetical scenario
uniform,0.768,0.2,316912.0,7925000.0,6086400.0,63382.4,109781.53710565361,246985.18042852866,False,7925000.0,20.462042322309383,0.8184816928923753,0.0,hypothetical scenario
uniform,0.77,0.2,316912.0,7925000.0,6102250.0,63382.4,109781.53710565361,247761.4620562293,False,7925000.0,20.37365295737528,0.8149461182950113,0.0,hypothetical scenario
uniform,0.772,0.2,316912.0,7925000.0,6118100.0,63382.4,109781.53710565361,248541.12622274447,False,7925000.0,20.284878448123692,0.8113951379249477,0.0,hypothetical scenario
uniform,0.774,0.2,316912.0,7925000.0,6133950.0,63382.4,109781.53710565361,249324.21753405198,False,7925000.0,20.195713715606573,0.8078285486242629,0.0,hypothetical scenario
uniform,0.776,0.2,316912.0,7925000.0,6149800.0,63382.4,109781.53710565361,250110.7815852093,False,7925000.0,20.1061535682568,0.8042461427302721,0.0,hypothetical scenario
uniform,0.778,0.2,316912.0,7925000.0,6165650.0,63382.4,109781.53710565361,250900.8649913329,False,7925000.0,20.0161926983608,0.8006477079344321,0.0,hypothetical scenario
uniform,0.78,0.2,316912.0,7925000.0,6181500.0,63382.4,109781.53710565361,251694.5154198364,False,7925000.0,19.925825678387795,0.7970330271355118,0.0,hypothetical scenario
uniform,0.782,0.2,316912.0,7925000.0,6197350.0,63382.4,109781.53710565361,252491.78162399036,False,7925000.0,19.83504695716864,0.7934018782867456,0.0,hypothetical scenario
uniform,0.784,0.2,316912.0,7925000.0,6213200.0,63382.4,109781.53710565361,253292.71347787132,False,7925000.0,19.743850855916413,0.7897540342366566,0.0,hypothetical scenario
uniform,0.786,0.2,316912.0,7925000.0,6229050.0,63382.4,109781.53710565361,254097.36201277006,False,7925000.0,19.6522315640809,0.786089262563236,0.0,hypothetical scenario
uniform,0.788,0.2,316912.0,7925000.0,6244900.0,63382.4,109781.53710565361,254905.77945513482,False,7925000.0,19.56018313502826,0.7824073254011304,0.0,hypothetical scenario
uniform,0.79,0.2,316912.0,7925000.0,6260750.0,63382.4,109781.53710565361,255718.01926612944,False,7925000.0,19.467699481536858,0.7787079792614743,0.0,hypothetical scenario
uniform,0.792,0.2,316912.0,7925000.0,6276600.0,63382.4,109781.53710565361,256534.13618289088,False,7925000.0,19.37477437109957,0.7749909748439827,0.0,hypothetical scenario
uniform,0.794,0.2,316912.0,7925000.0,6292450.0,63382.4,109781.53710565361,257354.1862615761,False,7925000.0,19.281401421022363,0.7712560568408945,0.0,hypothetical scenario
uniform,0.796,0.2,316912.0,7925000.0,6308300.0,63382.4,109781.53710565361,258178.2269222948,False,7925000.0,19.18757409330814,0.7675029637323256,0.0,hypothetical scenario
uniform,0.798,0.2,316912.0,7925000.0,6324150.0,63382.4,109781.53710565361,259006.316996029,False,7925000.0,19.093285689314342,0.7637314275725737,0.0,hypothetical scenario
uniform,0.8,0.2,316912.0,7925000.0,6340000.0,63382.4,109781.53710565361,259838.51677364876,False,7925000.0,18.99852934417194,0.7599411737668775,0.0,hypothetical scenario
uniform,0.802,0.2,316912.0,7925000.0,6355850.0,63382.4,109781.53710565361,260674.88805713912,False,7925000.0,18.90329802095255,0.7561319208381021,0.0,hypothetical scenario
uniform,0.804,0.2,316912.0,7925000.0,6371700.0,63382.4,109781.53710565361,261515.49421316176,False,7925000.0,18.807584504569824,0.752303380182793,0.0,hypothetical scenario
uniform,0.806,0.2,316912.0,7925000.0,6387550.0,63382.4,109781.53710565361,262360.4002290822,False,7925000.0,18.711381395400007,0.7484552558160003,0.0,hypothetical scenario
uniform,0.808,0.2,316912.0,7925000.0,6403400.0,63382.4,109781.53710565361,263209.6727716038,False,7925000.0,18.614681102605754,0.7445872441042302,0.0,hypothetical scenario
uniform,0.81,0.2,316912.0,7925000.0,6419250.0,63382.4,109781.53710565361,264063.3802481566,False,7925000.000000001,18.517475837146225,0.740699033485849,0.0,hypothetical scenario
uniform,0.812,0.2,316912.0,7925000.0,6435100.0,63382.4,109781.53710565361,264921.5928712032,False,7925000.0,18.419757604455075,0.736790304178203,0.0,hypothetical scenario
uniform,0.8140000000000001,0.2,316912.0,7925000.0,6450950.0,63382.4,109781.53710565361,265784.38272563025,False,7925000.0,18.32151819676707,0.7328607278706828,0.0,hypothetical scenario
uniform,0.8160000000000001,0.2,316912.0,7925000.0,6466800.0,63382.4,109781.53710565361,266651.8238394109,False,7924999.999999999,18.222749185072303,0.7289099674028922,0.0,hypothetical scenario
uniform,0.8180000000000001,0.2,316912.0,7925000.0,6482650.000000001,63382.4,109781.53710565361,267523.99225773267,False,7925000.000000001,18.12344191067579,0.7249376764270317,0.0,hypothetical scenario
uniform,0.8200000000000001,0.2,316912.0,7925000.0,6498500.000000001,63382.4,109781.53710565361,268400.96612080175,False,7925000.0,18.023587476338495,0.7209434990535398,0.0,hypothetical scenario
uniform,0.8220000000000001,0.2,316912.0,7925000.0,6514350.000000001,63382.4,109781.53710565361,269282.8257455482,False,7925000.0,17.923176736974174,0.716927069478967,0.0,hypothetical scenario
uniform,0.8240000000000001,0.2,316912.0,7925000.0,6530200.000000001,63382.4,109781.53710565361,270169.6537114748,False,7925000.0,17.822200289874385,0.7128880115949754,0.0,hypothetical scenario
uniform,0.8260000000000001,0.2,316912.0,7925000.0,6546050.000000001,63382.4,109781.53710565361,271061.5349509086,False,7925000.0,17.720648464432244,0.7088259385772898,0.0,hypothetical scenario
uniform,0.8280000000000001,0.2,316912.0,7925000.0,6561900.000000001,63382.4,109781.53710565361,271958.55684393446,False,7925000.0,17.61851131133307,0.7047404524533227,0.0,hypothetical scenario
uniform,0.8300000000000001,0.2,316912.0,7925000.0,6577750.000000001,63382.4,109781.53710565361,272860.80931831093,False,7925000.0,17.51577859117766,0.7006311436471064,0.0,hypothetical scenario
uniform,0.8320000000000001,0.2,316912.0,7925000.0,6593600.000000001,63382.4,109781.53710565361,273768.3849546921,False,7925000.0,17.41243976250152,0.6964975905000608,0.0,hypothetical scenario
uniform,0.834,0.2,316912.0,7925000.0,6609450.0,63382.4,109781.53710565361,274681.37909750344,False,7925000.0,17.308483969150235,0.6923393587660094,0.0,hypothetical scenario
uniform,0.836,0.2,316912.0,7925000.0,6625300.0,63382.4,109781.53710565361,275599.8899718483,False,7925000.0,17.20390002696822,0.6881560010787289,0.0,hypothetical scenario
uniform,0.838,0.2,316912.0,7925000.0,6641150.0,63382.4,109781.53710565361,276524.01880684926,False,7925000.0,17.09867640975474,0.6839470563901897,0.0,hypothetical scenario
uniform,0.84,0.2,316912.0,7925000.0,6657000.0,63382.4,109781.53710565361,277453.86996586464,False,7925000.0,16.99280123443718,0.6797120493774872,0.0,hypothetical scenario
uniform,0.842,0.2,316912.0,7925000.0,6672850.0,63382.4,109781.53710565361,278389.5510840531,False,7925000.0,16.886262245407547,0.6754504898163018,0.0,hypothetical scenario
uniform,0.844,0.2,316912.0,7925000.0,6688700.0,63382.4,109781.53710565361,279331.17321379983,False,7925000.0,16.7790467979639,0.671161871918556,0.0,hypothetical scenario
uniform,0.846,0.2,316912.0,7925000.0,6704550.0,63382.4,109781.53710565361,280278.8509785605,False,7925000.0,16.671141840793297,0.6668456736317319,0.0,hypothetical scenario
uniform,0.848,0.2,316912.0,7925000.0,6720400.0,63382.4,109781.53710565361,281232.7027357269,False,7925000.0,16.56253389742751,0.6625013558971005,0.0,hypothetical scenario
uniform,0.85,0.2,316912.0,7925000.0,6736250.0,63382.4,109781.53710565361,282192.85074916837,False,7925000.0,16.45320904659701,0.6581283618638804,0.0,hypothetical scenario
uniform,0.852,0.2,316912.0,7925000.0,6752100.0,63382.4,109781.53710565361,283159.42137216195,False,7925000.0,16.343152901402107,0.6537261160560842,0.0,hypothetical scenario
uniform,0.854,0.2,316912.0,7925000.0,6767950.0,63382.4,109781.53710565361,284132.54524148535,False,7925000.0,16.23235058721301,0.6492940234885204,0.0,hypothetical scenario
uniform,0.856,0.2,316912.0,7925000.0,6783800.0,63382.4,109781.53710565361,285112.3574835177,False,7925000.0,16.12078671820271,0.6448314687281084,0.0,hypothetical scenario
uniform,0.858,0.2,316912.0,7925000.0,6799650.0,63382.4,109781.53710565361,286098.9979332677,False,7925000.0,16.008445372407877,0.640337814896315,0.0,hypothetical scenario
uniform,0.86,0.2,316912.0,7925000.0,6815500.0,63382.4,109781.53710565361,287092.6113673347,False,7925000.0,15.895310065203304,0.6358124026081322,0.0,hypothetical scenario
uniform,0.862,0.2,316912.0,7925000.0,6831350.0,63382.4,109781.53710565361,288093.3477519024,False,7925000.0,15.781363721064789,0.6312545488425916,0.0,hypothetical scenario
uniform,0.864,0.2,316912.0,7925000.0,6847200.0,63382.4,109781.53710565361,289101.36250696593,False,7925000.0,15.666588643483506,0.6266635457393402,0.0,hypothetical scenario
uniform,0.866,0.2,316912.0,7925000.0,6863050.0,63382.4,109781.53710565361,290116.8167881126,False,7925000.0,15.550966482881783,0.6220386593152714,0.0,hypothetical scenario
uniform,0.868,0.2,316912.0,7925000.0,6878900.0,63382.4,109781.53710565361,291139.87778730143,False,7925000.0,15.434478202365613,0.6173791280946245,0.0,hypothetical scenario
uniform,0.87,0.2,316912.0,7925000.0,6894750.0,63382.4,109781.53710565361,292170.71905423177,False,7925000.0,15.317104041132762,0.6126841616453105,0.0,hypothetical scenario
uniform,0.872,0.2,316912.0,7925000.0,6910600.0,63382.4,109781.53710565361,293209.5208400497,False,7925000.0,15.198823475337553,0.6079529390135021,0.0,hypothetical scenario
uniform,0.874,0.2,316912.0,7925000.0,6926450.0,63382.4,109781.53710565361,294256.4704653204,False,7925000.0,15.079615176192599,0.6031846070477039,0.0,hypothetical scenario
uniform,0.876,0.2,316912.0,7925000.0,6942300.0,63382.4,109781.53710565361,295311.76271439285,False,7925000.000000001,14.959456965065435,0.5983782786026174,0.0,hypothetical scenario
uniform,0.878,0.2,316912.0,7925000.0,6958150.0,63382.4,109781.53710565361,296375.6002585097,False,7925000.0,14.838325765302196,0.5935330306120878,0.0,hypothetical scenario
uniform,0.88,0.2,316912.0,7925000.0,6974000.0,63382.4,109781.53710565361,297448.1941102627,False,7925000.0,14.716197550482166,0.5886479020192866,0.0,hypothetical scenario
uniform,0.882,0.2,316912.0,7925000.0,6989850.0,63382.4,109781.53710565361,298529.76411228266,False,7925000.0,14.59304728877433,0.5837218915509732,0.0,hypothetical scenario
uniform,0.884,0.2,316912.0,7925000.0,7005700.0,63382.4,109781.53710565361,299620.5394633678,False,7925000.0,14.468848883031093,0.5787539553212437,0.0,hypothetical scenario
uniform,0.886,0.2,316912.0,7925000.0,7021550.0,63382.4,109781.53710565361,300720.75928561646,False,7925000.0,14.343575106213112,0.5737430042485245,0.0,hypothetical scenario
uniform,0.888,0.2,316912.0,7925000.0,7037400.0,63382.4,109781.53710565361,301830.67323654116,False,7925000.0,14.217197531692486,0.5686879012676994,0.0,hypothetical scenario
uniform,0.89,0.2,316912.0,7925000.0,7053250.0,63382.4,109781.53710565361,302950.54217060056,False,7925000.0,14.089686457929048,0.563587458317162,0.0,hypothetical scenario
uniform,0.892,0.2,316912.0,7925000.0,7069100.0,63382.4,109781.53710565361,304080.6388551162,False,7925000.0,13.96101082695432,0.5584404330781728,0.0,hypothetical scenario
uniform,0.894,0.2,316912.0,7925000.0,7084950.0,63382.4,109781.53710565361,305221.24874614057,False,7925000.0,13.831138136029224,0.553245525441169,0.0,hypothetical scenario
uniform,0.896,0.2,316912.0,7925000.0,7100800.0,63382.4,109781.53710565361,306372.6708305276,False,7925000.0,13.700034341763834,0.5480013736705533,0.0,hypothetical scenario
uniform,0.898,0.2,316912.0,7925000.0,7116650.0,63382.4,109781.53710565361,307535.21854124614,False,7925000.0,13.567663755897502,0.5427065502359001,0.0,hypothetical scenario
uniform,0.9,0.2,316912.0,7925000.0,7132500.0,63382.4,109781.53710565361,308709.2207538737,False,7925000.0,13.433988931835591,0.5373595572734237,0.0,hypothetical scenario
uniform,0.902,0.2,316912.0,7925000.0,7148350.0,63382.4,109781.53710565361,309895.0228732502,False,7925000.0,13.29897054092036,0.5319588216368144,0.0,hypothetical scenario
uniform,0.904,0.2,316912.0,7925000.0,7164200.0,63382.4,109781.53710565361,311092.9880204654,False,7925000.0,13.162567237277608,0.5265026894911043,0.0,hypothetical scenario
uniform,0.906,0.2,316912.0,7925000.0,7180050.0,63382.4,109781.53710565361,312303.4983317417,False,7925000.0,13.024735509922658,0.5209894203969063,0.0,hypothetical scenario
uniform,0.908,0.2,316912.0,7925000.0,7195900.0,63382.4,109781.53710565361,313526.95638238033,False,7925000.0,12.885429520626257,0.5154171808250503,0.0,hypothetical scenario
uniform,0.91,0.2,316912.0,7925000.0,7211750.0,63382.4,109781.53710565361,314763.7867508119,False,7925000.0,12.744600925827884,0.5097840370331154,0.0,hypothetical scenario
uniform,0.912,0.2,316912.0,7925000.0,7227600.0,63382.4,109781.53710565361,316014.43773997726,False,7925000.0,12.602198680635038,0.5040879472254015,0.0,hypothetical scenario
uniform,0.914,0.2,316912.0,7925000.0,7243450.0,63382.4,109781.53710565361,317279.3832758254,False,7925000.0,12.458168822655507,0.4983267529062203,0.0,hypothetical scenario
uniform,0.916,0.2,316912.0,7925000.0,7259300.0,63382.4,109781.53710565361,318559.12500572414,False,7925000.0,12.312454233067106,0.49249816932268425,0.0,hypothetical scenario
uniform,0.918,0.2,316912.0,7925000.0,7275150.0,63382.4,109781.53710565361,319854.19462313247,False,7925000.0,12.164994371924658,0.48659977487698636,0.0,hypothetical scenario
uniform,0.92,0.2,316912.0,7925000.0,7291000.0,63382.4,109781.53710565361,321165.1564490857,False,7925000.0,12.015724984225667,0.4806289993690267,0.0,hypothetical scenario
uniform,0.922,0.2,316912.0,7925000.0,7306850.0,63382.4,109781.53710565361,322492.61030604417,False,7925000.0,11.864577772686701,0.474583110907468,0.0,hypothetical scenario
uniform,0.924,0.2,316912.0,7925000.0,7322700.0,63382.4,109781.53710565361,323837.1947256252,False,7925000.0,11.711480032503049,0.468459201300122,0.0,hypothetical scenario
uniform,0.926,0.2,316912.0,7925000.0,7338550.0,63382.4,109781.53710565361,325199.59053888696,False,7925000.0,11.556354242550025,0.462254169702001,0.0,hypothetical scenario
uniform,0.928,0.2,316912.0,7925000.0,7354400.0,63382.4,109781.53710565361,326580.5249064507,False,7925000.0,11.399117606503161,0.4559647042601264,0.0,hypothetical scenario
uniform,0.93,0.2,316912.0,7925000.0,7370250.0,63382.4,109781.53710565361,327980.7758561687,False,7925000.0,11.239681536168037,0.4495872614467215,0.0,hypothetical scenario
uniform,0.932,0.2,316912.0,7925000.0,7386100.0,63382.4,109781.53710565361,329401.17740871815,False,7925000.0,11.077951067867337,0.44311804271469346,0.0,hypothetical scenario
uniform,0.934,0.2,316912.0,7925000.0,7401950.0,63382.4,109781.53710565361,330842.6253869958,False,7925000.0,10.913824200968673,0.43655296803874694,0.0,hypothetical scenario
uniform,0.936,0.2,316912.0,7925000.0,7417800.0,63382.4,109781.53710565361,332306.08402422967,False,7925000.0,10.747191145468475,0.429887645818739,0.0,hypothetical scenario
uniform,0.9380000000000001,0.2,316912.0,7925000.0,7433650.0,63382.4,109781.53710565361,333792.5935092721,False,7925000.0,10.577933462866094,0.4231173385146437,0.0,hypothetical scenario
uniform,0.9400000000000001,0.2,316912.0,7925000.0,7449500.0,63382.4,109781.53710565361,335303.27863683144,False,7925000.0,10.405923081226797,0.4162369232490719,0.0,hypothetical scenario
uniform,0.9420000000000001,0.2,316912.0,7925000.0,7465350.000000001,63382.4,109781.53710565361,336839.35876709124,False,7925000.0,10.231021161154679,0.4092408464461872,0.0,hypothetical scenario
uniform,0.9440000000000001,0.2,316912.0,7925000.0,7481200.000000001,63382.4,109781.53710565361,338402.15934543154,False,7925000.0,10.053076784128391,0.40212307136513564,0.0,hypothetical scenario
uniform,0.9460000000000001,0.2,316912.0,7925000.0,7497050.000000001,63382.4,109781.53710565361,339993.1252917626,False,7925000.0,9.871925427958193,0.3948770171183277,0.0,hypothetical scenario
uniform,0.9480000000000001,0.2,316912.0,7925000.0,7512900.000000001,63382.4,109781.53710565361,341613.8366442723,False,7925000.0,9.687387185549778,0.3874954874219911,0.0,hypothetical scenario
uniform,0.9500000000000001,0.2,316912.0,7925000.0,7528750.000000001,63382.4,109781.53710565361,343266.0269396513,False,7925000.0,9.499264672085959,0.3799705868834383,0.0,hypothetical scenario
uniform,0.9520000000000001,0.2,316912.0,7925000.0,7544600.000000001,63382.4,109781.53710565361,344951.6049386288,False,7925000.0,9.307340551302868,0.37229362205211475,0.0,hypothetical scenario
uniform,0.9540000000000001,0.2,316912.0,7925000.0,7560450.000000001,63382.4,109781.53710565361,346672.68047253235,False,7925000.0,9.111374592536139,0.3644549837014456,0.0,hypothetical scenario
uniform,0.9560000000000001,0.2,316912.0,7925000.0,7576300.000000001,63382.4,109781.53710565361,348431.5954085643,False,7925000.0,8.911100144937178,0.35644400579748714,0.0,hypothetical scenario
uniform,0.9580000000000001,0.2,316912.0,7925000.0,7592150.000000001,63382.4,109781.53710565361,350230.96103017294,False,7925000.0,8.70621988125075,0.34824879525003,0.0,hypothetical scenario
uniform,0.96,0.2,316912.0,7925000.0,7608000.0,63382.4,109781.53710565361,352073.7035357591,False,7925000.0,8.49640061721859,0.3398560246887436,0.0,hypothetical scenario
uniform,0.962,0.2,316912.0,7925000.0,7623850.0,63382.4,109781.53710565361,353963.11992069025,False,7925000.0,8.281266948713755,0.33125067794855023,0.0,hypothetical scenario
uniform,0.964,0.2,316912.0,7925000.0,7639700.0,63382.4,109781.53710565361,355902.94729458564,False,7925000.0,8.060393359101358,0.3224157343640543,0.0,hypothetical scenario
uniform,0.966,0.2,316912.0,7925000.0,7655550.0,63382.4,109781.53710565361,357897.44980630977,False,7925000.0,7.833294321741753,0.3133317728696701,0.0,hypothetical scenario
uniform,0.968,0.2,316912.0,7925000.0,7671400.0,63382.4,109781.53710565361,359951.5289728517,False,7925000.0,7.599411737668772,0.3039764695067509,0.0,hypothetical scenario
uniform,0.97,0.2,316912.0,7925000.0,7687250.0,63382.4,109781.53710565361,362070.8656079581,False,7925000.0,7.358098775241087,0.2943239510096435,0.0,hypothetical scenario
uniform,0.972,0.2,316912.0,7925000.0,7703100.0,63382.4,109781.53710565361,364262.1051710974,False,7925000.0,7.108598765846243,0.2843439506338497,0.0,hypothetical scenario
uniform,0.974,0.2,316912.0,7925000.0,7718950.0,63382.4,109781.53710565361,366533.1039680906,False,7925000.0,6.850017170881917,0.2740006868352767,0.0,hypothetical scenario
uniform,0.976,0.2,316912.0,7925000.0,7734800.0,63382.4,109781.53710565361,368893.2625630595,False,7925000.0,6.581283618638804,0.2632513447455522,0.0,hypothetical scenario
uniform,0.978,0.2,316912.0,7925000.0,7750650.0,63382.4,109781.53710565361,371353.98742281547,False,7925000.0,6.301099340317514,0.2520439736127006,0.0,hypothetical scenario
uniform,0.98,0.2,316912.0,7925000.0,7766500.0,63382.4,109781.53710565361,373929.3467773696,False,7925000.0,6.007862492112837,0.2403144996845135,0.0,hypothetical scenario
uniform,0.982,0.2,316912.0,7925000.0,7782350.0,63382.4,109781.53710565361,376637.03100605216,False,7925000.0,5.6995588032515805,0.2279823521300632,0.0,hypothetical scenario
uniform,0.984,0.2,316912.0,7925000.0,7798200.0,63382.4,109781.53710565361,379499.81056494167,False,7925000.0,5.373595572734234,0.21494382290936936,0.0,hypothetical scenario
uniform,0.986,0.2,316912.0,7925000.0,7814050.0,63382.4,109781.53710565361,382547.8482255425,False,7925000.0,5.026538392064202,0.20106153568256807,0.0,hypothetical scenario
uniform,0.988,0.2,316912.0,7925000.0,7829900.0,63382.4,109781.53710565361,385822.57102214114,False,7925000.0,4.65367027565144,0.18614681102605762,0.0,hypothetical scenario
uniform,0.99,0.2,316912.0,7925000.0,7845750.0,63382.4,109781.53710565361,389383.6203207064,False,7925000.0,4.2482003086092925,0.16992801234437171,0.0,hypothetical scenario
uniform,0.992,0.2,316912.0,7925000.0,7861600.0,63382.4,109781.53710565361,393322.5330392526,False,7925000.0,3.7997058688343897,0.15198823475337558,0.0,hypothetical scenario
uniform,0.994,0.2,316912.0,7925000.0,7877450.0,63382.4,109781.53710565361,397793.39983435656,False,7925000.0,3.290641809319402,0.1316256723727761,0.0,hypothetical scenario
uniform,0.996,0.2,316912.0,7925000.0,7893300.0,63382.4,109781.53710565361,403096.67383529764,False,7925000.0,2.686797786367117,0.10747191145468468,0.0,hypothetical scenario
uniform,0.998,0.2,316912.0,7925000.0,7909150.0,63382.4,109781.53710565361,410008.03507245315,False,7925000.0,1.8998529344171913,0.07599411737668765,0.0,hypothetical scenario
uniform,1.0,0.2,316912.0,7925000.0,7925000.0,63382.4,109781.53710565361,,True,7925000.0,0.0,0.0,0.0,hypothetical scenario
uniform,0.0,0.3,316912.0,7925000.0,0.0,95073.59999999999,164672.30565848039,-88.0,False,7925000.0,25.0,1.0,0.0,hypothetical scenario
uniform,0.002,0.3,316912.0,7925000.0,15850.0,95073.59999999999,164672.30565848039,546.0,False,7925000.0,25.0,1.0,0.0,hypothetical scenario
uniform,0.004,0.3,316912.0,7925000.0,31700.0,95073.59999999999,164672.30565848039,1180.0,False,7925000.0,25.0,1.0,0.0,hypothetical scenario
uniform,0.006,0.3,316912.0,7925000.0,47550.0,95073.59999999999,164672.30565848039,1814.0,False,7925000.0,25.0,1.0,0.0,hypothetical scenario
uniform,0.008,0.3,316912.0,7925000.0,63400.0,95073.59999999999,164672.30565848039,2448.0,False,7925000.0,25.0,1.0,0.0,hypothetical scenario
uniform,0.01,0.3,316912.0,7925000.0,79250.0,95073.59999999999,164672.30565848039,3082.0,False,7925000.0,25.0,1.0,0.0,hypothetical scenario
uniform,0.012,0.3,316912.0,7925000.0,95100.0,95073.59999999999,164672.30565848039,3716.0,False,7925000.0,25.0,1.0,0.0,hypothetical scenario
uniform,0.014,0.3,316912.0,7925000.0,110950.0,95073.59999999999,164672.30565848039,4350.0,False,7925000.0,25.0,1.0,0.0,hypothetical scenario
uniform,0.016,0.3,316912.0,7925000.0,126800.0,95073.59999999999,164672.30565848039,4984.0,False,7925000.0,25.0,1.0,0.0,hypothetical scenario
uniform,0.018000000000000002,0.3,316912.0,7925000.0,142650.00000000003,95073.59999999999,164672.30565848039,5618.0,False,7925000.0,25.0,1.0,0.0,hypothetical scenario
uniform,0.02,0.3,316912.0,7925000.0,158500.0,95073.59999999999,164672.30565848039,6252.0,False,7925000.0,25.0,1.0,0.0,hypothetical scenario
uniform,0.022,0.3,316912.0,7925000.0,174350.0,95073.59999999999,164672.30565848039,6886.0,False,7925000.0,25.0,1.0,0.0,hypothetical scenario
uniform,0.024,0.3,316912.0,7925000.0,190200.0,95073.59999999999,164672.30565848039,7520.0,False,7925000.0,25.0,1.0,0.0,hypothetical scenario
uniform,0.026000000000000002,0.3,316912.0,7925000.0,206050.00000000003,95073.59999999999,164672.30565848039,8154.0,False,7925000.0,25.0,1.0,0.0,hypothetical scenario
uniform,0.028,0.3,316912.0,7925000.0,221900.0,95073.59999999999,164672.30565848039,8788.0,False,7925000.0,25.0,1.0,0.0,hypothetical scenario
uniform,0.03,0.3,316912.0,7925000.0,237750.0,95073.59999999999,164672.30565848039,9422.0,False,7925000.0,25.0,1.0,0.0,hypothetical scenario
uniform,0.032,0.3,316912.0,7925000.0,253600.0,95073.59999999999,164672.30565848039,10056.0,False,7925000.0,25.0,1.0,0.0,hypothetical scenario
uniform,0.034,0.3,316912.0,7925000.0,269450.0,95073.59999999999,164672.30565848039,10690.0,False,7925000.0,25.0,1.0,0.0,hypothetical scenario
uniform,0.036000000000000004,0.3,316912.0,7925000.0,285300.00000000006,95073.59999999999,164672.30565848039,11324.0,False,7925000.0,25.0,1.0,0.0,hypothetical scenario
uniform,0.038,0.3,316912.0,7925000.0,301150.0,95073.59999999999,164672.30565848039,11958.0,False,7925000.0,25.0,1.0,0.0,hypothetical scenario
uniform,0.04,0.3,316912.0,7925000.0,317000.0,95073.59999999999,164672.30565848039,12592.0,False,7925000.0,25.0,1.0,0.0,hypothetical scenario
uniform,0.042,0.3,316912.0,7925000.0,332850.0,95073.59999999999,164672.30565848039,13226.0,False,7925000.0,25.0,1.0,0.0,hypothetical scenario
uniform,0.044,0.3,316912.0,7925000.0,348700.0,95073.59999999999,164672.30565848039,13860.0,False,7925000.0,25.0,1.0,0.0,hypothetical scenario
uniform,0.046,0.3,316912.0,7925000.0,364550.0,95073.59999999999,164672.30565848039,14494.0,False,7925000.0,25.0,1.0,0.0,hypothetical scenario
uniform,0.048,0.3,316912.0,7925000.0,380400.0,95073.59999999999,164672.30565848039,15128.0,False,7925000.0,25.0,1.0,0.0,hypothetical scenario
uniform,0.05,0.3,316912.0,7925000.0,396250.0,95073.59999999999,164672.30565848039,15762.0,False,7925000.0,25.0,1.0,0.0,hypothetical scenario
uniform,0.052000000000000005,0.3,316912.0,7925000.0,412100.00000000006,95073.59999999999,164672.30565848039,16396.0,False,7925000.0,25.0,1.0,0.0,hypothetical scenario
uniform,0.054,0.3,316912.0,7925000.0,427950.0,95073.59999999999,164672.30565848039,17030.0,False,7925000.0,25.0,1.0,0.0,hypothetical scenario
uniform,0.056,0.3,316912.0,7925000.0,443800.0,95073.59999999999,164672.30565848039,17664.0,False,7925000.0,25.0,1.0,0.0,hypothetical scenario
uniform,0.058,0.3,316912.0,7925000.0,459650.0,95073.59999999999,164672.30565848039,18298.0,False,7925000.0,25.0,1.0,0.0,hypothetical scenario
uniform,0.06,0.3,316912.0,7925000.0,475500.0,95073.59999999999,164672.30565848039,18932.0,False,7925000.0,25.0,1.0,0.0,hypothetical scenario
uniform,0.062,0.3,316912.0,7925000.0,491350.0,95073.59999999999,164672.30565848039,19566.0,False,7925000.0,25.0,1.0,0.0,hypothetical scenario
uniform,0.064,0.3,316912.0,7925000.0,507200.0,95073.59999999999,164672.30565848039,20200.0,False,7925000.0,25.0,1.0,0.0,hypothetical scenario
uniform,0.066,0.3,316912.0,7925000.0,523050.0,95073.59999999999,164672.30565848039,20834.0,False,7925000.0,25.0,1.0,0.0,hypothetical scenario
uniform,0.068,0.3,316912.0,7925000.0,538900.0,95073.59999999999,164672.30565848039,21468.0,False,7925000.0,25.0,1.0,0.0,hypothetical scenario
uniform,0.07,0.3,316912.0,7925000.0,554750.0,95073.59999999999,164672.30565848039,22102.0,False,7925000.0,25.0,1.0,0.0,hypothetical scenario
uniform,0.07200000000000001,0.3,316912.0,7925000.0,570600.0000000001,95073.59999999999,164672.30565848039,22736.0,False,7925000.0,25.0,1.0,0.0,hypothetical scenario
uniform,0.074,0.3,316912.0,7925000.0,586450.0,95073.59999999999,164672.30565848039,23370.0,False,7925000.0,25.0,1.0,0.0,hypothetical scenario
uniform,0.076,0.3,316912.0,7925000.0,602300.0,95073.59999999999,164672.30565848039,24004.0,False,7925000.0,25.0,1.0,0.0,hypothetical scenario
uniform,0.078,0.3,316912.0,7925000.0,618150.0,95073.59999999999,164672.30565848039,24638.0,False,7925000.0,25.0,1.0,0.0,hypothetical scenario
uniform,0.08,0.3,316912.0,7925000.0,634000.0,95073.59999999999,164672.30565848039,25272.0,False,7925000.0,25.0,1.0,0.0,hypothetical scenario
uniform,0.082,0.3,316912.0,7925000.0,649850.0,95073.59999999999,164672.30565848039,25906.0,False,7925000.0,25.0,1.0,0.0,hypothetical scenario
uniform,0.084,0.3,316912.0,7925000.0,665700.0,95073.59999999999,164672.30565848039,26540.0,False,7925000.0,25.0,1.0,0.0,hypothetical scenario
uniform,0.08600000000000001,0.3,316912.0,7925000.0,681550.0,95073.59999999999,164672.30565848039,27174.0,False,7925000.0,25.0,1.0,0.0,hypothetical scenario
uniform,0.088,0.3,316912.0,7925000.0,697400.0,95073.59999999999,164672.30565848039,27808.0,False,7925000.0,25.0,1.0,0.0,hypothetical scenario
uniform,0.09,0.3,316912.0,7925000.0,713250.0,95073.59999999999,164672.30565848039,28442.0,False,7925000.0,25.0,1.0,0.0,hypothetical scenario
uniform,0.092,0.3,316912.0,7925000.0,729100.0,95073.59999999999,164672.30565848039,29076.0,False,7925000.0,25.0,1.0,0.0,hypothetical scenario
uniform,0.094,0.3,316912.0,7925000.0,744950.0,95073.59999999999,164672.30565848039,29710.0,False,7925000.0,25.0,1.0,0.0,hypothetical scenario
uniform,0.096,0.3,316912.0,7925000.0,760800.0,95073.59999999999,164672.30565848039,30344.0,False,7925000.0,25.0,1.0,0.0,hypothetical scenario
uniform,0.098,0.3,316912.0,7925000.0,776650.0,95073.59999999999,164672.30565848039,30978.0,False,7925000.0,25.0,1.0,0.0,hypothetical scenario
uniform,0.1,0.3,316912.0,7925000.0,792500.0,95073.59999999999,164672.30565848039,31612.0,False,7925000.0,25.0,1.0,0.0,hypothetical scenario
uniform,0.10200000000000001,0.3,316912.0,7925000.0,808350.0,95073.59999999999,164672.30565848039,32246.0,False,7925000.0,25.0,1.0,0.0,hypothetical scenario
uniform,0.10400000000000001,0.3,316912.0,7925000.0,824200.0000000001,95073.59999999999,164672.30565848039,32880.0,False,7925000.0,25.0,1.0,0.0,hypothetical scenario
uniform,0.106,0.3,316912.0,7925000.0,840050.0,95073.59999999999,164672.30565848039,33514.0,False,7925000.0,25.0,1.0,0.0,hypothetical scenario
uniform,0.108,0.3,316912.0,7925000.0,855900.0,95073.59999999999,164672.30565848039,34148.0,False,7925000.0,25.0,1.0,0.0,hypothetical scenario
uniform,0.11,0.3,316912.0,7925000.0,871750.0,95073.59999999999,164672.30565848039,34782.0,False,7925000.0,25.0,1.0,0.0,hypothetical scenario
uniform,0.112,0.3,316912.0,7925000.0,887600.0,95073.59999999999,164672.30565848039,35416.0,False,7925000.0,25.0,1.0,0.0,hypothetical scenario
uniform,0.114,0.3,316912.0,7925000.0,903450.0,95073.59999999999,164672.30565848039,36050.0,False,7925000.0,25.0,1.0,0.0,hypothetical scenario
uniform,0.116,0.3,316912.0,7925000.0,919300.0,95073.59999999999,164672.30565848039,36684.0,False,7925000.0,25.0,1.0,0.0,hypothetical scenario
uniform,0.11800000000000001,0.3,316912.0,7925000.0,935150.0000000001,95073.59999999999,164672.30565848039,37318.0,False,7925000.0,25.0,1.0,0.0,hypothetical scenario
uniform,0.12,0.3,316912.0,7925000.0,951000.0,95073.59999999999,164672.30565848039,37952.0,False,7925000.0,25.0,1.0,0.0,hypothetical scenario
uniform,0.122,0.3,316912.0,7925000.0,966850.0,95073.59999999999,164672.30565848039,38586.0,False,7925000.0,25.0,1.0,0.0,hypothetical scenario
uniform,0.124,0.3,316912.0,7925000.0,982700.0,95073.59999999999,164672.30565848039,39220.0,False,7925000.0,25.0,1.0,0.0,hypothetical scenario
uniform,0.126,0.3,316912.0,7925000.0,998550.0,95073.59999999999,164672.30565848039,39854.0,False,7925000.0,25.0,1.0,0.0,hypothetical scenario
uniform,0.128,0.3,316912.0,7925000.0,1014400.0,95073.59999999999,164672.30565848039,40488.0,False,7925000.0,25.0,1.0,0.0,hypothetical scenario
uniform,0.13,0.3,316912.0,7925000.0,1030250.0,95073.59999999999,164672.30565848039,41122.0,False,7925000.0,25.0,1.0,0.0,hypothetical scenario
uniform,0.132,0.3,316912.0,7925000.0,1046100.0,95073.59999999999,164672.30565848039,41756.0,False,7925000.0,25.0,1.0,0.0,hypothetical scenario
uniform,0.134,0.3,316912.0,7925000.0,1061950.0,95073.59999999999,164672.30565848039,42390.0,False,7925000.0,25.0,1.0,0.0,hypothetical scenario
uniform,0.136,0.3,316912.0,7925000.0,1077800.0,95073.59999999999,164672.30565848039,43024.0,False,7925000.0,25.0,1.0,0.0,hypothetical scenario
uniform,0.138,0.3,316912.0,7925000.0,1093650.0,95073.59999999999,164672.30565848039,43658.0,False,7925000.0,25.0,1.0,0.0,hypothetical scenario
uniform,0.14,0.3,316912.0,7925000.0,1109500.0,95073.59999999999,164672.30565848039,44292.0,False,7925000.0,25.0,1.0,0.0,hypothetical scenario
uniform,0.14200000000000002,0.3,316912.0,7925000.0,1125350.0000000002,95073.59999999999,164672.30565848039,44926.0,False,7925000.0,25.0,1.0,0.0,hypothetical scenario
uniform,0.14400000000000002,0.3,316912.0,7925000.0,1141200.0000000002,95073.59999999999,164672.30565848039,45560.0,False,7925000.0,25.0,1.0,0.0,hypothetical scenario
uniform,0.146,0.3,316912.0,7925000.0,1157050.0,95073.59999999999,164672.30565848039,46194.0,False,7925000.0,25.0,1.0,0.0,hypothetical scenario
uniform,0.148,0.3,316912.0,7925000.0,1172900.0,95073.59999999999,164672.30565848039,46828.0,False,7925000.0,25.0,1.0,0.0,hypothetical scenario
uniform,0.15,0.3,316912.0,7925000.0,1188750.0,95073.59999999999,164672.30565848039,47462.0,False,7925000.0,25.0,1.0,0.0,hypothetical scenario
uniform,0.152,0.3,316912.0,7925000.0,1204600.0,95073.59999999999,164672.30565848039,48096.0,False,7925000.0,25.0,1.0,0.0,hypothetical scenario
uniform,0.154,0.3,316912.0,7925000.0,1220450.0,95073.59999999999,164672.30565848039,48730.0,False,7925000.0,25.0,1.0,0.0,hypothetical scenario
uniform,0.156,0.3,316912.0,7925000.0,1236300.0,95073.59999999999,164672.30565848039,49364.0,False,7925000.0,25.0,1.0,0.0,hypothetical scenario
uniform,0.158,0.3,316912.0,7925000.0,1252150.0,95073.59999999999,164672.30565848039,49998.0,False,7925000.0,25.0,1.0,0.0,hypothetical scenario
uniform,0.16,0.3,316912.0,7925000.0,1268000.0,95073.59999999999,164672.30565848039,50632.0,False,7925000.0,25.0,1.0,0.0,hypothetical scenario
uniform,0.162,0.3,316912.0,7925000.0,1283850.0,95073.59999999999,164672.30565848039,51266.0,False,7925000.0,25.0,1.0,0.0,hypothetical scenario
uniform,0.164,0.3,316912.0,7925000.0,1299700.0,95073.59999999999,164672.30565848039,51900.0,False,7925000.0,25.0,1.0,0.0,hypothetical scenario
uniform,0.166,0.3,316912.0,7925000.0,1315550.0,95073.59999999999,164672.30565848039,52534.0,False,7925000.0,25.0,1.0,0.0,hypothetical scenario
uniform,0.168,0.3,316912.0,7925000.0,1331400.0,95073.59999999999,164672.30565848039,53168.0,False,7925000.0,25.0,1.0,0.0,hypothetical scenario
uniform,0.17,0.3,316912.0,7925000.0,1347250.0,95073.59999999999,164672.30565848039,53802.0,False,7925000.0,25.0,1.0,0.0,hypothetical scenario
uniform,0.17200000000000001,0.3,316912.0,7925000.0,1363100.0,95073.59999999999,164672.30565848039,54436.0,False,7925000.0,25.0,1.0,0.0,hypothetical scenario
uniform,0.17400000000000002,0.3,316912.0,7925000.0,1378950.0000000002,95073.59999999999,164672.30565848039,55070.0,False,7925000.0,25.0,1.0,0.0,hypothetical scenario
uniform,0.176,0.3,316912.0,7925000.0,1394800.0,95073.59999999999,164672.30565848039,55704.0,False,7925000.0,25.0,1.0,0.0,hypothetical scenario
uniform,0.178,0.3,316912.0,7925000.0,1410650.0,95073.59999999999,164672.30565848039,56338.0,False,7925000.0,25.0,1.0,0.0,hypothetical scenario
uniform,0.18,0.3,316912.0,7925000.0,1426500.0,95073.59999999999,164672.30565848039,56972.0,False,7925000.0,25.0,1.0,0.0,hypothetical scenario
uniform,0.182,0.3,316912.0,7925000.0,1442350.0,95073.59999999999,164672.30565848039,57606.0,False,7925000.0,25.0,1.0,0.0,hypothetical scenario
uniform,0.184,0.3,316912.0,7925000.0,1458200.0,95073.59999999999,164672.30565848039,58240.0,False,7925000.0,25.0,1.0,0.0,hypothetical scenario
uniform,0.186,0.3,316912.0,7925000.0,1474050.0,95073.59999999999,164672.30565848039,58874.0,False,7925000.0,25.0,1.0,0.0,hypothetical scenario
uniform,0.188,0.3,316912.0,7925000.0,1489900.0,95073.59999999999,164672.30565848039,59508.0,False,7925000.0,25.0,1.0,0.0,hypothetical scenario
uniform,0.19,0.3,316912.0,7925000.0,1505750.0,95073.59999999999,164672.30565848039,60142.0,False,7925000.0,25.0,1.0,0.0,hypothetical scenario
uniform,0.192,0.3,316912.0,7925000.0,1521600.0,95073.59999999999,164672.30565848039,60776.0,False,7925000.0,25.0,1.0,0.0,hypothetical scenario
uniform,0.194,0.3,316912.0,7925000.0,1537450.0,95073.59999999999,164672.30565848039,61410.0,False,7925000.0,25.0,1.0,0.0,hypothetical scenario
uniform,0.196,0.3,316912.0,7925000.0,1553300.0,95073.59999999999,164672.30565848039,62044.0,False,7925000.0,25.0,1.0,0.0,hypothetical scenario
uniform,0.198,0.3,316912.0,7925000.0,1569150.0,95073.59999999999,164672.30565848039,62678.0,False,7925000.0,25.0,1.0,0.0,hypothetical scenario
uniform,0.2,0.3,316912.0,7925000.0,1585000.0,95073.59999999999,164672.30565848039,63312.0,False,7925000.0,25.0,1.0,0.0,hypothetical scenario
uniform,0.202,0.3,316912.0,7925000.0,1600850.0,95073.59999999999,164672.30565848039,63946.0,False,7925000.0,25.0,1.0,0.0,hypothetical scenario
uniform,0.20400000000000001,0.3,316912.0,7925000.0,1616700.0,95073.59999999999,164672.30565848039,64580.0,False,7925000.0,25.0,1.0,0.0,hypothetical scenario
uniform,0.20600000000000002,0.3,316912.0,7925000.0,1632550.0000000002,95073.59999999999,164672.30565848039,65214.0,False,7925000.0,25.0,1.0,0.0,hypothetical scenario
uniform,0.20800000000000002,0.3,316912.0,7925000.0,1648400.0000000002,95073.59999999999,164672.30565848039,65848.0,False,7925000.0,25.0,1.0,0.0,hypothetical scenario
uniform,0.21,0.3,316912.0,7925000.0,1664250.0,95073.59999999999,164672.30565848039,66482.0,False,7925000.0,25.0,1.0,0.0,hypothetical scenario
uniform,0.212,0.3,316912.0,7925000.0,1680100.0,95073.59999999999,164672.30565848039,67116.0,False,7925000.0,25.0,1.0,0.0,hypothetical scenario
uniform,0.214,0.3,316912.0,7925000.0,1695950.0,95073.59999999999,164672.30565848039,67750.0,False,7925000.0,25.0,1.0,0.0,hypothetical scenario
uniform,0.216,0.3,316912.0,7925000.0,1711800.0,95073.59999999999,164672.30565848039,68384.0,False,7925000.0,25.0,1.0,0.0,hypothetical scenario
uniform,0.218,0.3,316912.0,7925000.0,1727650.0,95073.59999999999,164672.30565848039,69018.0,False,7925000.0,25.0,1.0,0.0,hypothetical scenario
uniform,0.22,0.3,316912.0,7925000.0,1743500.0,95073.59999999999,164672.30565848039,69652.0,False,7925000.0,25.0,1.0,0.0,hypothetical scenario
uniform,0.222,0.3,316912.0,7925000.0,1759350.0,95073.59999999999,164672.30565848039,70286.0,False,7925000.0,25.0,1.0,0.0,hypothetical scenario
uniform,0.224,0.3,316912.0,7925000.0,1775200.0,95073.59999999999,164672.30565848039,70920.0,False,7925000.0,25.0,1.0,0.0,hypothetical scenario
uniform,0.226,0.3,316912.0,7925000.0,1791050.0,95073.59999999999,164672.30565848039,71554.0,False,7925000.0,25.0,1.0,0.0,hypothetical scenario
uniform,0.228,0.3,316912.0,7925000.0,1806900.0,95073.59999999999,164672.30565848039,72188.0,False,7925000.0,25.0,1.0,0.0,hypothetical scenario
uniform,0.23,0.3,316912.0,7925000.0,1822750.0,95073.59999999999,164672.30565848039,72822.0,False,7925000.0,25.0,1.0,0.0,hypothetical scenario
uniform,0.232,0.3,316912.0,7925000.0,1838600.0,95073.59999999999,164672.30565848039,73456.0,False,7925000.0,25.0,1.0,0.0,hypothetical scenario
uniform,0.234,0.3,316912.0,7925000.0,1854450.0,95073.59999999999,164672.30565848039,74090.0,False,7925000.0,25.0,1.0,0.0,hypothetical scenario
uniform,0.23600000000000002,0.3,316912.0,7925000.0,1870300.0000000002,95073.59999999999,164672.30565848039,74724.0,False,7925000.0,25.0,1.0,0.0,hypothetical scenario
uniform,0.23800000000000002,0.3,316912.0,7925000.0,1886150.0000000002,95073.59999999999,164672.30565848039,75358.0,False,7925000.0,25.0,1.0,0.0,hypothetical scenario
uniform,0.24,0.3,316912.0,7925000.0,1902000.0,95073.59999999999,164672.30565848039,75992.0,False,7925000.0,25.0,1.0,0.0,hypothetical scenario
uniform,0.242,0.3,316912.0,7925000.0,1917850.0,95073.59999999999,164672.30565848039,76626.0,False,7925000.0,25.0,1.0,0.0,hypothetical scenario
uniform,0.244,0.3,316912.0,7925000.0,1933700.0,95073.59999999999,164672.30565848039,77260.0,False,7925000.0,25.0,1.0,0.0,hypothetical scenario
uniform,0.246,0.3,316912.0,7925000.0,1949550.0,95073.59999999999,164672.30565848039,77894.0,False,7925000.0,25.0,1.0,0.0,hypothetical scenario
uniform,0.248,0.3,316912.0,7925000.0,1965400.0,95073.59999999999,164672.30565848039,78528.0,False,7925000.0,25.0,1.0,0.0,hypothetical scenario
uniform,0.25,0.3,316912.0,7925000.0,1981250.0,95073.59999999999,164672.30565848039,79162.0,False,7925000.0,25.0,1.0,0.0,hypothetical scenario
uniform,0.252,0.3,316912.0,7925000.0,1997100.0,95073.59999999999,164672.30565848039,79796.0,False,7925000.0,25.0,1.0,0.0,hypothetical scenario
uniform,0.254,0.3,316912.0,7925000.0,2012950.0,95073.59999999999,164672.30565848039,80430.0,False,7925000.0,25.0,1.0,0.0,hypothetical scenario
uniform,0.256,0.3,316912.0,7925000.0,2028800.0,95073.59999999999,164672.30565848039,81064.0,False,7925000.0,25.0,1.0,0.0,hypothetical scenario
uniform,0.258,0.3,316912.0,7925000.0,2044650.0,95073.59999999999,164672.30565848039,81698.0,False,7925000.0,25.0,1.0,0.0,hypothetical scenario
uniform,0.26,0.3,316912.0,7925000.0,2060500.0,95073.59999999999,164672.30565848039,82332.0,False,7925000.0,25.0,1.0,0.0,hypothetical scenario
uniform,0.262,0.3,316912.0,7925000.0,2076350.0,95073.59999999999,164672.30565848039,82966.0,False,7925000.0,25.0,1.0,0.0,hypothetical scenario
uniform,0.264,0.3,316912.0,7925000.0,2092200.0,95073.59999999999,164672.30565848039,83600.0,False,7925000.0,25.0,1.0,0.0,hypothetical scenario
uniform,0.266,0.3,316912.0,7925000.0,2108050.0,95073.59999999999,164672.30565848039,84234.0,False,7925000.0,25.0,1.0,0.0,hypothetical scenario
uniform,0.268,0.3,316912.0,7925000.0,2123900.0,95073.59999999999,164672.30565848039,84868.0,False,7925000.0,25.0,1.0,0.0,hypothetical scenario
uniform,0.27,0.3,316912.0,7925000.0,2139750.0,95073.59999999999,164672.30565848039,85502.0,False,7925000.0,25.0,1.0,0.0,hypothetical scenario
uniform,0.272,0.3,316912.0,7925000.0,2155600.0,95073.59999999999,164672.30565848039,86136.0,False,7925000.0,25.0,1.0,0.0,hypothetical scenario
uniform,0.274,0.3,316912.0,7925000.0,2171450.0,95073.59999999999,164672.30565848039,86770.0,False,7925000.0,25.0,1.0,0.0,hypothetical scenario
uniform,0.276,0.3,316912.0,7925000.0,2187300.0,95073.59999999999,164672.30565848039,87404.0,False,7925000.0,25.0,1.0,0.0,hypothetical scenario
uniform,0.278,0.3,316912.0,7925000.0,2203150.0,95073.59999999999,164672.30565848039,88038.0,False,7925000.0,25.0,1.0,0.0,hypothetical scenario
uniform,0.28,0.3,316912.0,7925000.0,2219000.0,95073.59999999999,164672.30565848039,88672.0,False,7925000.0,25.0,1.0,0.0,hypothetical scenario
uniform,0.28200000000000003,0.3,316912.0,7925000.0,2234850.0,95073.59999999999,164672.30565848039,89306.0,False,7925000.0,25.0,1.0,0.0,hypothetical scenario
uniform,0.28400000000000003,0.3,316912.0,7925000.0,2250700.0000000005,95073.59999999999,164672.30565848039,89940.0,False,7925000.0,25.0,1.0,0.0,hypothetical scenario
uniform,0.28600000000000003,0.3,316912.0,7925000.0,2266550.0000000005,95073.59999999999,164672.30565848039,90574.0,False,7925000.0,25.0,1.0,0.0,hypothetical scenario
uniform,0.28800000000000003,0.3,316912.0,7925000.0,2282400.0000000005,95073.59999999999,164672.30565848039,91208.0,False,7925000.0,25.0,1.0,0.0,hypothetical scenario
uniform,0.29,0.3,316912.0,7925000.0,2298250.0,95073.59999999999,164672.30565848039,91842.0,False,7925000.0,25.0,1.0,0.0,hypothetical scenario
uniform,0.292,0.3,316912.0,7925000.0,2314100.0,95073.59999999999,164672.30565848039,92476.0,False,7925000.0,25.0,1.0,0.0,hypothetical scenario
uniform,0.294,0.3,316912.0,7925000.0,2329950.0,95073.59999999999,164672.30565848039,93110.0,False,7925000.0,25.0,1.0,0.0,hypothetical scenario
uniform,0.296,0.3,316912.0,7925000.0,2345800.0,95073.59999999999,164672.30565848039,93744.0,False,7925000.0,25.0,1.0,0.0,hypothetical scenario
uniform,0.298,0.3,316912.0,7925000.0,2361650.0,95073.59999999999,164672.30565848039,94378.0,False,7925000.0,25.0,1.0,0.0,hypothetical scenario
uniform,0.3,0.3,316912.0,7925000.0,2377500.0,95073.59999999999,164672.30565848039,95012.0,False,7925000.0,25.0,1.0,0.0,hypothetical scenario
uniform,0.302,0.3,316912.0,7925000.0,2393350.0,95073.59999999999,164672.30565848039,95646.0,False,7925000.0,25.0,1.0,0.0,hypothetical scenario
uniform,0.304,0.3,316912.0,7925000.0,2409200.0,95073.59999999999,164672.30565848039,96280.0,False,7925000.0,25.0,1.0,0.0,hypothetical scenario
uniform,0.306,0.3,316912.0,7925000.0,2425050.0,95073.59999999999,164672.30565848039,96914.0,False,7925000.0,25.0,1.0,0.0,hypothetical scenario
uniform,0.308,0.3,316912.0,7925000.0,2440900.0,95073.59999999999,164672.30565848039,97548.0,False,7925000.0,25.0,1.0,0.0,hypothetical scenario
uniform,0.31,0.3,316912.0,7925000.0,2456750.0,95073.59999999999,164672.30565848039,98182.0,False,7925000.0,25.0,1.0,0.0,hypothetical scenario
uniform,0.312,0.3,316912.0,7925000.0,2472600.0,95073.59999999999,164672.30565848039,98816.0,False,7925000.0,25.0,1.0,0.0,hypothetical scenario
uniform,0.314,0.3,316912.0,7925000.0,2488450.0,95073.59999999999,164672.30565848039,99450.0,False,7925000.0,25.0,1.0,0.0,hypothetical scenario
uniform,0.316,0.3,316912.0,7925000.0,2504300.0,95073.59999999999,164672.30565848039,100084.0,False,7925000.0,25.0,1.0,0.0,hypothetical scenario
uniform,0.318,0.3,316912.0,7925000.0,2520150.0,95073.59999999999,164672.30565848039,100718.0,False,7925000.0,25.0,1.0,0.0,hypothetical scenario
uniform,0.32,0.3,316912.0,7925000.0,2536000.0,95073.59999999999,164672.30565848039,101352.0,False,7925000.0,25.0,1.0,0.0,hypothetical scenario
uniform,0.322,0.3,316912.0,7925000.0,2551850.0,95073.59999999999,164672.30565848039,101986.0,False,7925000.0,25.0,1.0,0.0,hypothetical scenario
uniform,0.324,0.3,316912.0,7925000.0,2567700.0,95073.59999999999,164672.30565848039,102620.0,False,7925000.0,25.0,1.0,0.0,hypothetical scenario
uniform,0.326,0.3,316912.0,7925000.0,2583550.0,95073.59999999999,164672.30565848039,103254.0,False,7925000.0,25.0,1.0,0.0,hypothetical scenario
uniform,0.328,0.3,316912.0,7925000.0,2599400.0,95073.59999999999,164672.30565848039,103888.0,False,7925000.0,25.0,1.0,0.0,hypothetical scenario
uniform,0.33,0.3,316912.0,7925000.0,2615250.0,95073.59999999999,164672.30565848039,104522.0,False,7925000.0,25.0,1.0,0.0,hypothetical scenario
uniform,0.332,0.3,316912.0,7925000.0,2631100.0,95073.59999999999,164672.30565848039,105156.0,False,7925000.0,25.0,1.0,0.0,hypothetical scenario
uniform,0.334,0.3,316912.0,7925000.0,2646950.0,95073.59999999999,164672.30565848039,105790.0,False,7925000.0,25.0,1.0,0.0,hypothetical scenario
uniform,0.336,0.3,316912.0,7925000.0,2662800.0,95073.59999999999,164672.30565848039,106424.0,False,7925000.0,25.0,1.0,0.0,hypothetical scenario
uniform,0.338,0.3,316912.0,7925000.0,2678650.0,95073.59999999999,164672.30565848039,107058.0,False,7925000.0,25.0,1.0,0.0,hypothetical scenario
uniform,0.34,0.3,316912.0,7925000.0,2694500.0,95073.59999999999,164672.30565848039,107692.0,False,7925000.0,25.0,1.0,0.0,hypothetical scenario
uniform,0.342,0.3,316912.0,7925000.0,2710350.0,95073.59999999999,164672.30565848039,108326.0,False,7925000.0,25.0,1.0,0.0,hypothetical scenario
uniform,0.34400000000000003,0.3,316912.0,7925000.0,2726200.0,95073.59999999999,164672.30565848039,108960.0,False,7925000.0,25.0,1.0,0.0,hypothetical scenario
uniform,0.34600000000000003,0.3,316912.0,7925000.0,2742050.0000000005,95073.59999999999,164672.30565848039,109594.0,False,7925000.0,25.0,1.0,0.0,hypothetical scenario
uniform,0.34800000000000003,0.3,316912.0,7925000.0,2757900.0000000005,95073.59999999999,164672.30565848039,110228.0,False,7925000.0,25.0,1.0,0.0,hypothetical scenario
uniform,0.35000000000000003,0.3,316912.0,7925000.0,2773750.0000000005,95073.59999999999,164672.30565848039,110862.0,False,7925000.0,25.0,1.0,0.0,hypothetical scenario
uniform,0.352,0.3,316912.0,7925000.0,2789600.0,95073.59999999999,164672.30565848039,111496.0,False,7925000.0,25.0,1.0,0.0,hypothetical scenario
uniform,0.354,0.3,316912.0,7925000.0,2805450.0,95073.59999999999,164672.30565848039,112130.0,False,7925000.0,25.0,1.0,0.0,hypothetical scenario
uniform,0.356,0.3,316912.0,7925000.0,2821300.0,95073.59999999999,164672.30565848039,112764.0,False,7925000.0,25.0,1.0,0.0,hypothetical scenario
uniform,0.358,0.3,316912.0,7925000.0,2837150.0,95073.59999999999,164672.30565848039,113398.0,False,7925000.0,25.0,1.0,0.0,hypothetical scenario
uniform,0.36,0.3,316912.0,7925000.0,2853000.0,95073.59999999999,164672.30565848039,114032.0,False,7925000.0,25.0,1.0,0.0,hypothetical scenario
uniform,0.362,0.3,316912.0,7925000.0,2868850.0,95073.59999999999,164672.30565848039,114666.0,False,7925000.0,25.0,1.0,0.0,hypothetical scenario
uniform,0.364,0.3,316912.0,7925000.0,2884700.0,95073.59999999999,164672.30565848039,115300.0,False,7925000.0,25.0,1.0,0.0,hypothetical scenario
uniform,0.366,0.3,316912.0,7925000.0,2900550.0,95073.59999999999,164672.30565848039,115934.0,False,7925000.0,25.0,1.0,0.0,hypothetical scenario
uniform,0.368,0.3,316912.0,7925000.0,2916400.0,95073.59999999999,164672.30565848039,116568.0,False,7925000.0,25.0,1.0,0.0,hypothetical scenario
uniform,0.37,0.3,316912.0,7925000.0,2932250.0,95073.59999999999,164672.30565848039,117202.0,False,7925000.0,25.0,1.0,0.0,hypothetical scenario
uniform,0.372,0.3,316912.0,7925000.0,2948100.0,95073.59999999999,164672.30565848039,117836.0,False,7925000.0,25.0,1.0,0.0,hypothetical scenario
uniform,0.374,0.3,316912.0,7925000.0,2963950.0,95073.59999999999,164672.30565848039,118470.0,False,7925000.0,25.0,1.0,0.0,hypothetical scenario
uniform,0.376,0.3,316912.0,7925000.0,2979800.0,95073.59999999999,164672.30565848039,119104.0,False,7925000.0,25.0,1.0,0.0,hypothetical scenario
uniform,0.378,0.3,316912.0,7925000.0,2995650.0,95073.59999999999,164672.30565848039,119738.0,False,7925000.0,25.0,1.0,0.0,hypothetical scenario
uniform,0.38,0.3,316912.0,7925000.0,3011500.0,95073.59999999999,164672.30565848039,120372.0,False,7925000.0,25.0,1.0,0.0,hypothetical scenario
uniform,0.382,0.3,316912.0,7925000.0,3027350.0,95073.59999999999,164672.30565848039,121006.0,False,7925000.0,25.0,1.0,0.0,hypothetical scenario
uniform,0.384,0.3,316912.0,7925000.0,3043200.0,95073.59999999999,164672.30565848039,121640.0,False,7925000.0,25.0,1.0,0.0,hypothetical scenario
uniform,0.386,0.3,316912.0,7925000.0,3059050.0,95073.59999999999,164672.30565848039,122274.0,False,7925000.0,25.0,1.0,0.0,hypothetical scenario
uniform,0.388,0.3,316912.0,7925000.0,3074900.0,95073.59999999999,164672.30565848039,122908.0,False,7925000.0,25.0,1.0,0.0,hypothetical scenario
uniform,0.39,0.3,316912.0,7925000.0,3090750.0,95073.59999999999,164672.30565848039,123542.0,False,7925000.0,25.0,1.0,0.0,hypothetical scenario
uniform,0.392,0.3,316912.0,7925000.0,3106600.0,95073.59999999999,164672.30565848039,124176.0,False,7925000.0,25.0,1.0,0.0,hypothetical scenario
uniform,0.394,0.3,316912.0,7925000.0,3122450.0,95073.59999999999,164672.30565848039,124810.0,False,7925000.0,25.0,1.0,0.0,hypothetical scenario
uniform,0.396,0.3,316912.0,7925000.0,3138300.0,95073.59999999999,164672.30565848039,125444.0,False,7925000.0,25.0,1.0,0.0,hypothetical scenario
uniform,0.398,0.3,316912.0,7925000.0,3154150.0,95073.59999999999,164672.30565848039,126078.0,False,7925000.0,25.0,1.0,0.0,hypothetical scenario
uniform,0.4,0.3,316912.0,7925000.0,3170000.0,95073.59999999999,164672.30565848039,126712.0,False,7925000.0,25.0,1.0,0.0,hypothetical scenario
uniform,0.402,0.3,316912.0,7925000.0,3185850.0,95073.59999999999,164672.30565848039,127346.0,False,7925000.0,25.0,1.0,0.0,hypothetical scenario
uniform,0.404,0.3,316912.0,7925000.0,3201700.0,95073.59999999999,164672.30565848039,127980.0,False,7925000.0,25.0,1.0,0.0,hypothetical scenario
uniform,0.406,0.3,316912.0,7925000.0,3217550.0,95073.59999999999,164672.30565848039,128614.0,False,7925000.0,25.0,1.0,0.0,hypothetical scenario
uniform,0.40800000000000003,0.3,316912.0,7925000.0,3233400.0,95073.59999999999,164672.30565848039,129248.0,False,7925000.0,25.0,1.0,0.0,hypothetical scenario
uniform,0.41000000000000003,0.3,316912.0,7925000.0,3249250.0000000005,95073.59999999999,164672.30565848039,129882.0,False,7925000.0,25.0,1.0,0.0,hypothetical scenario
uniform,0.41200000000000003,0.3,316912.0,7925000.0,3265100.0000000005,95073.59999999999,164672.30565848039,130516.0,False,7925000.0,25.0,1.0,0.0,hypothetical scenario
uniform,0.41400000000000003,0.3,316912.0,7925000.0,3280950.0000000005,95073.59999999999,164672.30565848039,131150.0,False,7925000.0,25.0,1.0,0.0,hypothetical scenario
uniform,0.41600000000000004,0.3,316912.0,7925000.0,3296800.0000000005,95073.59999999999,164672.30565848039,131784.0,False,7925000.0,25.0,1.0,0.0,hypothetical scenario
uniform,0.418,0.3,316912.0,7925000.0,3312650.0,95073.59999999999,164672.30565848039,132418.0,False,7925000.0,25.0,1.0,0.0,hypothetical scenario
uniform,0.42,0.3,316912.0,7925000.0,3328500.0,95073.59999999999,164672.30565848039,133052.0,False,7925000.0,25.0,1.0,0.0,hypothetical scenario
uniform,0.422,0.3,316912.0,7925000.0,3344350.0,95073.59999999999,164672.30565848039,133686.0,False,7925000.0,25.0,1.0,0.0,hypothetical scenario
uniform,0.424,0.3,316912.0,7925000.0,3360200.0,95073.59999999999,164672.30565848039,134320.0,False,7925000.0,25.0,1.0,0.0,hypothetical scenario
uniform,0.426,0.3,316912.0,7925000.0,3376050.0,95073.59999999999,164672.30565848039,134954.0,False,7925000.0,25.0,1.0,0.0,hypothetical scenario
uniform,0.428,0.3,316912.0,7925000.0,3391900.0,95073.59999999999,164672.30565848039,135588.0,False,7925000.0,25.0,1.0,0.0,hypothetical scenario
uniform,0.43,0.3,316912.0,7925000.0,3407750.0,95073.59999999999,164672.30565848039,136222.0,False,7925000.0,25.0,1.0,0.0,hypothetical scenario
uniform,0.432,0.3,316912.0,7925000.0,3423600.0,95073.59999999999,164672.30565848039,136856.0,False,7925000.0,25.0,1.0,0.0,hypothetical scenario
uniform,0.434,0.3,316912.0,7925000.0,3439450.0,95073.59999999999,164672.30565848039,137490.0,False,7925000.0,25.0,1.0,0.0,hypothetical scenario
uniform,0.436,0.3,316912.0,7925000.0,3455300.0,95073.59999999999,164672.30565848039,138124.0,False,7925000.0,25.0,1.0,0.0,hypothetical scenario
uniform,0.438,0.3,316912.0,7925000.0,3471150.0,95073.59999999999,164672.30565848039,138758.0,False,7925000.0,25.0,1.0,0.0,hypothetical scenario
uniform,0.44,0.3,316912.0,7925000.0,3487000.0,95073.59999999999,164672.30565848039,139392.0,False,7925000.0,25.0,1.0,0.0,hypothetical scenario
uniform,0.442,0.3,316912.0,7925000.0,3502850.0,95073.59999999999,164672.30565848039,140026.0,False,7925000.0,25.0,1.0,0.0,hypothetical scenario
uniform,0.444,0.3,316912.0,7925000.0,3518700.0,95073.59999999999,164672.30565848039,140660.0,False,7925000.0,25.0,1.0,0.0,hypothetical scenario
uniform,0.446,0.3,316912.0,7925000.0,3534550.0,95073.59999999999,164672.30565848039,141294.0,False,7925000.0,25.0,1.0,0.0,hypothetical scenario
uniform,0.448,0.3,316912.0,7925000.0,3550400.0,95073.59999999999,164672.30565848039,141928.0,False,7925000.0,25.0,1.0,0.0,hypothetical scenario
uniform,0.45,0.3,316912.0,7925000.0,3566250.0,95073.59999999999,164672.30565848039,142562.0,False,7925000.0,25.0,1.0,0.0,hypothetical scenario
uniform,0.452,0.3,316912.0,7925000.0,3582100.0,95073.59999999999,164672.30565848039,143196.0,False,7925000.0,25.0,1.0,0.0,hypothetical scenario
uniform,0.454,0.3,316912.0,7925000.0,3597950.0,95073.59999999999,164672.30565848039,143830.0,False,7925000.0,25.0,1.0,0.0,hypothetical scenario
uniform,0.456,0.3,316912.0,7925000.0,3613800.0,95073.59999999999,164672.30565848039,144464.0,False,7925000.0,25.0,1.0,0.0,hypothetical scenario
uniform,0.458,0.3,316912.0,7925000.0,3629650.0,95073.59999999999,164672.30565848039,145098.0,False,7925000.0,25.0,1.0,0.0,hypothetical scenario
uniform,0.46,0.3,316912.0,7925000.0,3645500.0,95073.59999999999,164672.30565848039,145732.0,False,7925000.0,25.0,1.0,0.0,hypothetical scenario
uniform,0.462,0.3,316912.0,7925000.0,3661350.0,95073.59999999999,164672.30565848039,146366.0,False,7925000.0,25.0,1.0,0.0,hypothetical scenario
uniform,0.464,0.3,316912.0,7925000.0,3677200.0,95073.59999999999,164672.30565848039,147000.0,False,7925000.0,25.0,1.0,0.0,hypothetical scenario
uniform,0.466,0.3,316912.0,7925000.0,3693050.0,95073.59999999999,164672.30565848039,147634.0,False,7925000.0,25.0,1.0,0.0,hypothetical scenario
uniform,0.468,0.3,316912.0,7925000.0,3708900.0,95073.59999999999,164672.30565848039,148268.0,False,7925000.0,25.0,1.0,0.0,hypothetical scenario
uniform,0.47000000000000003,0.3,316912.0,7925000.0,3724750.0,95073.59999999999,164672.30565848039,148902.0,False,7925000.0,25.0,1.0,0.0,hypothetical scenario
uniform,0.47200000000000003,0.3,316912.0,7925000.0,3740600.0000000005,95073.59999999999,164672.30565848039,149536.00000000003,False,7925000.0,25.0,1.0,0.0,hypothetical scenario
uniform,0.47400000000000003,0.3,316912.0,7925000.0,3756450.0000000005,95073.59999999999,164672.30565848039,150170.00000000003,False,7925000.0,25.0,1.0,0.0,hypothetical scenario
uniform,0.47600000000000003,0.3,316912.0,7925000.0,3772300.0000000005,95073.59999999999,164672.30565848039,150804.00000000003,False,7925000.0,25.0,1.0,0.0,hypothetical scenario
uniform,0.47800000000000004,0.3,316912.0,7925000.0,3788150.0000000005,95073.59999999999,164672.30565848039,151438.00000000003,False,7925000.0,25.0,1.0,0.0,hypothetical scenario
uniform,0.48,0.3,316912.0,7925000.0,3804000.0,95073.59999999999,164672.30565848039,152072.0,False,7925000.0,25.0,1.0,0.0,hypothetical scenario
uniform,0.482,0.3,316912.0,7925000.0,3819850.0,95073.59999999999,164672.30565848039,152706.33057984163,False,7925000.0,24.96457842163744,0.9985831368654976,0.0,hypothetical scenario
uniform,0.484,0.3,316912.0,7925000.0,3835700.0,95073.59999999999,164672.30565848039,153341.84416899574,False,7925000.0,24.91633764531102,0.9966535058124408,0.0,hypothetical scenario
uniform,0.486,0.3,316912.0,7925000.0,3851550.0,95073.59999999999,164672.30565848039,153978.5905716921,False,7925000.0,24.868003288165312,0.9947201315266124,0.0,hypothetical scenario
uniform,0.488,0.3,316912.0,7925000.0,3867400.0,95073.59999999999,164672.30565848039,154616.57699038083,False,7924999.999999999,24.81957480347434,0.9927829921389736,0.0,hypothetical scenario
uniform,0.49,0.3,316912.0,7925000.0,3883250.0,95073.59999999999,164672.30565848039,155255.81069791754,False,7925000.0,24.771051639167766,0.9908420655667106,0.0,hypothetical scenario
uniform,0.492,0.3,316912.0,7925000.0,3899100.0,95073.59999999999,164672.30565848039,155896.29903853103,False,7925000.0,24.722433237757432,0.9888973295102973,0.0,hypothetical scenario
uniform,0.494,0.3,316912.0,7925000.0,3914950.0,95073.59999999999,164672.30565848039,156538.04942880728,False,7925000.000000001,24.67371903626268,0.9869487614505071,0.0,hypothetical scenario
uniform,0.496,0.3,316912.0,7925000.0,3930800.0,95073.59999999999,164672.30565848039,157181.06935869198,False,7924999.999999999,24.624908466134215,0.9849963386453686,0.0,hypothetical scenario
uniform,0.498,0.3,316912.0,7925000.0,3946650.0,95073.59999999999,164672.30565848039,157825.36639250972,False,7925000.0,24.576000953176788,0.9830400381270715,0.0,hypothetical scenario
uniform,0.5,0.3,316912.0,7925000.0,3962500.0,95073.59999999999,164672.30565848039,158470.94817000302,False,7925000.0,24.526995917470284,0.9810798366988114,0.0,hypothetical scenario
uniform,0.502,0.3,316912.0,7925000.0,3978350.0,95073.59999999999,164672.30565848039,159117.8224073886,False,7925000.0,24.477892773289565,0.9791157109315826,0.0,hypothetical scenario
uniform,0.504,0.3,316912.0,7925000.0,3994200.0,95073.59999999999,164672.30565848039,159765.99689843366,False,7925000.000000001,24.428690929022768,0.9771476371609107,0.0,hypothetical scenario
uniform,0.506,0.3,316912.0,7925000.0,4010050.0,95073.59999999999,164672.30565848039,160415.4795155516,False,7924999.999999999,24.379389787088122,0.975175591483525,0.0,hypothetical scenario
uniform,0.508,0.3,316912.0,7925000.0,4025900.0,95073.59999999999,164672.30565848039,161066.27821091708,False,7925000.0,24.329988743849313,0.9731995497539725,0.0,hypothetical scenario
uniform,0.51,0.3,316912.0,7925000.0,4041750.0,95073.59999999999,164672.30565848039,161718.4010176027,False,7925000.0,24.280487189529207,0.9712194875811683,0.0,hypothetical scenario
uniform,0.512,0.3,316912.0,7925000.0,4057600.0,95073.59999999999,164672.30565848039,162371.8560507354,False,7925000.0,24.230884508122056,0.9692353803248822,0.0,hypothetical scenario
uniform,0.514,0.3,316912.0,7925000.0,4073450.0,95073.59999999999,164672.30565848039,163026.65150867467,False,7925000.0,24.181180077304067,0.9672472030921626,0.0,hypothetical scenario
uniform,0.516,0.3,316912.0,7925000.0,4089300.0,95073.59999999999,164672.30565848039,163682.79567421292,False,7925000.0,24.131373268342283,0.9652549307336913,0.0,hypothetical scenario
uniform,0.518,0.3,316912.0,7925000.0,4105150.0,95073.59999999999,164672.30565848039,164340.29691579757,False,7925000.0,24.081463446001827,0.9632585378400731,0.0,hypothetical scenario
uniform,0.52,0.3,316912.0,7925000.0,4121000.0,95073.59999999999,164672.30565848039,164999.1636887766,False,7925000.0,24.031449968451334,0.9612579987380534,0.0,hypothetical scenario
uniform,0.522,0.3,316912.0,7925000.0,4136850.0,95073.59999999999,164672.30565848039,165659.40453666693,False,7925000.0,23.981332187166696,0.9592532874866678,0.0,hypothetical scenario
uniform,0.524,0.3,316912.0,7925000.0,4152700.0,95073.59999999999,164672.30565848039,166321.0280924472,False,7925000.0,23.9311094468329,0.957244377873316,0.0,hypothetical scenario
uniform,0.526,0.3,316912.0,7925000.0,4168550.0,95073.59999999999,164672.30565848039,166984.04307987448,False,7925000.0,23.880781085244102,0.9552312434097641,0.0,hypothetical scenario
uniform,0.528,0.3,316912.0,7925000.0,4184400.0,95073.59999999999,164672.30565848039,167648.45831482665,False,7924999.999999999,23.830346433201722,0.9532138573280688,0.0,hypothetical scenario
uniform,0.53,0.3,316912.0,7925000.0,4200250.0,95073.59999999999,164672.30565848039,168314.28270666976,False,7924999.999999999,23.779804814410642,0.9511921925764257,0.0,hypothetical scenario
uniform,0.532,0.3,316912.0,7925000.0,4216100.0,95073.59999999999,164672.30565848039,168981.52525965212,False,7925000.0,23.729155545373402,0.949166221814936,0.0,hypothetical scenario
uniform,0.534,0.3,316912.0,7925000.0,4231950.0,95073.59999999999,164672.30565848039,169650.19507432485,False,7925000.000000001,23.678397935282337,0.9471359174112934,0.0,hypothetical scenario
uniform,0.536,0.3,316912.0,7925000.0,4247800.0,95073.59999999999,164672.30565848039,170320.30134899035,False,7924999.999999999,23.62753128590967,0.9451012514363868,0.0,hypothetical scenario
uniform,0.538,0.3,316912.0,7925000.0,4263650.0,95073.59999999999,164672.30565848039,170991.85338117805,False,7924999.999999999,23.576554891495448,0.943062195659818,0.0,hypothetical scenario
uniform,0.54,0.3,316912.0,7925000.0,4279500.0,95073.59999999999,164672.30565848039,171664.86056915007,False,7924999.999999999,23.52546803863327,0.9410187215453308,0.0,hypothetical scenario
uniform,0.542,0.3,316912.0,7925000.0,4295350.0,95073.59999999999,164672.30565848039,172339.3324134355,False,7925000.0,23.474270006153823,0.9389708002461529,0.0,hypothetical scenario
uniform,0.544,0.3,316912.0,7925000.0,4311200.0,95073.59999999999,164672.30565848039,173015.2785183952,False,7925000.0,23.422960065006105,0.9369184026002442,0.0,hypothetical scenario
uniform,0.546,0.3,316912.0,7925000.0,4327050.0,95073.59999999999,164672.30565848039,173692.70859381754,False,7925000.0,23.37153747813627,0.9348614991254507,0.0,hypothetical scenario
uniform,0.548,0.3,316912.0,7925000.0,4342900.0,95073.59999999999,164672.30565848039,174371.63245654554,False,7925000.0,23.320001500364143,0.9328000600145657,0.0,hypothetical scenario
uniform,0.55,0.3,316912.0,7925000.0,4358750.0,95073.59999999999,164672.30565848039,175052.06003213703,False,7925000.0,23.268351378257194,0.9307340551302877,0.0,hypothetical scenario
uniform,0.552,0.3,316912.0,7925000.0,4374600.0,95073.59999999999,164672.30565848039,175734.0013565572,False,7925000.000000001,23.216586350002043,0.9286634540000818,0.0,hypothetical scenario
uniform,0.554,0.3,316912.0,7925000.0,4390450.0,95073.59999999999,164672.30565848039,176417.4665779061,False,7925000.000000001,23.164705645273344,0.9265882258109337,0.0,hypothetical scenario
uniform,0.556,0.3,316912.0,7925000.0,4406300.0,95073.59999999999,164672.30565848039,177102.46595818043,False,7924999.999999999,23.112708485100057,0.9245083394040023,0.0,hypothetical scenario
uniform,0.558,0.3,316912.0,7925000.0,4422150.0,95073.59999999999,164672.30565848039,177789.0098750709,False,7925000.0,23.060594081728983,0.9224237632691593,0.0,hypothetical scenario
uniform,0.56,0.3,316912.0,7925000.0,4438000.0,95073.59999999999,164672.30565848039,178477.1088237972,False,7925000.0,23.008361638485507,0.9203344655394203,0.0,hypothetical scenario
uniform,0.562,0.3,316912.0,7925000.0,4453850.0,95073.59999999999,164672.30565848039,179166.77341897966,False,7925000.0,22.95601034963151,0.9182404139852604,0.0,hypothetical scenario
uniform,0.5640000000000001,0.3,316912.0,7925000.0,4469700.0,95073.59999999999,164672.30565848039,179858.0143965495,False,7925000.0,22.903539400220364,0.9161415760088145,0.0,hypothetical scenario
uniform,0.5660000000000001,0.3,316912.0,7925000.0,4485550.0,95073.59999999999,164672.30565848039,180550.842615699,False,7924999.999999999,22.850947965948897,0.9140379186379559,0.0,hypothetical scenario
uniform,0.5680000000000001,0.3,316912.0,7925000.0,4501400.000000001,95073.59999999999,164672.30565848039,181245.26906087168,False,7925000.000000001,22.79823521300633,0.9119294085202532,0.0,hypothetical scenario
uniform,0.5700000000000001,0.3,316912.0,7925000.0,4517250.000000001,95073.59999999999,164672.30565848039,181941.30484379455,False,7925000.0,22.74540029792,0.9098160119168,0.0,hypothetical scenario
uniform,0.5720000000000001,0.3,316912.0,7925000.0,4533100.000000001,95073.59999999999,164672.30565848039,182638.9612055521,False,7925000.000000001,22.692442367397938,0.9076976946959175,0.0,hypothetical scenario
uniform,0.5740000000000001,0.3,316912.0,7925000.0,4548950.000000001,95073.59999999999,164672.30565848039,183338.24951870512,False,7924999.999999999,22.63936055816803,0.9055744223267211,0.0,hypothetical scenario
uniform,0.5760000000000001,0.3,316912.0,7925000.0,4564800.000000001,95073.59999999999,164672.30565848039,184039.18128945283,False,7924999.999999999,22.586153996813884,0.9034461598725554,0.0,hypothetical scenario
uniform,0.578,0.3,316912.0,7925000.0,4580650.0,95073.59999999999,164672.30565848039,184741.76815984253,False,7925000.0,22.532821799607117,0.9013128719842847,0.0,hypothetical scenario
uniform,0.58,0.3,316912.0,7925000.0,4596500.0,95073.59999999999,164672.30565848039,185446.02191002562,False,7925000.0,22.479363072336085,0.8991745228934434,0.0,hypothetical scenario
uniform,0.582,0.3,316912.0,7925000.0,4612350.0,95073.59999999999,164672.30565848039,186151.95446056162,False,7925000.0,22.425776910131002,0.89703107640524,0.0,hypothetical scenario
uniform,0.584,0.3,316912.0,7925000.0,4628200.0,95073.59999999999,164672.30565848039,186859.5778747729,False,7924999.999999999,22.3720623972852,0.8948824958914081,0.0,hypothetical scenario
uniform,0.586,0.3,316912.0,7925000.0,4644050.0,95073.59999999999,164672.30565848039,187568.90436114935,False,7925000.0,22.318218607072566,0.8927287442829026,0.0,hypothetical scenario
uniform,0.588,0.3,316912.0,7925000.0,4659900.0,95073.59999999999,164672.30565848039,188279.94627580652,False,7925000.0,22.26424460156099,0.8905697840624396,0.0,hypothetical scenario
uniform,0.59,0.3,316912.0,7925000.0,4675750.0,95073.59999999999,164672.30565848039,188992.71612499643,False,7924999.999999999,22.210139431421748,0.88840557725687,0.0,hypothetical scenario
uniform,0.592,0.3,316912.0,7925000.0,4691600.0,95073.59999999999,164672.30565848039,189707.22656767396,False,7925000.0,22.155902135734685,0.8862360854293874,0.0,hypothetical scenario
uniform,0.594,0.3,316912.0,7925000.0,4707450.0,95073.59999999999,164672.30565848039,190423.49041812052,False,7925000.0,22.10153174178908,0.8840612696715633,0.0,hypothetical scenario
uniform,0.596,0.3,316912.0,7925000.0,4723300.0,95073.59999999999,164672.30565848039,191141.52064862504,False,7925000.0,22.047027264880132,0.8818810905952053,0.0,hypothetical scenario
uniform,0.598,0.3,316912.0,7925000.0,4739150.0,95073.59999999999,164672.30565848039,191861.33039222512,False,7925000.0,21.992387708100853,0.8796955083240341,0.0,hypothetical scenario
uniform,0.6,0.3,316912.0,7925000.0,4755000.0,95073.59999999999,164672.30565848039,192582.93294550997,False,7925000.0,21.93761206212935,0.877504482485174,0.0,hypothetical scenario
uniform,0.602,0.3,316912.0,7925000.0,4770850.0,95073.59999999999,164672.30565848039,193306.3417714858,False,7925000.0,21.882699305011272,0.8753079722004509,0.0,hypothetical scenario
uniform,0.604,0.3,316912.0,7925000.0,4786700.0,95073.59999999999,164672.30565848039,194031.57050250686,False,7925000.0,21.827648401937356,0.8731059360774942,0.0,hypothetical scenario
uniform,0.606,0.3,316912.0,7925000.0,4802550.0,95073.59999999999,164672.30565848039,194758.63294327253,False,7925000.0,21.772458305015903,0.8708983322006361,0.0,hypothetical scenario
uniform,0.608,0.3,316912.0,7925000.0,4818400.0,95073.59999999999,164672.30565848039,195487.54307389323,False,7925000.0,21.71712795304005,0.868685118121602,0.0,hypothetical scenario
uniform,0.61,0.3,316912.0,7925000.0,4834250.0,95073.59999999999,164672.30565848039,196218.315053027,False,7925000.0,21.661656271249687,0.8664662508499874,0.0,hypothetical scenario
uniform,0.612,0.3,316912.0,7925000.0,4850100.0,95073.59999999999,164672.30565848039,196950.9632210881,False,7925000.0,21.606042171087896,0.8642416868435159,0.0,hypothetical scenario
uniform,0.614,0.3,316912.0,7925000.0,4865950.0,95073.59999999999,164672.30565848039,197685.50210353074,False,7924999.999999999,21.55028454995168,0.8620113819980673,0.0,hypothetical scenario
uniform,0.616,0.3,316912.0,7925000.0,4881800.0,95073.59999999999,164672.30565848039,198421.94641420868,False,7924999.999999999,21.494382290936944,0.8597752916374778,0.0,hypothetical scenario
uniform,0.618,0.3,316912.0,7925000.0,4897650.0,95073.59999999999,164672.30565848039,199160.31105881452,False,7925000.0,21.43833426257743,0.8575333705030972,0.0,hypothetical scenario
uniform,0.62,0.3,316912.0,7925000.0,4913500.0,95073.59999999999,164672.30565848039,199900.61113839957,False,7925000.0,21.38213931857753,0.8552855727431011,0.0,hypothetical scenario
uniform,0.622,0.3,316912.0,7925000.0,4929350.0,95073.59999999999,164672.30565848039,200642.86195297743,False,7925000.0,21.32579629753873,0.8530318519015492,0.0,hypothetical scenario
uniform,0.624,0.3,316912.0,7925000.0,4945200.0,95073.59999999999,164672.30565848039,201387.07900521322,False,7925000.0,21.269304022679588,0.8507721609071836,0.0,hypothetical scenario
uniform,0.626,0.3,316912.0,7925000.0,4961050.0,95073.59999999999,164672.30565848039,202133.27800420165,False,7924999.999999999,21.212661301548934,0.8485064520619574,0.0,hypothetical scenario
uniform,0.628,0.3,316912.0,7925000.0,4976900.0,95073.59999999999,164672.30565848039,202881.47486933577,False,7925000.000000001,21.155866925732195,0.8462346770292878,0.0,hypothetical scenario
uniform,0.63,0.3,316912.0,7925000.0,4992750.0,95073.59999999999,164672.30565848039,203631.68573426985,False,7924999.999999999,21.098919670550593,0.8439567868220237,0.0,hypothetical scenario
uniform,0.632,0.3,316912.0,7925000.0,5008600.0,95073.59999999999,164672.30565848039,204383.926950978,False,7925000.0,21.041818294753057,0.8416727317901223,0.0,hypothetical scenario
uniform,0.634,0.3,316912.0,7925000.0,5024450.0,95073.59999999999,164672.30565848039,205138.21509391326,False,7925000.0,20.984561540200502,0.8393824616080201,0.0,hypothetical scenario
uniform,0.636,0.3,316912.0,7925000.0,5040300.0,95073.59999999999,164672.30565848039,205894.56696426828,False,7925000.000000001,20.927148131542427,0.8370859252616971,0.0,hypothetical scenario
uniform,0.638,0.3,316912.0,7925000.0,5056150.0,95073.59999999999,164672.30565848039,206652.9995943418,False,7925000.000000001,20.869576775885452,0.834783071035418,0.0,hypothetical scenario
uniform,0.64,0.3,316912.0,7925000.0,5072000.0,95073.59999999999,164672.30565848039,207413.53025201382,False,7925000.0,20.811846162453605,0.8324738464981443,0.0,hypothetical scenario
uniform,0.642,0.3,316912.0,7925000.0,5087850.0,95073.59999999999,164672.30565848039,208176.17644533276,False,7925000.0,20.753954962240147,0.8301581984896059,0.0,hypothetical scenario
uniform,0.644,0.3,316912.0,7925000.0,5103700.0,95073.59999999999,164672.30565848039,208940.95592721825,False,7925000.0,20.695901827650566,0.8278360731060226,0.0,hypothetical scenario
uniform,0.646,0.3,316912.0,7925000.0,5119550.0,95073.59999999999,164672.30565848039,209707.88670028275,False,7925000.0,20.63768539213658,0.8255074156854632,0.0,hypothetical scenario
uniform,0.648,0.3,316912.0,7925000.0,5135400.0,95073.59999999999,164672.30565848039,210476.9870217761,False,7925000.0,20.579304269820813,0.8231721707928326,0.0,hypothetical scenario
uniform,0.65,0.3,316912.0,7925000.0,5151250.0,95073.59999999999,164672.30565848039,211248.2754086567,False,7925000.0,20.52075705511185,0.8208302822044741,0.0,hypothetical scenario
uniform,0.652,0.3,316912.0,7925000.0,5167100.0,95073.59999999999,164672.30565848039,212021.77064279298,False,7925000.0,20.462042322309383,0.8184816928923753,0.0,hypothetical scenario
uniform,0.654,0.3,316912.0,7925000.0,5182950.0,95073.59999999999,164672.30565848039,212797.4917763002,False,7925000.0,20.403158625199136,0.8161263450079654,0.0,hypothetical scenario
uniform,0.656,0.3,316912.0,7925000.0,5198800.0,95073.59999999999,164672.30565848039,213575.4581370154,False,7924999.999999999,20.344104496637236,0.8137641798654894,0.0,hypothetical scenario
uniform,0.658,0.3,316912.0,7925000.0,5214650.0,95073.59999999999,164672.30565848039,214355.6893341167,False,7925000.0,20.284878448123695,0.8113951379249478,0.0,hypothetical scenario
uniform,0.66,0.3,316912.0,7925000.0,5230500.0,95073.59999999999,164672.30565848039,215138.20526389015,False,7925000.0,20.225478969364623,0.809019158774585,0.0,hypothetical scenario
uniform,0.662,0.3,316912.0,7925000.0,5246350.0,95073.59999999999,164672.30565848039,215923.02611564944,False,7925000.0,20.165904527822903,0.8066361811129161,0.0,hypothetical scenario
uniform,0.664,0.3,316912.0,7925000.0,5262200.0,95073.59999999999,164672.30565848039,216710.17237781396,False,7925000.0,20.106153568256804,0.8042461427302722,0.0,hypothetical scenario
uniform,0.666,0.3,316912.0,7925000.0,5278050.0,95073.59999999999,164672.30565848039,217499.66484414914,False,7925000.0,20.046224512246276,0.8018489804898511,0.0,hypothetical scenario
uniform,0.668,0.3,316912.0,7925000.0,5293900.0,95073.59999999999,164672.30565848039,218291.52462017612,False,7925000.0,19.986115757706422,0.7994446303082569,0.0,hypothetical scenario
uniform,0.67,0.3,316912.0,7925000.0,5309750.0,95073.59999999999,164672.30565848039,219085.77312975458,False,7924999.999999999,19.925825678387795,0.7970330271355118,0.0,hypothetical scenario
uniform,0.672,0.3,316912.0,7925000.0,5325600.0,95073.59999999999,164672.30565848039,219882.4321218459,False,7925000.0,19.865352623363027,0.7946141049345211,0.0,hypothetical scenario
uniform,0.674,0.3,316912.0,7925000.0,5341450.0,95073.59999999999,164672.30565848039,220681.5236774622,False,7925000.0,19.80469491649931,0.7921877966599724,0.0,hypothetical scenario
uniform,0.676,0.3,316912.0,7925000.0,5357300.0,95073.59999999999,164672.30565848039,221483.07021680698,False,7925000.0,19.743850855916413,0.7897540342366566,0.0,hypothetical scenario
uniform,0.678,0.3,316912.0,7925000.0,5373150.0,95073.59999999999,164672.30565848039,222287.0945066153,False,7925000.0,19.68281871342946,0.7873127485371784,0.0,hypothetical scenario
uniform,0.68,0.3,316912.0,7925000.0,5389000.0,95073.59999999999,164672.30565848039,223093.6196676985,False,7925000.0,19.621596733976226,0.7848638693590491,0.0,hypothetical scenario
uniform,0.682,0.3,316912.0,7925000.0,5404850.0,95073.59999999999,164672.30565848039,223902.6691827022,False,7925000.0,19.560183135028264,0.7824073254011306,0.0,hypothetical scenario
uniform,0.684,0.3,316912.0,7925000.0,5420700.0,95073.59999999999,164672.30565848039,224714.26690408384,False,7925000.0,19.49857610598532,0.7799430442394129,0.0,hypothetical scenario
uniform,0.686,0.3,316912.0,7925000.0,5436550.0,95073.59999999999,164672.30565848039,225528.4370623178,False,7925000.0,19.43677380755251,0.7774709523021004,0.0,hypothetical scenario
uniform,0.6880000000000001,0.3,316912.0,7925000.0,5452400.0,95073.59999999999,164672.30565848039,226345.2042743363,False,7925000.0,19.374774371099573,0.7749909748439829,0.0,hypothetical scenario
uniform,0.6900000000000001,0.3,316912.0,7925000.0,5468250.0,95073.59999999999,164672.30565848039,227164.593552214,False,7925000.0,19.312575898001654,0.7725030359200662,0.0,hypothetical scenario
uniform,0.6920000000000001,0.3,316912.0,7925000.0,5484100.000000001,95073.59999999999,164672.30565848039,227986.63031210515,False,7925000.0,19.250176458960887,0.7700070583584355,0.0,hypothetical scenario
uniform,0.6940000000000001,0.3,316912.0,7925000.0,5499950.000000001,95073.59999999999,164672.30565848039,228811.34038344224,False,7925000.0,19.187574093308136,0.7675029637323254,0.0,hypothetical scenario
uniform,0.6960000000000001,0.3,316912.0,7925000.0,5515800.000000001,95073.59999999999,164672.30565848039,229638.7500184062,False,7925000.0,19.124766808284146,0.7649906723313659,0.0,hypothetical scenario
uniform,0.6980000000000001,0.3,316912.0,7925000.0,5531650.000000001,95073.59999999999,164672.30565848039,230468.8859016765,False,7925000.0,19.06175257829942,0.7624701031319767,0.0,hypothetical scenario
uniform,0.7000000000000001,0.3,316912.0,7925000.0,5547500.000000001,95073.59999999999,164672.30565848039,231301.77516047316,False,7925000.0,18.99852934417194,0.7599411737668775,0.0,hypothetical scenario
uniform,0.7020000000000001,0.3,316912.0,7925000.0,5563350.000000001,95073.59999999999,164672.30565848039,232137.44537490013,False,7925000.0,18.935095012342025,0.757403800493681,0.0,hypothetical scenario
uniform,0.704,0.3,316912.0,7925000.0,5579200.0,95073.59999999999,164672.30565848039,232975.92458860148,False,7925000.0,18.87144745406344,0.7548578981625376,0.0,hypothetical scenario
uniform,0.706,0.3,316912.0,7925000.0,5595050.0,95073.59999999999,164672.30565848039,233817.2413197426,False,7925000.0,18.80758450456983,0.7523033801827933,0.0,hypothetical scenario
uniform,0.708,0.3,316912.0,7925000.0,5610900.0,95073.59999999999,164672.30565848039,234661.42457232767,False,7925000.0,18.74350396221562,0.7497401584886247,0.0,hypothetical scenario
uniform,0.71,0.3,316912.0,7925000.0,5626750.0,95073.59999999999,164672.30565848039,235508.50384786676,False,7925000.0,18.679203587590404,0.7471681435036162,0.0,hypothetical scenario
uniform,0.712,0.3,316912.0,7925000.0,5642600.0,95073.59999999999,164672.30565848039,236358.50915740567,False,7925000.0,18.614681102605758,0.7445872441042303,0.0,hypothetical scenario
uniform,0.714,0.3,316912.0,7925000.0,5658450.0,95073.59999999999,164672.30565848039,237211.47103393258,False,7925000.0,18.54993418955349,0.7419973675821396,0.0,hypothetical scenario
uniform,0.716,0.3,316912.0,7925000.0,5674300.0,95073.59999999999,164672.30565848039,238067.42054517518,False,7925000.0,18.484960490134217,0.7393984196053687,0.0,hypothetical scenario
uniform,0.718,0.3,316912.0,7925000.0,5690150.0,95073.59999999999,164672.30565848039,238926.3893068048,False,7925000.0,18.419757604455075,0.736790304178203,0.0,hypothetical scenario
uniform,0.72,0.3,316912.0,7925000.0,5706000.0,95073.59999999999,164672.30565848039,239788.4094960623,False,7925000.0,18.354323089995397,0.7341729235998159,0.0,hypothetical scenario
uniform,0.722,0.3,316912.0,7925000.0,5721850.0,95073.59999999999,164672.30565848039,240653.5138658227,False,7925000.0,18.288654460539075,0.731546178421563,0.0,hypothetical scenario
uniform,0.724,0.3,316912.0,7925000.0,5737700.0,95073.59999999999,164672.30565848039,241521.73575911633,False,7925000.0,18.222749185072303,0.7289099674028922,0.0,hypothetical scenario
uniform,0.726,0.3,316912.0,7925000.0,5753550.0,95073.59999999999,164672.30565848039,242393.10912412388,False,7925000.0,18.156604686645323,0.7262641874658129,0.0,hypothetical scenario
uniform,0.728,0.3,316912.0,7925000.0,5769400.0,95073.59999999999,164672.30565848039,243267.66852966548,False,7925000.0,18.090218341196675,0.7236087336478669,0.0,hypothetical scenario
uniform,0.73,0.3,316912.0,7925000.0,5785250.0,95073.59999999999,164672.30565848039,244145.44918120254,False,7925000.0,18.023587476338506,0.7209434990535403,0.0,hypothetical scenario
uniform,0.732,0.3,316912.0,7925000.0,5801100.0,95073.59999999999,164672.30565848039,245026.48693737484,False,7925000.0,17.956709370101294,0.7182683748040517,0.0,hypothetical scenario
uniform,0.734,0.3,316912.0,7925000.0,5816950.0,95073.59999999999,164672.30565848039,245910.81832709318,False,7925000.0,17.88958124963637,0.7155832499854549,0.0,hypothetical scenario
uniform,0.736,0.3,316912.0,7925000.0,5832800.0,95073.59999999999,164672.30565848039,246798.4805672121,False,7925000.0,17.82220028987439,0.7128880115949756,0.0,hypothetical scenario
uniform,0.738,0.3,316912.0,7925000.0,5848650.0,95073.59999999999,164672.30565848039,247689.51158080596,False,7925000.0,17.75456361213805,0.710182544485522,0.0,hypothetical scenario
uniform,0.74,0.3,316912.0,7925000.0,5864500.0,95073.59999999999,164672.30565848039,248583.9500160741,False,7925000.0,17.686668282707007,0.7074667313082803,0.0,hypothetical scenario
uniform,0.742,0.3,316912.0,7925000.0,5880350.0,95073.59999999999,164672.30565848039,249481.8352659016,False,7925000.0,17.61851131133308,0.7047404524533232,0.0,hypothetical scenario
uniform,0.744,0.3,316912.0,7925000.0,5896200.0,95073.59999999999,164672.30565848039,250383.20748810406,False,7925000.0,17.55008964970348,0.7020035859881392,0.0,hypothetical scenario
uniform,0.746,0.3,316912.0,7925000.0,5912050.0,95073.59999999999,164672.30565848039,251288.107626385,False,7925000.0,17.48140018984998,0.6992560075939991,0.0,hypothetical scenario
uniform,0.748,0.3,316912.0,7925000.0,5927900.0,95073.59999999999,164672.30565848039,252196.57743203803,False,7925000.0,17.41243976250153,0.6964975905000612,0.0,hypothetical scenario
uniform,0.75,0.3,316912.0,7925000.0,5943750.0,95073.59999999999,164672.30565848039,253108.65948642493,False,7925000.0,17.343205135378003,0.6937282054151201,0.0,hypothetical scenario
uniform,0.752,0.3,316912.0,7925000.0,5959600.0,95073.59999999999,164672.30565848039,254024.39722426524,False,7925000.0,17.2736930114223,0.690947720456892,0.0,hypothetical scenario
uniform,0.754,0.3,316912.0,7925000.0,5975450.0,95073.59999999999,164672.30565848039,254943.8349577724,False,7925000.0,17.20390002696822,0.6881560010787289,0.0,hypothetical scenario
uniform,0.756,0.3,316912.0,7925000.0,5991300.0,95073.59999999999,164672.30565848039,255867.01790167482,False,7925000.0,17.13382274984117,0.6853529099936467,0.0,hypothetical scenario
uniform,0.758,0.3,316912.0,7925000.0,6007150.0,95073.59999999999,164672.30565848039,256793.99219916193,False,7925000.0,17.06345767738861,0.6825383070955443,0.0,hypothetical scenario
uniform,0.76,0.3,316912.0,7925000.0,6023000.0,95073.59999999999,164672.30565848039,257724.80494879698,False,7925000.0,16.99280123443718,0.6797120493774872,0.0,hypothetical scenario
uniform,0.762,0.3,316912.0,7925000.0,6038850.0,95073.59999999999,164672.30565848039,258659.50423244154,False,7925000.0,16.921849771172994,0.6768739908469198,0.0,hypothetical scenario
uniform,0.764,0.3,316912.0,7925000.0,6054700.0,95073.59999999999,164672.30565848039,259598.13914423803,False,7925000.0,16.850599560941593,0.6740239824376637,0.0,hypothetical scenario
uniform,0.766,0.3,316912.0,7925000.0,6070550.0,95073.59999999999,164672.30565848039,260540.75982069975,False,7925000.0,16.7790467979639,0.671161871918556,0.0,hypothetical scenario
uniform,0.768,0.3,316912.0,7925000.0,6086400.0,95073.59999999999,164672.30565848039,261487.4174719612,False,7925000.0,16.707187594964036,0.6682875037985615,0.0,hypothetical scenario
uniform,0.77,0.3,316912.0,7925000.0,6102250.0,95073.59999999999,164672.30565848039,262438.1644142431,False,7925000.0,16.635017980704973,0.6654007192281989,0.0,hypothetical scenario
uniform,0.772,0.3,316912.0,7925000.0,6118100.0,95073.59999999999,164672.30565848039,263393.0541035903,False,7925000.0,16.562533897427514,0.6625013558971006,0.0,hypothetical scenario
uniform,0.774,0.3,316912.0,7925000.0,6133950.0,95073.59999999999,164672.30565848039,264352.1411709455,False,7925000.000000001,16.48973119818795,0.659589247927518,0.0,hypothetical scenario
uniform,0.776,0.3,316912.0,7925000.0,6149800.0,95073.59999999999,164672.30565848039,265315.48145862145,False,7925000.0,16.416605644089476,0.6566642257635791,0.0,hypothetical scenario
uniform,0.778,0.3,316912.0,7925000.0,6165650.0,95073.59999999999,164672.30565848039,266283.1320582429,False,7925000.0,16.343152901402107,0.6537261160560842,0.0,hypothetical scenario
uniform,0.78,0.3,316912.0,7925000.0,6181500.0,95073.59999999999,164672.30565848039,267255.15135023027,False,7925000.0,16.269368538565526,0.650774741542621,0.0,hypothetical scenario
uniform,0.782,0.3,316912.0,7925000.0,6197350.0,95073.59999999999,164672.30565848039,268231.59904490167,False,7925000.0,16.195248023069095,0.6478099209227638,0.0,hypothetical scenario
uniform,0.784,0.3,316912.0,7925000.0,6213200.0,95073.59999999999,164672.30565848039,269212.5362252766,False,7925000.0,16.12078671820271,0.6448314687281084,0.0,hypothetical scenario
uniform,0.786,0.3,316912.0,7925000.0,6229050.0,95073.59999999999,164672.30565848039,270198.02539166657,False,7925000.0,16.045979879671993,0.6418391951868797,0.0,hypothetical scenario
uniform,0.788,0.3,316912.0,7925000.0,6244900.0,95073.59999999999,164672.30565848039,271188.1305081463,False,7925000.0,15.970822652070746,0.6388329060828298,0.0,hypothetical scenario
uniform,0.79,0.3,316912.0,7925000.0,6260750.0,95073.59999999999,164672.30565848039,272182.91705100203,False,7925000.0,15.895310065203311,0.6358124026081324,0.0,hypothetical scenario
uniform,0.792,0.3,316912.0,7925000.0,6276600.0,95073.59999999999,164672.30565848039,273182.4520592615,False,7925000.0,15.819437030248936,0.6327774812099575,0.0,hypothetical scenario
uniform,0.794,0.3,316912.0,7925000.0,6292450.0,95073.59999999999,164672.30565848039,274186.8041874155,False,7925000.0,15.74319833575976,0.6297279334303904,0.0,hypothetical scenario
uniform,0.796,0.3,316912.0,7925000.0,6308300.0,95073.59999999999,164672.30565848039,275196.0437604489,False,7924999.999999999,15.666588643483504,0.6266635457393401,0.0,hypothetical scenario
uniform,0.798,0.3,316912.0,7925000.0,6324150.0,95073.59999999999,164672.30565848039,276210.24283130514,False,7925000.0,15.58960248400144,0.6235840993600577,0.0,hypothetical scenario
uniform,0.8,0.3,316912.0,7925000.0,6340000.0,95073.59999999999,164672.30565848039,277229.4752409181,False,7925000.0,15.512234252171467,0.6204893700868587,0.0,hypothetical scenario
uniform,0.802,0.3,316912.0,7925000.0,6355850.0,95073.59999999999,164672.30565848039,278253.8166809522,False,7925000.0,15.434478202365606,0.6173791280946243,0.0,hypothetical scenario
uniform,0.804,0.3,316912.0,7925000.0,6371700.0,95073.59999999999,164672.30565848039,279283.34475940105,False,7925000.0,15.356328443490547,0.6142531377396219,0.0,hypothetical scenario
uniform,0.806,0.3,316912.0,7925000.0,6387550.0,95073.59999999999,164672.30565848039,280318.1390692076,False,7925000.0,15.277778933778768,0.6111111573511507,0.0,hypothetical scenario
uniform,0.808,0.3,316912.0,7925000.0,6403400.0,95073.59999999999,164672.30565848039,281358.2812600746,False,7925000.0,15.198823475337553,0.6079529390135021,0.0,hypothetical scenario
uniform,0.81,0.3,316912.0,7925000.0,6419250.0,95073.59999999999,164672.30565848039,282403.8551136513,False,7925000.0,15.119455708441674,0.6047782283376669,0.0,hypothetical scenario
uniform,0.812,0.3,316912.0,7925000.0,6435100.0,95073.59999999999,164672.30565848039,283454.9466222911,False,7925000.0,15.039669105555053,0.6015867642222021,0.0,hypothetical scenario
uniform,0.8140000000000001,0.3,316912.0,7925000.0,6450950.0,95073.59999999999,164672.30565848039,284511.64407158934,False,7925000.0,14.959456965065431,0.5983782786026173,0.0,hypothetical scenario
uniform,0.8160000000000001,0.3,316912.0,7925000.0,6466800.0,95073.59999999999,164672.30565848039,285574.0381269264,False,7925000.0,14.878812404715042,0.5951524961886017,0.0,hypothetical scenario
uniform,0.8180000000000001,0.3,316912.0,7925000.0,6482650.000000001,95073.59999999999,164672.30565848039,286642.2219242557,False,7925000.000000001,14.797728354709037,0.5919091341883614,0.0,hypothetical scenario
uniform,0.8200000000000001,0.3,316912.0,7925000.0,6498500.000000001,95073.59999999999,164672.30565848039,287716.291165394,False,7925000.0,14.716197550482166,0.5886479020192866,0.0,hypothetical scenario
uniform,0.8220000000000001,0.3,316912.0,7925000.0,6514350.000000001,95073.59999999999,164672.30565848039,288796.34421808954,False,7925000.0,14.634212525102772,0.5853685010041109,0.0,hypothetical scenario
uniform,0.8240000000000001,0.3,316912.0,7925000.0,6530200.000000001,95073.59999999999,164672.30565848039,289882.48222116474,False,7925000.000000001,14.551765601291567,0.5820706240516627,0.0,hypothetical scenario
uniform,0.8260000000000001,0.3,316912.0,7925000.0,6546050.000000001,95073.59999999999,164672.30565848039,290974.8091950517,False,7925000.0,14.468848883031091,0.5787539553212436,0.0,hypothetical scenario
uniform,0.8280000000000001,0.3,316912.0,7925000.0,6561900.000000001,95073.59999999999,164672.30565848039,292073.4321580611,False,7925000.0,14.38545424673992,0.5754181698695968,0.0,hypothetical scenario
uniform,0.8300000000000001,0.3,316912.0,7925000.0,6577750.000000001,95073.59999999999,164672.30565848039,293178.46124875406,False,7925000.0,14.301573331983624,0.572062933279345,0.0,hypothetical scenario
uniform,0.8320000000000001,0.3,316912.0,7925000.0,6593600.000000001,95073.59999999999,164672.30565848039,294290.0098548118,False,7925000.0,14.217197531692479,0.5686879012676992,0.0,hypothetical scenario
uniform,0.834,0.3,316912.0,7925000.0,6609450.0,95073.59999999999,164672.30565848039,295408.1947488306,False,7925000.0,14.132317981853525,0.565292719274141,0.0,hypothetical scenario
uniform,0.836,0.3,316912.0,7925000.0,6625300.0,95073.59999999999,164672.30565848039,296533.1362315018,False,7925000.000000001,14.046925550641967,0.5618770220256787,0.0,hypothetical scenario
uniform,0.838,0.3,316912.0,7925000.0,6641150.0,95073.59999999999,164672.30565848039,297664.9582826744,False,7925000.0,13.961010826954315,0.5584404330781726,0.0,hypothetical scenario
uniform,0.84,0.3,316912.0,7925000.0,6657000.0,95073.59999999999,164672.30565848039,298803.78872083605,False,7925000.0,13.874564108302401,0.554982564332096,0.0,hypothetical scenario
uniform,0.842,0.3,316912.0,7925000.0,6672850.0,95073.59999999999,164672.30565848039,299949.75937159534,False,7925000.0,13.787575388024203,0.5515030155209681,0.0,hypothetical scenario
uniform,0.844,0.3,316912.0,7925000.0,6688700.0,95073.59999999999,164672.30565848039,301103.0062457914,False,7925000.0,13.700034341763837,0.5480013736705535,0.0,hypothetical scenario
uniform,0.846,0.3,316912.0,7925000.0,6704550.0,95073.59999999999,164672.30565848039,302263.66972791386,False,7925000.0,13.611930313168887,0.5444772125267555,0.0,hypothetical scenario
uniform,0.848,0.3,316912.0,7925000.0,6720400.0,95073.59999999999,164672.30565848039,303431.8947755713,False,7925000.0,13.523252298749124,0.540930091949965,0.0,hypothetical scenario
uniform,0.85,0.3,316912.0,7925000.0,6736250.0,95073.59999999999,164672.30565848039,304607.83113081055,False,7925000.0,13.433988931835591,0.5373595572734237,0.0,hypothetical scenario
uniform,0.852,0.3,316912.0,7925000.0,6752100.0,95073.59999999999,164672.30565848039,305791.6335441597,False,7925000.0,13.344128465573865,0.5337651386229546,0.0,hypothetical scenario
uniform,0.854,0.3,316912.0,7925000.0,6767950.0,95073.59999999999,164672.30565848039,306983.4620123423,False,7925000.0,13.253658754879588,0.5301463501951835,0.0,hypothetical scenario
uniform,0.856,0.3,316912.0,7925000.0,6783800.0,95073.59999999999,164672.30565848039,308183.4820306981,False,7925000.0,13.162567237277612,0.5265026894911045,0.0,hypothetical scenario
uniform,0.858,0.3,316912.0,7925000.0,6799650.0,95073.59999999999,164672.30565848039,309391.8648614369,False,7925000.0,13.070840912539309,0.5228336365015723,0.0,hypothetical scenario
uniform,0.86,0.3,316912.0,7925000.0,6815500.0,95073.59999999999,164672.30565848039,310608.78781895625,False,7925000.0,12.978466321024573,0.5191386528409829,0.0,hypothetical scenario
uniform,0.862,0.3,316912.0,7925000.0,6831350.0,95073.59999999999,164672.30565848039,311834.4345735705,False,7925000.0,12.885429520626257,0.5154171808250503,0.0,hypothetical scenario
uniform,0.864,0.3,316912.0,7925000.0,6847200.0,95073.59999999999,164672.30565848039,313068.9954751216,False,7925000.0,12.791716062205424,0.511668642488217,0.0,hypothetical scenario
uniform,0.866,0.3,316912.0,7925000.0,6863050.0,95073.59999999999,164672.30565848039,314312.6678980886,False,7925000.000000001,12.697310963394647,0.5078924385357859,0.0,hypothetical scenario
uniform,0.868,0.3,316912.0,7925000.0,6878900.0,95073.59999999999,164672.30565848039,315565.65660996595,False,7925000.0,12.602198680635032,0.5040879472254013,0.0,hypothetical scenario
uniform,0.87,0.3,316912.0,7925000.0,6894750.0,95073.59999999999,164672.30565848039,316828.1741648576,False,7925000.000000001,12.506363079299158,0.5002545231719663,0.0,hypothetical scenario
uniform,0.872,0.3,316912.0,7925000.0,6910600.0,95073.59999999999,164672.30565848039,318100.44132443063,False,7924999.999999999,12.409787401737168,0.4963914960694867,0.0,hypothetical scenario
uniform,0.874,0.3,316912.0,7925000.0,6926450.0,95073.59999999999,164672.30565848039,319382.6875085862,False,7925000.0,12.312454233067106,0.49249816932268425,0.0,hypothetical scenario
uniform,0.876,0.3,316912.0,7925000.0,6942300.0,95073.59999999999,164672.30565848039,320675.151278457,False,7925000.0,12.214345464511384,0.48857381858045534,0.0,hypothetical scenario
uniform,0.878,0.3,316912.0,7925000.0,6958150.0,95073.59999999999,164672.30565848039,321978.08085460786,False,7925000.0,12.11544225406103,0.4846176901624412,0.0,hypothetical scenario
uniform,0.88,0.3,316912.0,7925000.0,6974000.0,95073.59999999999,164672.30565848039,323291.73467362847,False,7925000.0,12.01572498422567,0.4806289993690268,0.0,hypothetical scenario
uniform,0.882,0.3,316912.0,7925000.0,6989850.0,95073.59999999999,164672.30565848039,324616.38198665355,False,7925000.0,11.915173216600857,0.4766069286640343,0.0,hypothetical scenario
uniform,0.884,0.3,316912.0,7925000.0,7005700.0,95073.59999999999,164672.30565848039,325952.30350373534,False,7925000.0,11.813765642954838,0.4725506257181935,0.0,hypothetical scenario
uniform,0.886,0.3,316912.0,7925000.0,7021550.0,95073.59999999999,164672.30565848039,327299.7920884378,False,7925000.0,11.711480032503049,0.468459201300122,0.0,hypothetical scenario
uniform,0.888,0.3,316912.0,7925000.0,7037400.0,95073.59999999999,164672.30565848039,328659.1535075188,False,7925000.0,11.60829317500102,0.4643317270000408,0.0,hypothetical scenario
uniform,0.89,0.3,316912.0,7925000.0,7053250.0,95073.59999999999,164672.30565848039,330030.7072411388,False,7925000.0,11.504180819242753,0.46016723276971017,0.0,hypothetical scenario
uniform,0.892,0.3,316912.0,7925000.0,7069100.0,95073.59999999999,164672.30565848039,331414.78735967603,False,7925000.0,11.399117606503165,0.4559647042601266,0.0,hypothetical scenario
uniform,0.894,0.3,316912.0,7925000.0,7084950.0,95073.59999999999,164672.30565848039,332811.7434739666,False,7925000.0,11.293076998406942,0.4517230799362777,0.0,hypothetical scenario
uniform,0.896,0.3,316912.0,7925000.0,7100800.0,95073.59999999999,164672.30565848039,334221.94176662667,False,7925000.0,11.186031198642597,0.4474412479457039,0.0,hypothetical scenario
uniform,0.898,0.3,316912.0,7925000.0,7116650.0,95073.59999999999,164672.30565848039,335645.7661130772,False,7925000.0,11.077951067867343,0.4431180427146937,0.0,hypothetical scenario
uniform,0.9,0.3,316912.0,7925000.0,7132500.0,95073.59999999999,164672.30565848039,337083.61930199515,False,7925000.0,10.968806031064677,0.43875224124258705,0.0,hypothetical scenario
uniform,0.902,0.3,316912.0,7925000.0,7148350.0,95073.59999999999,164672.30565848039,338535.92436618684,False,7925000.0,10.858563976520022,0.4343425590608009,0.0,hypothetical scenario
uniform,0.904,0.3,316912.0,7925000.0,7164200.0,95073.59999999999,164672.30565848039,340003.12603634456,False,7925000.0,10.74719114546847,0.4298876458187388,0.0,hypothetical scenario
uniform,0.906,0.3,316912.0,7925000.0,7180050.0,95073.59999999999,164672.30565848039,341485.6923318468,False,7925000.0,10.634652011339794,0.4253860804535918,0.0,hypothetical scenario
uniform,0.908,0.3,316912.0,7925000.0,7195900.0,95073.59999999999,164672.30565848039,342984.1163047292,False,7925000.0,10.520909147376528,0.4208363658950611,0.0,hypothetical scenario
uniform,0.91,0.3,316912.0,7925000.0,7211750.0,95073.59999999999,164672.30565848039,344498.9179552471,False,7925000.0,10.405923081226803,0.41623692324907213,0.0,hypothetical scenario
uniform,0.912,0.3,316912.0,7925000.0,7227600.0,95073.59999999999,164672.30565848039,346030.64634012827,False,7925000.0,10.289652134910405,0.41158608539641617,0.0,hypothetical scenario
uniform,0.914,0.3,316912.0,7925000.0,7243450.0,95073.59999999999,164672.30565848039,347579.88189774787,False,7925000.0,10.172052248318622,0.4068820899327449,0.0,hypothetical scenario
uniform,0.916,0.3,316912.0,7925000.0,7259300.0,95073.59999999999,164672.30565848039,349147.2390181472,False,7925000.0,10.053076784128402,0.4021230713651361,0.0,hypothetical scenario
uniform,0.918,0.3,316912.0,7925000.0,7275150.0,95073.59999999999,164672.30565848039,350733.36889016314,False,7925000.0,9.932676311681513,0.39730705246726056,0.0,hypothetical scenario
uniform,0.92,0.3,316912.0,7925000.0,7291000.0,95073.59999999999,164672.30565848039,352338.96266308945,False,7925000.0,9.810798366988113,0.39243193467952453,0.0,hypothetical scenario
uniform,0.922,0.3,316912.0,7925000.0,7306850.0,95073.59999999999,164672.30565848039,353964.75496640836,False,7925000.0,9.687387185549785,0.38749548742199136,0.0,hypothetical scenario
uniform,0.924,0.3,316912.0,7925000.0,7322700.0,95073.59999999999,164672.30565848039,355611.5278384433,False,7925000.0,9.562383404142073,0.38249533616568293,0.0,hypothetical scenario
uniform,0.926,0.3,316912.0,7925000.0,7338550.0,95073.59999999999,164672.30565848039,357280.1151235409,False,7925000.0,9.435723727031721,0.37742894908126884,0.0,hypothetical scenario
uniform,0.928,0.3,316912.0,7925000.0,7354400.0,95073.59999999999,164672.30565848039,358971.40740794304,False,7925000.0,9.307340551302877,0.3722936220521151,0.0,hypothetical scenario
uniform,0.93,0.3,316912.0,7925000.0,7370250.0,95073.59999999999,164672.30565848039,360686.35757727135,False,7925000.0,9.177161544997697,0.3670864617999079,0.0,hypothetical scenario
uniform,0.932,0.3,316912.0,7925000.0,7386100.0,95073.59999999999,164672.30565848039,362425.9870940729,False,7925000.0,9.045109170598337,0.36180436682393347,0.0,hypothetical scenario
uniform,0.934,0.3,316912.0,7925000.0,7401950.0,95073.59999999999,164672.30565848039,364191.39311284624,False,7925000.0,8.911100144937196,0.3564440057974878,0.0,hypothetical scenario
uniform,0.936,0.3,316912.0,7925000.0,7417800.0,95073.59999999999,164672.30565848039,365983.7565732922,False,7925000.0,8.77504482485174,0.3510017929940696,0.0,hypothetical scenario
uniform,0.9380000000000001,0.3,316912.0,7925000.0,7433650.0,95073.59999999999,164672.30565848039,367804.3514413728,False,7925000.0,8.636846505711148,0.3454738602284459,0.0,hypothetical scenario
uniform,0.9400000000000001,0.3,316912.0,7925000.0,7449500.0,95073.59999999999,164672.30565848039,369654.5553036387,False,7925000.0,8.49640061721859,0.3398560246887436,0.0,hypothetical scenario
uniform,0.9420000000000001,0.3,316912.0,7925000.0,7465350.000000001,95073.59999999999,164672.30565848039,371535.8615652209,False,7925000.0,8.35359379748201,0.33414375189928036,0.0,hypothetical scenario
uniform,0.9440000000000001,0.3,316912.0,7925000.0,7481200.000000001,95073.59999999999,164672.30565848039,373449.89355855103,False,7925000.0,8.20830282204473,0.3283321128817892,0.0,hypothetical scenario
uniform,0.9460000000000001,0.3,316912.0,7925000.0,7497050.000000001,95073.59999999999,164672.30565848039,375398.4209418786,False,7925000.0,8.060393359101347,0.3224157343640539,0.0,hypothetical scenario
uniform,0.9480000000000001,0.3,316912.0,7925000.0,7512900.000000001,95073.59999999999,164672.30565848039,377383.37885887106,False,7925000.0,7.9097185151244584,0.31638874060497835,0.0,hypothetical scenario
uniform,0.9500000000000001,0.3,316912.0,7925000.0,7528750.000000001,95073.59999999999,164672.30565848039,379406.89044969936,False,7925000.0,7.756117126085724,0.31024468504342895,0.0,hypothetical scenario
uniform,0.9520000000000001,0.3,316912.0,7925000.0,7544600.000000001,95073.59999999999,164672.30565848039,381471.2934592776,False,7925000.0,7.599411737668767,0.30397646950675067,0.0,hypothetical scenario
uniform,0.9540000000000001,0.3,316912.0,7925000.0,7560450.000000001,95073.59999999999,164672.30565848039,383579.1718927035,False,7925000.0,7.439406202357511,0.29757624809430044,0.0,hypothetical scenario
uniform,0.9560000000000001,0.3,316912.0,7925000.0,7576300.000000001,95073.59999999999,164672.30565848039,385733.3939398227,False,7925000.0,7.275882800645775,0.291035312025831,0.0,hypothetical scenario
uniform,0.9580000000000001,0.3,316912.0,7925000.0,7592150.000000001,95073.59999999999,164672.30565848039,387937.1577566462,False,7925000.0,7.1085987658462315,0.28434395063384926,0.0,hypothetical scenario
uniform,0.96,0.3,316912.0,7925000.0,7608000.0,95073.59999999999,164672.30565848039,390194.0471896582,False,7925000.0,6.937282054151201,0.277491282166048,0.0,hypothetical scenario
uniform,0.962,0.3,316912.0,7925000.0,7623850.0,95073.59999999999,164672.30565848039,392508.10021702584,False,7925000.0,6.761626149374562,0.2704650459749825,0.0,hypothetical scenario
uniform,0.964,0.3,316912.0,7925000.0,7639700.0,95073.59999999999,164672.30565848039,394883.89384458924,False,7925000.0,6.581283618638806,0.26325134474555223,0.0,hypothetical scenario
uniform,0.966,0.3,316912.0,7925000.0,7655550.0,95073.59999999999,164672.30565848039,397326.65056680096,False,7925000.0,6.395858031102715,0.2558343212441086,0.0,hypothetical scenario
uniform,0.968,0.3,316912.0,7925000.0,7671400.0,95073.59999999999,164672.30565848039,399842.3734914555,False,7925000.0,6.204893700868584,0.24819574803474334,0.0,hypothetical scenario
uniform,0.97,0.3,316912.0,7925000.0,7687250.0,95073.59999999999,164672.30565848039,402438.0201660544,False,7925000.0,6.007862492112835,0.2403144996845134,0.0,hypothetical scenario
uniform,0.972,0.3,316912.0,7925000.0,7703100.0,95073.59999999999,164672.30565848039,405121.7295829996,False,7925000.0,5.80414658750051,0.2321658635000204,0.0,hypothetical scenario
uniform,0.974,0.3,316912.0,7925000.0,7718950.0,95073.59999999999,164672.30565848039,407903.1237125535,False,7925000.0,5.593015599321299,0.22372062397285195,0.0,hypothetical scenario
uniform,0.976,0.3,316912.0,7925000.0,7734800.0,95073.59999999999,164672.30565848039,410793.7158474125,False,7925000.0,5.373595572734235,0.2149438229093694,0.0,hypothetical scenario
uniform,0.978,0.3,316912.0,7925000.0,7750650.0,95073.59999999999,164672.30565848039,413807.4759993043,False,7925000.0,5.144826067455202,0.20579304269820808,0.0,hypothetical scenario
uniform,0.98,0.3,316912.0,7925000.0,7766500.0,95073.59999999999,164672.30565848039,416961.6341607849,False,7925000.0,4.905399183494059,0.19621596733976238,0.0,hypothetical scenario
uniform,0.982,0.3,316912.0,7925000.0,7782350.0,95073.59999999999,164672.30565848039,420277.8565332117,False,7925000.0,4.6536702756514385,0.18614681102605754,0.0,hypothetical scenario
uniform,0.984,0.3,316912.0,7925000.0,7798200.0,95073.59999999999,164672.30565848039,423784.0311158863,False,7925000.0,4.38752241242587,0.1755008964970348,0.0,hypothetical scenario
uniform,0.986,0.3,316912.0,7925000.0,7814050.0,95073.59999999999,164672.30565848039,427517.0996085156,False,7925000.0,4.104151411022372,0.16416605644089485,0.0,hypothetical scenario
uniform,0.988,0.3,316912.0,7925000.0,7829900.0,95073.59999999999,164672.30565848039,431527.79955887893,False,7925000.0,3.7997058688343883,0.15198823475337553,0.0,hypothetical scenario
uniform,0.99,0.3,316912.0,7925000.0,7845750.0,95073.59999999999,164672.30565848039,435889.1764240693,False,7925000.0,3.468641027075602,0.1387456410830241,0.0,hypothetical scenario
uniform,0.992,0.3,316912.0,7925000.0,7861600.0,95073.59999999999,164672.30565848039,440713.3395749679,False,7925000.0,3.1024468504342937,0.12409787401737175,0.0,hypothetical scenario
uniform,0.994,0.3,316912.0,7925000.0,7877450.0,95073.59999999999,164672.30565848039,446189.01075294643,False,7925000.0,2.6867977863671175,0.1074719114546847,0.0,hypothetical scenario
uniform,0.996,0.3,316912.0,7925000.0,7893300.0,95073.59999999999,164672.30565848039,452684.16838718334,False,7925000.0,2.193761206212935,0.0877504482485174,0.0,hypothetical scenario
uniform,0.998,0.3,316912.0,7925000.0,7909150.0,95073.59999999999,164672.30565848039,461148.8226167242,False,7925000.0,1.5512234252171448,0.062048937008685794,0.0,hypothetical scenario
uniform,1.0,0.3,316912.0,7925000.0,7925000.0,95073.59999999999,164672.30565848039,,True,7925000.0,0.0,0.0,0.0,hypothetical scenario
gaussian,0.0,0.0,316912.0,7925000.0,0.0,0.0,,-88.0,False,7925000.0,25.0,1.0,0.0,hypothetical scenario
gaussian,0.002,0.0,316912.0,7925000.0,15850.0,0.0,,546.0,False,7925000.0,25.0,1.0,0.0,hypothetical scenario
gaussian,0.004,0.0,316912.0,7925000.0,31700.0,0.0,,1180.0,False,7925000.0,25.0,1.0,0.0,hypothetical scenario
gaussian,0.006,0.0,316912.0,7925000.0,47550.0,0.0,,1814.0,False,7925000.0,25.0,1.0,0.0,hypothetical scenario
gaussian,0.008,0.0,316912.0,7925000.0,63400.0,0.0,,2448.0,False,7925000.0,25.0,1.0,0.0,hypothetical scenario
gaussian,0.01,0.0,316912.0,7925000.0,79250.0,0.0,,3082.0,False,7925000.0,25.0,1.0,0.0,hypothetical scenario
gaussian,0.012,0.0,316912.0,7925000.0,95100.0,0.0,,3716.0,False,7925000.0,25.0,1.0,0.0,hypothetical scenario
gaussian,0.014,0.0,316912.0,7925000.0,110950.0,0.0,,4350.0,False,7925000.0,25.0,1.0,0.0,hypothetical scenario
gaussian,0.016,0.0,316912.0,7925000.0,126800.0,0.0,,4984.0,False,7925000.0,25.0,1.0,0.0,hypothetical scenario
gaussian,0.018000000000000002,0.0,316912.0,7925000.0,142650.00000000003,0.0,,5618.0,False,7925000.0,25.0,1.0,0.0,hypothetical scenario
gaussian,0.02,0.0,316912.0,7925000.0,158500.0,0.0,,6252.0,False,7925000.0,25.0,1.0,0.0,hypothetical scenario
gaussian,0.022,0.0,316912.0,7925000.0,174350.0,0.0,,6886.0,False,7925000.0,25.0,1.0,0.0,hypothetical scenario
gaussian,0.024,0.0,316912.0,7925000.0,190200.0,0.0,,7520.0,False,7925000.0,25.0,1.0,0.0,hypothetical scenario
gaussian,0.026000000000000002,0.0,316912.0,7925000.0,206050.00000000003,0.0,,8154.0,False,7925000.0,25.0,1.0,0.0,hypothetical scenario
gaussian,0.028,0.0,316912.0,7925000.0,221900.0,0.0,,8788.0,False,7925000.0,25.0,1.0,0.0,hypothetical scenario
gaussian,0.03,0.0,316912.0,7925000.0,237750.0,0.0,,9422.0,False,7925000.0,25.0,1.0,0.0,hypothetical scenario
gaussian,0.032,0.0,316912.0,7925000.0,253600.0,0.0,,10056.0,False,7925000.0,25.0,1.0,0.0,hypothetical scenario
gaussian,0.034,0.0,316912.0,7925000.0,269450.0,0.0,,10690.0,False,7925000.0,25.0,1.0,0.0,hypothetical scenario
gaussian,0.036000000000000004,0.0,316912.0,7925000.0,285300.00000000006,0.0,,11324.0,False,7925000.0,25.0,1.0,0.0,hypothetical scenario
gaussian,0.038,0.0,316912.0,7925000.0,301150.0,0.0,,11958.0,False,7925000.0,25.0,1.0,0.0,hypothetical scenario
gaussian,0.04,0.0,316912.0,7925000.0,317000.0,0.0,,12592.0,False,7925000.0,25.0,1.0,0.0,hypothetical scenario
gaussian,0.042,0.0,316912.0,7925000.0,332850.0,0.0,,13226.0,False,7925000.0,25.0,1.0,0.0,hypothetical scenario
gaussian,0.044,0.0,316912.0,7925000.0,348700.0,0.0,,13860.0,False,7925000.0,25.0,1.0,0.0,hypothetical scenario
gaussian,0.046,0.0,316912.0,7925000.0,364550.0,0.0,,14494.0,False,7925000.0,25.0,1.0,0.0,hypothetical scenario
gaussian,0.048,0.0,316912.0,7925000.0,380400.0,0.0,,15128.0,False,7925000.0,25.0,1.0,0.0,hypothetical scenario
gaussian,0.05,0.0,316912.0,7925000.0,396250.0,0.0,,15762.0,False,7925000.0,25.0,1.0,0.0,hypothetical scenario
gaussian,0.052000000000000005,0.0,316912.0,7925000.0,412100.00000000006,0.0,,16396.0,False,7925000.0,25.0,1.0,0.0,hypothetical scenario
gaussian,0.054,0.0,316912.0,7925000.0,427950.0,0.0,,17030.0,False,7925000.0,25.0,1.0,0.0,hypothetical scenario
gaussian,0.056,0.0,316912.0,7925000.0,443800.0,0.0,,17664.0,False,7925000.0,25.0,1.0,0.0,hypothetical scenario
gaussian,0.058,0.0,316912.0,7925000.0,459650.0,0.0,,18298.0,False,7925000.0,25.0,1.0,0.0,hypothetical scenario
gaussian,0.06,0.0,316912.0,7925000.0,475500.0,0.0,,18932.0,False,7925000.0,25.0,1.0,0.0,hypothetical scenario
gaussian,0.062,0.0,316912.0,7925000.0,491350.0,0.0,,19566.0,False,7925000.0,25.0,1.0,0.0,hypothetical scenario
gaussian,0.064,0.0,316912.0,7925000.0,507200.0,0.0,,20200.0,False,7925000.0,25.0,1.0,0.0,hypothetical scenario
gaussian,0.066,0.0,316912.0,7925000.0,523050.0,0.0,,20834.0,False,7925000.0,25.0,1.0,0.0,hypothetical scenario
gaussian,0.068,0.0,316912.0,7925000.0,538900.0,0.0,,21468.0,False,7925000.0,25.0,1.0,0.0,hypothetical scenario
gaussian,0.07,0.0,316912.0,7925000.0,554750.0,0.0,,22102.0,False,7925000.0,25.0,1.0,0.0,hypothetical scenario
gaussian,0.07200000000000001,0.0,316912.0,7925000.0,570600.0000000001,0.0,,22736.0,False,7925000.0,25.0,1.0,0.0,hypothetical scenario
gaussian,0.074,0.0,316912.0,7925000.0,586450.0,0.0,,23370.0,False,7925000.0,25.0,1.0,0.0,hypothetical scenario
gaussian,0.076,0.0,316912.0,7925000.0,602300.0,0.0,,24004.0,False,7925000.0,25.0,1.0,0.0,hypothetical scenario
gaussian,0.078,0.0,316912.0,7925000.0,618150.0,0.0,,24638.0,False,7925000.0,25.0,1.0,0.0,hypothetical scenario
gaussian,0.08,0.0,316912.0,7925000.0,634000.0,0.0,,25272.0,False,7925000.0,25.0,1.0,0.0,hypothetical scenario
gaussian,0.082,0.0,316912.0,7925000.0,649850.0,0.0,,25906.0,False,7925000.0,25.0,1.0,0.0,hypothetical scenario
gaussian,0.084,0.0,316912.0,7925000.0,665700.0,0.0,,26540.0,False,7925000.0,25.0,1.0,0.0,hypothetical scenario
gaussian,0.08600000000000001,0.0,316912.0,7925000.0,681550.0,0.0,,27174.0,False,7925000.0,25.0,1.0,0.0,hypothetical scenario
gaussian,0.088,0.0,316912.0,7925000.0,697400.0,0.0,,27808.0,False,7925000.0,25.0,1.0,0.0,hypothetical scenario
gaussian,0.09,0.0,316912.0,7925000.0,713250.0,0.0,,28442.0,False,7925000.0,25.0,1.0,0.0,hypothetical scenario
gaussian,0.092,0.0,316912.0,7925000.0,729100.0,0.0,,29076.0,False,7925000.0,25.0,1.0,0.0,hypothetical scenario
gaussian,0.094,0.0,316912.0,7925000.0,744950.0,0.0,,29710.0,False,7925000.0,25.0,1.0,0.0,hypothetical scenario
gaussian,0.096,0.0,316912.0,7925000.0,760800.0,0.0,,30344.0,False,7925000.0,25.0,1.0,0.0,hypothetical scenario
gaussian,0.098,0.0,316912.0,7925000.0,776650.0,0.0,,30978.0,False,7925000.0,25.0,1.0,0.0,hypothetical scenario
gaussian,0.1,0.0,316912.0,7925000.0,792500.0,0.0,,31612.0,False,7925000.0,25.0,1.0,0.0,hypothetical scenario
gaussian,0.10200000000000001,0.0,316912.0,7925000.0,808350.0,0.0,,32246.0,False,7925000.0,25.0,1.0,0.0,hypothetical scenario
gaussian,0.10400000000000001,0.0,316912.0,7925000.0,824200.0000000001,0.0,,32880.0,False,7925000.0,25.0,1.0,0.0,hypothetical scenario
gaussian,0.106,0.0,316912.0,7925000.0,840050.0,0.0,,33514.0,False,7925000.0,25.0,1.0,0.0,hypothetical scenario
gaussian,0.108,0.0,316912.0,7925000.0,855900.0,0.0,,34148.0,False,7925000.0,25.0,1.0,0.0,hypothetical scenario
gaussian,0.11,0.0,316912.0,7925000.0,871750.0,0.0,,34782.0,False,7925000.0,25.0,1.0,0.0,hypothetical scenario
gaussian,0.112,0.0,316912.0,7925000.0,887600.0,0.0,,35416.0,False,7925000.0,25.0,1.0,0.0,hypothetical scenario
gaussian,0.114,0.0,316912.0,7925000.0,903450.0,0.0,,36050.0,False,7925000.0,25.0,1.0,0.0,hypothetical scenario
gaussian,0.116,0.0,316912.0,7925000.0,919300.0,0.0,,36684.0,False,7925000.0,25.0,1.0,0.0,hypothetical scenario
gaussian,0.11800000000000001,0.0,316912.0,7925000.0,935150.0000000001,0.0,,37318.0,False,7925000.0,25.0,1.0,0.0,hypothetical scenario
gaussian,0.12,0.0,316912.0,7925000.0,951000.0,0.0,,37952.0,False,7925000.0,25.0,1.0,0.0,hypothetical scenario
gaussian,0.122,0.0,316912.0,7925000.0,966850.0,0.0,,38586.0,False,7925000.0,25.0,1.0,0.0,hypothetical scenario
gaussian,0.124,0.0,316912.0,7925000.0,982700.0,0.0,,39220.0,False,7925000.0,25.0,1.0,0.0,hypothetical scenario
gaussian,0.126,0.0,316912.0,7925000.0,998550.0,0.0,,39854.0,False,7925000.0,25.0,1.0,0.0,hypothetical scenario
gaussian,0.128,0.0,316912.0,7925000.0,1014400.0,0.0,,40488.0,False,7925000.0,25.0,1.0,0.0,hypothetical scenario
gaussian,0.13,0.0,316912.0,7925000.0,1030250.0,0.0,,41122.0,False,7925000.0,25.0,1.0,0.0,hypothetical scenario
gaussian,0.132,0.0,316912.0,7925000.0,1046100.0,0.0,,41756.0,False,7925000.0,25.0,1.0,0.0,hypothetical scenario
gaussian,0.134,0.0,316912.0,7925000.0,1061950.0,0.0,,42390.0,False,7925000.0,25.0,1.0,0.0,hypothetical scenario
gaussian,0.136,0.0,316912.0,7925000.0,1077800.0,0.0,,43024.0,False,7925000.0,25.0,1.0,0.0,hypothetical scenario
gaussian,0.138,0.0,316912.0,7925000.0,1093650.0,0.0,,43658.0,False,7925000.0,25.0,1.0,0.0,hypothetical scenario
gaussian,0.14,0.0,316912.0,7925000.0,1109500.0,0.0,,44292.0,False,7925000.0,25.0,1.0,0.0,hypothetical scenario
gaussian,0.14200000000000002,0.0,316912.0,7925000.0,1125350.0000000002,0.0,,44926.0,False,7925000.0,25.0,1.0,0.0,hypothetical scenario
gaussian,0.14400000000000002,0.0,316912.0,7925000.0,1141200.0000000002,0.0,,45560.0,False,7925000.0,25.0,1.0,0.0,hypothetical scenario
gaussian,0.146,0.0,316912.0,7925000.0,1157050.0,0.0,,46194.0,False,7925000.0,25.0,1.0,0.0,hypothetical scenario
gaussian,0.148,0.0,316912.0,7925000.0,1172900.0,0.0,,46828.0,False,7925000.0,25.0,1.0,0.0,hypothetical scenario
gaussian,0.15,0.0,316912.0,7925000.0,1188750.0,0.0,,47462.0,False,7925000.0,25.0,1.0,0.0,hypothetical scenario
gaussian,0.152,0.0,316912.0,7925000.0,1204600.0,0.0,,48096.0,False,7925000.0,25.0,1.0,0.0,hypothetical scenario
gaussian,0.154,0.0,316912.0,7925000.0,1220450.0,0.0,,48730.0,False,7925000.0,25.0,1.0,0.0,hypothetical scenario
gaussian,0.156,0.0,316912.0,7925000.0,1236300.0,0.0,,49364.0,False,7925000.0,25.0,1.0,0.0,hypothetical scenario
gaussian,0.158,0.0,316912.0,7925000.0,1252150.0,0.0,,49998.0,False,7925000.0,25.0,1.0,0.0,hypothetical scenario
gaussian,0.16,0.0,316912.0,7925000.0,1268000.0,0.0,,50632.0,False,7925000.0,25.0,1.0,0.0,hypothetical scenario
gaussian,0.162,0.0,316912.0,7925000.0,1283850.0,0.0,,51266.0,False,7925000.0,25.0,1.0,0.0,hypothetical scenario
gaussian,0.164,0.0,316912.0,7925000.0,1299700.0,0.0,,51900.0,False,7925000.0,25.0,1.0,0.0,hypothetical scenario
gaussian,0.166,0.0,316912.0,7925000.0,1315550.0,0.0,,52534.0,False,7925000.0,25.0,1.0,0.0,hypothetical scenario
gaussian,0.168,0.0,316912.0,7925000.0,1331400.0,0.0,,53168.0,False,7925000.0,25.0,1.0,0.0,hypothetical scenario
gaussian,0.17,0.0,316912.0,7925000.0,1347250.0,0.0,,53802.0,False,7925000.0,25.0,1.0,0.0,hypothetical scenario
gaussian,0.17200000000000001,0.0,316912.0,7925000.0,1363100.0,0.0,,54436.0,False,7925000.0,25.0,1.0,0.0,hypothetical scenario
gaussian,0.17400000000000002,0.0,316912.0,7925000.0,1378950.0000000002,0.0,,55070.0,False,7925000.0,25.0,1.0,0.0,hypothetical scenario
gaussian,0.176,0.0,316912.0,7925000.0,1394800.0,0.0,,55704.0,False,7925000.0,25.0,1.0,0.0,hypothetical scenario
gaussian,0.178,0.0,316912.0,7925000.0,1410650.0,0.0,,56338.0,False,7925000.0,25.0,1.0,0.0,hypothetical scenario
gaussian,0.18,0.0,316912.0,7925000.0,1426500.0,0.0,,56972.0,False,7925000.0,25.0,1.0,0.0,hypothetical scenario
gaussian,0.182,0.0,316912.0,7925000.0,1442350.0,0.0,,57606.0,False,7925000.0,25.0,1.0,0.0,hypothetical scenario
gaussian,0.184,0.0,316912.0,7925000.0,1458200.0,0.0,,58240.0,False,7925000.0,25.0,1.0,0.0,hypothetical scenario
gaussian,0.186,0.0,316912.0,7925000.0,1474050.0,0.0,,58874.0,False,7925000.0,25.0,1.0,0.0,hypothetical scenario
gaussian,0.188,0.0,316912.0,7925000.0,1489900.0,0.0,,59508.0,False,7925000.0,25.0,1.0,0.0,hypothetical scenario
gaussian,0.19,0.0,316912.0,7925000.0,1505750.0,0.0,,60142.0,False,7925000.0,25.0,1.0,0.0,hypothetical scenario
gaussian,0.192,0.0,316912.0,7925000.0,1521600.0,0.0,,60776.0,False,7925000.0,25.0,1.0,0.0,hypothetical scenario
gaussian,0.194,0.0,316912.0,7925000.0,1537450.0,0.0,,61410.0,False,7925000.0,25.0,1.0,0.0,hypothetical scenario
gaussian,0.196,0.0,316912.0,7925000.0,1553300.0,0.0,,62044.0,False,7925000.0,25.0,1.0,0.0,hypothetical scenario
gaussian,0.198,0.0,316912.0,7925000.0,1569150.0,0.0,,62678.0,False,7925000.0,25.0,1.0,0.0,hypothetical scenario
gaussian,0.2,0.0,316912.0,7925000.0,1585000.0,0.0,,63312.0,False,7925000.0,25.0,1.0,0.0,hypothetical scenario
gaussian,0.202,0.0,316912.0,7925000.0,1600850.0,0.0,,63946.0,False,7925000.0,25.0,1.0,0.0,hypothetical scenario
gaussian,0.20400000000000001,0.0,316912.0,7925000.0,1616700.0,0.0,,64580.0,False,7925000.0,25.0,1.0,0.0,hypothetical scenario
gaussian,0.20600000000000002,0.0,316912.0,7925000.0,1632550.0000000002,0.0,,65214.0,False,7925000.0,25.0,1.0,0.0,hypothetical scenario
gaussian,0.20800000000000002,0.0,316912.0,7925000.0,1648400.0000000002,0.0,,65848.0,False,7925000.0,25.0,1.0,0.0,hypothetical scenario
gaussian,0.21,0.0,316912.0,7925000.0,1664250.0,0.0,,66482.0,False,7925000.0,25.0,1.0,0.0,hypothetical scenario
gaussian,0.212,0.0,316912.0,7925000.0,1680100.0,0.0,,67116.0,False,7925000.0,25.0,1.0,0.0,hypothetical scenario
gaussian,0.214,0.0,316912.0,7925000.0,1695950.0,0.0,,67750.0,False,7925000.0,25.0,1.0,0.0,hypothetical scenario
gaussian,0.216,0.0,316912.0,7925000.0,1711800.0,0.0,,68384.0,False,7925000.0,25.0,1.0,0.0,hypothetical scenario
gaussian,0.218,0.0,316912.0,7925000.0,1727650.0,0.0,,69018.0,False,7925000.0,25.0,1.0,0.0,hypothetical scenario
gaussian,0.22,0.0,316912.0,7925000.0,1743500.0,0.0,,69652.0,False,7925000.0,25.0,1.0,0.0,hypothetical scenario
gaussian,0.222,0.0,316912.0,7925000.0,1759350.0,0.0,,70286.0,False,7925000.0,25.0,1.0,0.0,hypothetical scenario
gaussian,0.224,0.0,316912.0,7925000.0,1775200.0,0.0,,70920.0,False,7925000.0,25.0,1.0,0.0,hypothetical scenario
gaussian,0.226,0.0,316912.0,7925000.0,1791050.0,0.0,,71554.0,False,7925000.0,25.0,1.0,0.0,hypothetical scenario
gaussian,0.228,0.0,316912.0,7925000.0,1806900.0,0.0,,72188.0,False,7925000.0,25.0,1.0,0.0,hypothetical scenario
gaussian,0.23,0.0,316912.0,7925000.0,1822750.0,0.0,,72822.0,False,7925000.0,25.0,1.0,0.0,hypothetical scenario
gaussian,0.232,0.0,316912.0,7925000.0,1838600.0,0.0,,73456.0,False,7925000.0,25.0,1.0,0.0,hypothetical scenario
gaussian,0.234,0.0,316912.0,7925000.0,1854450.0,0.0,,74090.0,False,7925000.0,25.0,1.0,0.0,hypothetical scenario
gaussian,0.23600000000000002,0.0,316912.0,7925000.0,1870300.0000000002,0.0,,74724.0,False,7925000.0,25.0,1.0,0.0,hypothetical scenario
gaussian,0.23800000000000002,0.0,316912.0,7925000.0,1886150.0000000002,0.0,,75358.0,False,7925000.0,25.0,1.0,0.0,hypothetical scenario
gaussian,0.24,0.0,316912.0,7925000.0,1902000.0,0.0,,75992.0,False,7925000.0,25.0,1.0,0.0,hypothetical scenario
gaussian,0.242,0.0,316912.0,7925000.0,1917850.0,0.0,,76626.0,False,7925000.0,25.0,1.0,0.0,hypothetical scenario
gaussian,0.244,0.0,316912.0,7925000.0,1933700.0,0.0,,77260.0,False,7925000.0,25.0,1.0,0.0,hypothetical scenario
gaussian,0.246,0.0,316912.0,7925000.0,1949550.0,0.0,,77894.0,False,7925000.0,25.0,1.0,0.0,hypothetical scenario
gaussian,0.248,0.0,316912.0,7925000.0,1965400.0,0.0,,78528.0,False,7925000.0,25.0,1.0,0.0,hypothetical scenario
gaussian,0.25,0.0,316912.0,7925000.0,1981250.0,0.0,,79162.0,False,7925000.0,25.0,1.0,0.0,hypothetical scenario
gaussian,0.252,0.0,316912.0,7925000.0,1997100.0,0.0,,79796.0,False,7925000.0,25.0,1.0,0.0,hypothetical scenario
gaussian,0.254,0.0,316912.0,7925000.0,2012950.0,0.0,,80430.0,False,7925000.0,25.0,1.0,0.0,hypothetical scenario
gaussian,0.256,0.0,316912.0,7925000.0,2028800.0,0.0,,81064.0,False,7925000.0,25.0,1.0,0.0,hypothetical scenario
gaussian,0.258,0.0,316912.0,7925000.0,2044650.0,0.0,,81698.0,False,7925000.0,25.0,1.0,0.0,hypothetical scenario
gaussian,0.26,0.0,316912.0,7925000.0,2060500.0,0.0,,82332.0,False,7925000.0,25.0,1.0,0.0,hypothetical scenario
gaussian,0.262,0.0,316912.0,7925000.0,2076350.0,0.0,,82966.0,False,7925000.0,25.0,1.0,0.0,hypothetical scenario
gaussian,0.264,0.0,316912.0,7925000.0,2092200.0,0.0,,83600.0,False,7925000.0,25.0,1.0,0.0,hypothetical scenario
gaussian,0.266,0.0,316912.0,7925000.0,2108050.0,0.0,,84234.0,False,7925000.0,25.0,1.0,0.0,hypothetical scenario
gaussian,0.268,0.0,316912.0,7925000.0,2123900.0,0.0,,84868.0,False,7925000.0,25.0,1.0,0.0,hypothetical scenario
gaussian,0.27,0.0,316912.0,7925000.0,2139750.0,0.0,,85502.0,False,7925000.0,25.0,1.0,0.0,hypothetical scenario
gaussian,0.272,0.0,316912.0,7925000.0,2155600.0,0.0,,86136.0,False,7925000.0,25.0,1.0,0.0,hypothetical scenario
gaussian,0.274,0.0,316912.0,7925000.0,2171450.0,0.0,,86770.0,False,7925000.0,25.0,1.0,0.0,hypothetical scenario
gaussian,0.276,0.0,316912.0,7925000.0,2187300.0,0.0,,87404.0,False,7925000.0,25.0,1.0,0.0,hypothetical scenario
gaussian,0.278,0.0,316912.0,7925000.0,2203150.0,0.0,,88038.0,False,7925000.0,25.0,1.0,0.0,hypothetical scenario
gaussian,0.28,0.0,316912.0,7925000.0,2219000.0,0.0,,88672.0,False,7925000.0,25.0,1.0,0.0,hypothetical scenario
gaussian,0.28200000000000003,0.0,316912.0,7925000.0,2234850.0,0.0,,89306.0,False,7925000.0,25.0,1.0,0.0,hypothetical scenario
gaussian,0.28400000000000003,0.0,316912.0,7925000.0,2250700.0000000005,0.0,,89940.0,False,7925000.0,25.0,1.0,0.0,hypothetical scenario
gaussian,0.28600000000000003,0.0,316912.0,7925000.0,2266550.0000000005,0.0,,90574.0,False,7925000.0,25.0,1.0,0.0,hypothetical scenario
gaussian,0.28800000000000003,0.0,316912.0,7925000.0,2282400.0000000005,0.0,,91208.0,False,7925000.0,25.0,1.0,0.0,hypothetical scenario
gaussian,0.29,0.0,316912.0,7925000.0,2298250.0,0.0,,91842.0,False,7925000.0,25.0,1.0,0.0,hypothetical scenario
gaussian,0.292,0.0,316912.0,7925000.0,2314100.0,0.0,,92476.0,False,7925000.0,25.0,1.0,0.0,hypothetical scenario
gaussian,0.294,0.0,316912.0,7925000.0,2329950.0,0.0,,93110.0,False,7925000.0,25.0,1.0,0.0,hypothetical scenario
gaussian,0.296,0.0,316912.0,7925000.0,2345800.0,0.0,,93744.0,False,7925000.0,25.0,1.0,0.0,hypothetical scenario
gaussian,0.298,0.0,316912.0,7925000.0,2361650.0,0.0,,94378.0,False,7925000.0,25.0,1.0,0.0,hypothetical scenario
gaussian,0.3,0.0,316912.0,7925000.0,2377500.0,0.0,,95012.0,False,7925000.0,25.0,1.0,0.0,hypothetical scenario
gaussian,0.302,0.0,316912.0,7925000.0,2393350.0,0.0,,95646.0,False,7925000.0,25.0,1.0,0.0,hypothetical scenario
gaussian,0.304,0.0,316912.0,7925000.0,2409200.0,0.0,,96280.0,False,7925000.0,25.0,1.0,0.0,hypothetical scenario
gaussian,0.306,0.0,316912.0,7925000.0,2425050.0,0.0,,96914.0,False,7925000.0,25.0,1.0,0.0,hypothetical scenario
gaussian,0.308,0.0,316912.0,7925000.0,2440900.0,0.0,,97548.0,False,7925000.0,25.0,1.0,0.0,hypothetical scenario
gaussian,0.31,0.0,316912.0,7925000.0,2456750.0,0.0,,98182.0,False,7925000.0,25.0,1.0,0.0,hypothetical scenario
gaussian,0.312,0.0,316912.0,7925000.0,2472600.0,0.0,,98816.0,False,7925000.0,25.0,1.0,0.0,hypothetical scenario
gaussian,0.314,0.0,316912.0,7925000.0,2488450.0,0.0,,99450.0,False,7925000.0,25.0,1.0,0.0,hypothetical scenario
gaussian,0.316,0.0,316912.0,7925000.0,2504300.0,0.0,,100084.0,False,7925000.0,25.0,1.0,0.0,hypothetical scenario
gaussian,0.318,0.0,316912.0,7925000.0,2520150.0,0.0,,100718.0,False,7925000.0,25.0,1.0,0.0,hypothetical scenario
gaussian,0.32,0.0,316912.0,7925000.0,2536000.0,0.0,,101352.0,False,7925000.0,25.0,1.0,0.0,hypothetical scenario
gaussian,0.322,0.0,316912.0,7925000.0,2551850.0,0.0,,101986.0,False,7925000.0,25.0,1.0,0.0,hypothetical scenario
gaussian,0.324,0.0,316912.0,7925000.0,2567700.0,0.0,,102620.0,False,7925000.0,25.0,1.0,0.0,hypothetical scenario
gaussian,0.326,0.0,316912.0,7925000.0,2583550.0,0.0,,103254.0,False,7925000.0,25.0,1.0,0.0,hypothetical scenario
gaussian,0.328,0.0,316912.0,7925000.0,2599400.0,0.0,,103888.0,False,7925000.0,25.0,1.0,0.0,hypothetical scenario
gaussian,0.33,0.0,316912.0,7925000.0,2615250.0,0.0,,104522.0,False,7925000.0,25.0,1.0,0.0,hypothetical scenario
gaussian,0.332,0.0,316912.0,7925000.0,2631100.0,0.0,,105156.0,False,7925000.0,25.0,1.0,0.0,hypothetical scenario
gaussian,0.334,0.0,316912.0,7925000.0,2646950.0,0.0,,105790.0,False,7925000.0,25.0,1.0,0.0,hypothetical scenario
gaussian,0.336,0.0,316912.0,7925000.0,2662800.0,0.0,,106424.0,False,7925000.0,25.0,1.0,0.0,hypothetical scenario
gaussian,0.338,0.0,316912.0,7925000.0,2678650.0,0.0,,107058.0,False,7925000.0,25.0,1.0,0.0,hypothetical scenario
gaussian,0.34,0.0,316912.0,7925000.0,2694500.0,0.0,,107692.0,False,7925000.0,25.0,1.0,0.0,hypothetical scenario
gaussian,0.342,0.0,316912.0,7925000.0,2710350.0,0.0,,108326.0,False,7925000.0,25.0,1.0,0.0,hypothetical scenario
gaussian,0.34400000000000003,0.0,316912.0,7925000.0,2726200.0,0.0,,108960.0,False,7925000.0,25.0,1.0,0.0,hypothetical scenario
gaussian,0.34600000000000003,0.0,316912.0,7925000.0,2742050.0000000005,0.0,,109594.0,False,7925000.0,25.0,1.0,0.0,hypothetical scenario
gaussian,0.34800000000000003,0.0,316912.0,7925000.0,2757900.0000000005,0.0,,110228.0,False,7925000.0,25.0,1.0,0.0,hypothetical scenario
gaussian,0.35000000000000003,0.0,316912.0,7925000.0,2773750.0000000005,0.0,,110862.0,False,7925000.0,25.0,1.0,0.0,hypothetical scenario
gaussian,0.352,0.0,316912.0,7925000.0,2789600.0,0.0,,111496.0,False,7925000.0,25.0,1.0,0.0,hypothetical scenario
gaussian,0.354,0.0,316912.0,7925000.0,2805450.0,0.0,,112130.0,False,7925000.0,25.0,1.0,0.0,hypothetical scenario
gaussian,0.356,0.0,316912.0,7925000.0,2821300.0,0.0,,112764.0,False,7925000.0,25.0,1.0,0.0,hypothetical scenario
gaussian,0.358,0.0,316912.0,7925000.0,2837150.0,0.0,,113398.0,False,7925000.0,25.0,1.0,0.0,hypothetical scenario
gaussian,0.36,0.0,316912.0,7925000.0,2853000.0,0.0,,114032.0,False,7925000.0,25.0,1.0,0.0,hypothetical scenario
gaussian,0.362,0.0,316912.0,7925000.0,2868850.0,0.0,,114666.0,False,7925000.0,25.0,1.0,0.0,hypothetical scenario
gaussian,0.364,0.0,316912.0,7925000.0,2884700.0,0.0,,115300.0,False,7925000.0,25.0,1.0,0.0,hypothetical scenario
gaussian,0.366,0.0,316912.0,7925000.0,2900550.0,0.0,,115934.0,False,7925000.0,25.0,1.0,0.0,hypothetical scenario
gaussian,0.368,0.0,316912.0,7925000.0,2916400.0,0.0,,116568.0,False,7925000.0,25.0,1.0,0.0,hypothetical scenario
gaussian,0.37,0.0,316912.0,7925000.0,2932250.0,0.0,,117202.0,False,7925000.0,25.0,1.0,0.0,hypothetical scenario
gaussian,0.372,0.0,316912.0,7925000.0,2948100.0,0.0,,117836.0,False,7925000.0,25.0,1.0,0.0,hypothetical scenario
gaussian,0.374,0.0,316912.0,7925000.0,2963950.0,0.0,,118470.0,False,7925000.0,25.0,1.0,0.0,hypothetical scenario
gaussian,0.376,0.0,316912.0,7925000.0,2979800.0,0.0,,119104.0,False,7925000.0,25.0,1.0,0.0,hypothetical scenario
gaussian,0.378,0.0,316912.0,7925000.0,2995650.0,0.0,,119738.0,False,7925000.0,25.0,1.0,0.0,hypothetical scenario
gaussian,0.38,0.0,316912.0,7925000.0,3011500.0,0.0,,120372.0,False,7925000.0,25.0,1.0,0.0,hypothetical scenario
gaussian,0.382,0.0,316912.0,7925000.0,3027350.0,0.0,,121006.0,False,7925000.0,25.0,1.0,0.0,hypothetical scenario
gaussian,0.384,0.0,316912.0,7925000.0,3043200.0,0.0,,121640.0,False,7925000.0,25.0,1.0,0.0,hypothetical scenario
gaussian,0.386,0.0,316912.0,7925000.0,3059050.0,0.0,,122274.0,False,7925000.0,25.0,1.0,0.0,hypothetical scenario
gaussian,0.388,0.0,316912.0,7925000.0,3074900.0,0.0,,122908.0,False,7925000.0,25.0,1.0,0.0,hypothetical scenario
gaussian,0.39,0.0,316912.0,7925000.0,3090750.0,0.0,,123542.0,False,7925000.0,25.0,1.0,0.0,hypothetical scenario
gaussian,0.392,0.0,316912.0,7925000.0,3106600.0,0.0,,124176.0,False,7925000.0,25.0,1.0,0.0,hypothetical scenario
gaussian,0.394,0.0,316912.0,7925000.0,3122450.0,0.0,,124810.0,False,7925000.0,25.0,1.0,0.0,hypothetical scenario
gaussian,0.396,0.0,316912.0,7925000.0,3138300.0,0.0,,125444.0,False,7925000.0,25.0,1.0,0.0,hypothetical scenario
gaussian,0.398,0.0,316912.0,7925000.0,3154150.0,0.0,,126078.0,False,7925000.0,25.0,1.0,0.0,hypothetical scenario
gaussian,0.4,0.0,316912.0,7925000.0,3170000.0,0.0,,126712.0,False,7925000.0,25.0,1.0,0.0,hypothetical scenario
gaussian,0.402,0.0,316912.0,7925000.0,3185850.0,0.0,,127346.0,False,7925000.0,25.0,1.0,0.0,hypothetical scenario
gaussian,0.404,0.0,316912.0,7925000.0,3201700.0,0.0,,127980.0,False,7925000.0,25.0,1.0,0.0,hypothetical scenario
gaussian,0.406,0.0,316912.0,7925000.0,3217550.0,0.0,,128614.0,False,7925000.0,25.0,1.0,0.0,hypothetical scenario
gaussian,0.40800000000000003,0.0,316912.0,7925000.0,3233400.0,0.0,,129248.0,False,7925000.0,25.0,1.0,0.0,hypothetical scenario
gaussian,0.41000000000000003,0.0,316912.0,7925000.0,3249250.0000000005,0.0,,129882.0,False,7925000.0,25.0,1.0,0.0,hypothetical scenario
gaussian,0.41200000000000003,0.0,316912.0,7925000.0,3265100.0000000005,0.0,,130516.0,False,7925000.0,25.0,1.0,0.0,hypothetical scenario
gaussian,0.41400000000000003,0.0,316912.0,7925000.0,3280950.0000000005,0.0,,131150.0,False,7925000.0,25.0,1.0,0.0,hypothetical scenario
gaussian,0.41600000000000004,0.0,316912.0,7925000.0,3296800.0000000005,0.0,,131784.0,False,7925000.0,25.0,1.0,0.0,hypothetical scenario
gaussian,0.418,0.0,316912.0,7925000.0,3312650.0,0.0,,132418.0,False,7925000.0,25.0,1.0,0.0,hypothetical scenario
gaussian,0.42,0.0,316912.0,7925000.0,3328500.0,0.0,,133052.0,False,7925000.0,25.0,1.0,0.0,hypothetical scenario
gaussian,0.422,0.0,316912.0,7925000.0,3344350.0,0.0,,133686.0,False,7925000.0,25.0,1.0,0.0,hypothetical scenario
gaussian,0.424,0.0,316912.0,7925000.0,3360200.0,0.0,,134320.0,False,7925000.0,25.0,1.0,0.0,hypothetical scenario
gaussian,0.426,0.0,316912.0,7925000.0,3376050.0,0.0,,134954.0,False,7925000.0,25.0,1.0,0.0,hypothetical scenario
gaussian,0.428,0.0,316912.0,7925000.0,3391900.0,0.0,,135588.0,False,7925000.0,25.0,1.0,0.0,hypothetical scenario
gaussian,0.43,0.0,316912.0,7925000.0,3407750.0,0.0,,136222.0,False,7925000.0,25.0,1.0,0.0,hypothetical scenario
gaussian,0.432,0.0,316912.0,7925000.0,3423600.0,0.0,,136856.0,False,7925000.0,25.0,1.0,0.0,hypothetical scenario
gaussian,0.434,0.0,316912.0,7925000.0,3439450.0,0.0,,137490.0,False,7925000.0,25.0,1.0,0.0,hypothetical scenario
gaussian,0.436,0.0,316912.0,7925000.0,3455300.0,0.0,,138124.0,False,7925000.0,25.0,1.0,0.0,hypothetical scenario
gaussian,0.438,0.0,316912.0,7925000.0,3471150.0,0.0,,138758.0,False,7925000.0,25.0,1.0,0.0,hypothetical scenario
gaussian,0.44,0.0,316912.0,7925000.0,3487000.0,0.0,,139392.0,False,7925000.0,25.0,1.0,0.0,hypothetical scenario
gaussian,0.442,0.0,316912.0,7925000.0,3502850.0,0.0,,140026.0,False,7925000.0,25.0,1.0,0.0,hypothetical scenario
gaussian,0.444,0.0,316912.0,7925000.0,3518700.0,0.0,,140660.0,False,7925000.0,25.0,1.0,0.0,hypothetical scenario
gaussian,0.446,0.0,316912.0,7925000.0,3534550.0,0.0,,141294.0,False,7925000.0,25.0,1.0,0.0,hypothetical scenario
gaussian,0.448,0.0,316912.0,7925000.0,3550400.0,0.0,,141928.0,False,7925000.0,25.0,1.0,0.0,hypothetical scenario
gaussian,0.45,0.0,316912.0,7925000.0,3566250.0,0.0,,142562.0,False,7925000.0,25.0,1.0,0.0,hypothetical scenario
gaussian,0.452,0.0,316912.0,7925000.0,3582100.0,0.0,,143196.0,False,7925000.0,25.0,1.0,0.0,hypothetical scenario
gaussian,0.454,0.0,316912.0,7925000.0,3597950.0,0.0,,143830.0,False,7925000.0,25.0,1.0,0.0,hypothetical scenario
gaussian,0.456,0.0,316912.0,7925000.0,3613800.0,0.0,,144464.0,False,7925000.0,25.0,1.0,0.0,hypothetical scenario
gaussian,0.458,0.0,316912.0,7925000.0,3629650.0,0.0,,145098.0,False,7925000.0,25.0,1.0,0.0,hypothetical scenario
gaussian,0.46,0.0,316912.0,7925000.0,3645500.0,0.0,,145732.0,False,7925000.0,25.0,1.0,0.0,hypothetical scenario
gaussian,0.462,0.0,316912.0,7925000.0,3661350.0,0.0,,146366.0,False,7925000.0,25.0,1.0,0.0,hypothetical scenario
gaussian,0.464,0.0,316912.0,7925000.0,3677200.0,0.0,,147000.0,False,7925000.0,25.0,1.0,0.0,hypothetical scenario
gaussian,0.466,0.0,316912.0,7925000.0,3693050.0,0.0,,147634.0,False,7925000.0,25.0,1.0,0.0,hypothetical scenario
gaussian,0.468,0.0,316912.0,7925000.0,3708900.0,0.0,,148268.0,False,7925000.0,25.0,1.0,0.0,hypothetical scenario
gaussian,0.47000000000000003,0.0,316912.0,7925000.0,3724750.0,0.0,,148902.0,False,7925000.0,25.0,1.0,0.0,hypothetical scenario
gaussian,0.47200000000000003,0.0,316912.0,7925000.0,3740600.0000000005,0.0,,149536.00000000003,False,7925000.0,25.0,1.0,0.0,hypothetical scenario
gaussian,0.47400000000000003,0.0,316912.0,7925000.0,3756450.0000000005,0.0,,150170.00000000003,False,7925000.0,25.0,1.0,0.0,hypothetical scenario
gaussian,0.47600000000000003,0.0,316912.0,7925000.0,3772300.0000000005,0.0,,150804.00000000003,False,7925000.0,25.0,1.0,0.0,hypothetical scenario
gaussian,0.47800000000000004,0.0,316912.0,7925000.0,3788150.0000000005,0.0,,151438.00000000003,False,7925000.0,25.0,1.0,0.0,hypothetical scenario
gaussian,0.48,0.0,316912.0,7925000.0,3804000.0,0.0,,152072.0,False,7925000.0,25.0,1.0,0.0,hypothetical scenario
gaussian,0.482,0.0,316912.0,7925000.0,3819850.0,0.0,,152706.0,False,7925000.0,25.0,1.0,0.0,hypothetical scenario
gaussian,0.484,0.0,316912.0,7925000.0,3835700.0,0.0,,153340.0,False,7925000.0,25.0,1.0,0.0,hypothetical scenario
gaussian,0.486,0.0,316912.0,7925000.0,3851550.0,0.0,,153974.0,False,7925000.0,25.0,1.0,0.0,hypothetical scenario
gaussian,0.488,0.0,316912.0,7925000.0,3867400.0,0.0,,154608.0,False,7925000.0,25.0,1.0,0.0,hypothetical scenario
gaussian,0.49,0.0,316912.0,7925000.0,3883250.0,0.0,,155242.0,False,7925000.0,25.0,1.0,0.0,hypothetical scenario
gaussian,0.492,0.0,316912.0,7925000.0,3899100.0,0.0,,155876.0,False,7925000.0,25.0,1.0,0.0,hypothetical scenario
gaussian,0.494,0.0,316912.0,7925000.0,3914950.0,0.0,,156510.0,False,7925000.0,25.0,1.0,0.0,hypothetical scenario
gaussian,0.496,0.0,316912.0,7925000.0,3930800.0,0.0,,157144.0,False,7925000.0,25.0,1.0,0.0,hypothetical scenario
gaussian,0.498,0.0,316912.0,7925000.0,3946650.0,0.0,,157778.0,False,7925000.0,25.0,1.0,0.0,hypothetical scenario
gaussian,0.5,0.0,316912.0,7925000.0,3962500.0,0.0,,158412.0,False,7925000.0,25.0,1.0,0.0,hypothetical scenario
gaussian,0.502,0.0,316912.0,7925000.0,3978350.0,0.0,,159046.0,False,7925000.0,25.0,1.0,0.0,hypothetical scenario
gaussian,0.504,0.0,316912.0,7925000.0,3994200.0,0.0,,159680.0,False,7925000.0,25.0,1.0,0.0,hypothetical scenario
gaussian,0.506,0.0,316912.0,7925000.0,4010050.0,0.0,,160314.0,False,7925000.0,25.0,1.0,0.0,hypothetical scenario
gaussian,0.508,0.0,316912.0,7925000.0,4025900.0,0.0,,160948.0,False,7925000.0,25.0,1.0,0.0,hypothetical scenario
gaussian,0.51,0.0,316912.0,7925000.0,4041750.0,0.0,,161582.0,False,7925000.0,25.0,1.0,0.0,hypothetical scenario
gaussian,0.512,0.0,316912.0,7925000.0,4057600.0,0.0,,162216.0,False,7925000.0,25.0,1.0,0.0,hypothetical scenario
gaussian,0.514,0.0,316912.0,7925000.0,4073450.0,0.0,,162850.0,False,7925000.0,25.0,1.0,0.0,hypothetical scenario
gaussian,0.516,0.0,316912.0,7925000.0,4089300.0,0.0,,163484.0,False,7925000.0,25.0,1.0,0.0,hypothetical scenario
gaussian,0.518,0.0,316912.0,7925000.0,4105150.0,0.0,,164118.0,False,7925000.0,25.0,1.0,0.0,hypothetical scenario
gaussian,0.52,0.0,316912.0,7925000.0,4121000.0,0.0,,164752.0,False,7925000.0,25.0,1.0,0.0,hypothetical scenario
gaussian,0.522,0.0,316912.0,7925000.0,4136850.0,0.0,,165386.0,False,7925000.0,25.0,1.0,0.0,hypothetical scenario
gaussian,0.524,0.0,316912.0,7925000.0,4152700.0,0.0,,166020.0,False,7925000.0,25.0,1.0,0.0,hypothetical scenario
gaussian,0.526,0.0,316912.0,7925000.0,4168550.0,0.0,,166654.0,False,7925000.0,25.0,1.0,0.0,hypothetical scenario
gaussian,0.528,0.0,316912.0,7925000.0,4184400.0,0.0,,167288.0,False,7925000.0,25.0,1.0,0.0,hypothetical scenario
gaussian,0.53,0.0,316912.0,7925000.0,4200250.0,0.0,,167922.0,False,7925000.0,25.0,1.0,0.0,hypothetical scenario
gaussian,0.532,0.0,316912.0,7925000.0,4216100.0,0.0,,168556.0,False,7925000.0,25.0,1.0,0.0,hypothetical scenario
gaussian,0.534,0.0,316912.0,7925000.0,4231950.0,0.0,,169190.0,False,7925000.0,25.0,1.0,0.0,hypothetical scenario
gaussian,0.536,0.0,316912.0,7925000.0,4247800.0,0.0,,169824.0,False,7925000.0,25.0,1.0,0.0,hypothetical scenario
gaussian,0.538,0.0,316912.0,7925000.0,4263650.0,0.0,,170458.0,False,7925000.0,25.0,1.0,0.0,hypothetical scenario
gaussian,0.54,0.0,316912.0,7925000.0,4279500.0,0.0,,171092.0,False,7925000.0,25.0,1.0,0.0,hypothetical scenario
gaussian,0.542,0.0,316912.0,7925000.0,4295350.0,0.0,,171726.0,False,7925000.0,25.0,1.0,0.0,hypothetical scenario
gaussian,0.544,0.0,316912.0,7925000.0,4311200.0,0.0,,172360.0,False,7925000.0,25.0,1.0,0.0,hypothetical scenario
gaussian,0.546,0.0,316912.0,7925000.0,4327050.0,0.0,,172994.0,False,7925000.0,25.0,1.0,0.0,hypothetical scenario
gaussian,0.548,0.0,316912.0,7925000.0,4342900.0,0.0,,173628.0,False,7925000.0,25.0,1.0,0.0,hypothetical scenario
gaussian,0.55,0.0,316912.0,7925000.0,4358750.0,0.0,,174262.0,False,7925000.0,25.0,1.0,0.0,hypothetical scenario
gaussian,0.552,0.0,316912.0,7925000.0,4374600.0,0.0,,174896.0,False,7925000.0,25.0,1.0,0.0,hypothetical scenario
gaussian,0.554,0.0,316912.0,7925000.0,4390450.0,0.0,,175530.0,False,7925000.0,25.0,1.0,0.0,hypothetical scenario
gaussian,0.556,0.0,316912.0,7925000.0,4406300.0,0.0,,176164.0,False,7925000.0,25.0,1.0,0.0,hypothetical scenario
gaussian,0.558,0.0,316912.0,7925000.0,4422150.0,0.0,,176798.0,False,7925000.0,25.0,1.0,0.0,hypothetical scenario
gaussian,0.56,0.0,316912.0,7925000.0,4438000.0,0.0,,177432.0,False,7925000.0,25.0,1.0,0.0,hypothetical scenario
gaussian,0.562,0.0,316912.0,7925000.0,4453850.0,0.0,,178066.0,False,7925000.0,25.0,1.0,0.0,hypothetical scenario
gaussian,0.5640000000000001,0.0,316912.0,7925000.0,4469700.0,0.0,,178700.0,False,7925000.0,25.0,1.0,0.0,hypothetical scenario
gaussian,0.5660000000000001,0.0,316912.0,7925000.0,4485550.0,0.0,,179334.0,False,7925000.0,25.0,1.0,0.0,hypothetical scenario
gaussian,0.5680000000000001,0.0,316912.0,7925000.0,4501400.000000001,0.0,,179968.00000000003,False,7925000.0,25.0,1.0,0.0,hypothetical scenario
gaussian,0.5700000000000001,0.0,316912.0,7925000.0,4517250.000000001,0.0,,180602.00000000003,False,7925000.0,25.0,1.0,0.0,hypothetical scenario
gaussian,0.5720000000000001,0.0,316912.0,7925000.0,4533100.000000001,0.0,,181236.00000000003,False,7925000.0,25.0,1.0,0.0,hypothetical scenario
gaussian,0.5740000000000001,0.0,316912.0,7925000.0,4548950.000000001,0.0,,181870.00000000003,False,7925000.0,25.0,1.0,0.0,hypothetical scenario
gaussian,0.5760000000000001,0.0,316912.0,7925000.0,4564800.000000001,0.0,,182504.00000000003,False,7925000.0,25.0,1.0,0.0,hypothetical scenario
gaussian,0.578,0.0,316912.0,7925000.0,4580650.0,0.0,,183138.0,False,7925000.0,25.0,1.0,0.0,hypothetical scenario
gaussian,0.58,0.0,316912.0,7925000.0,4596500.0,0.0,,183772.0,False,7925000.0,25.0,1.0,0.0,hypothetical scenario
gaussian,0.582,0.0,316912.0,7925000.0,4612350.0,0.0,,184406.0,False,7925000.0,25.0,1.0,0.0,hypothetical scenario
gaussian,0.584,0.0,316912.0,7925000.0,4628200.0,0.0,,185040.0,False,7925000.0,25.0,1.0,0.0,hypothetical scenario
gaussian,0.586,0.0,316912.0,7925000.0,4644050.0,0.0,,185674.0,False,7925000.0,25.0,1.0,0.0,hypothetical scenario
gaussian,0.588,0.0,316912.0,7925000.0,4659900.0,0.0,,186308.0,False,7925000.0,25.0,1.0,0.0,hypothetical scenario
gaussian,0.59,0.0,316912.0,7925000.0,4675750.0,0.0,,186942.0,False,7925000.0,25.0,1.0,0.0,hypothetical scenario
gaussian,0.592,0.0,316912.0,7925000.0,4691600.0,0.0,,187576.0,False,7925000.0,25.0,1.0,0.0,hypothetical scenario
gaussian,0.594,0.0,316912.0,7925000.0,4707450.0,0.0,,188210.0,False,7925000.0,25.0,1.0,0.0,hypothetical scenario
gaussian,0.596,0.0,316912.0,7925000.0,4723300.0,0.0,,188844.0,False,7925000.0,25.0,1.0,0.0,hypothetical scenario
gaussian,0.598,0.0,316912.0,7925000.0,4739150.0,0.0,,189478.0,False,7925000.0,25.0,1.0,0.0,hypothetical scenario
gaussian,0.6,0.0,316912.0,7925000.0,4755000.0,0.0,,190112.0,False,7925000.0,25.0,1.0,0.0,hypothetical scenario
gaussian,0.602,0.0,316912.0,7925000.0,4770850.0,0.0,,190746.0,False,7925000.0,25.0,1.0,0.0,hypothetical scenario
gaussian,0.604,0.0,316912.0,7925000.0,4786700.0,0.0,,191380.0,False,7925000.0,25.0,1.0,0.0,hypothetical scenario
gaussian,0.606,0.0,316912.0,7925000.0,4802550.0,0.0,,192014.0,False,7925000.0,25.0,1.0,0.0,hypothetical scenario
gaussian,0.608,0.0,316912.0,7925000.0,4818400.0,0.0,,192648.0,False,7925000.0,25.0,1.0,0.0,hypothetical scenario
gaussian,0.61,0.0,316912.0,7925000.0,4834250.0,0.0,,193282.0,False,7925000.0,25.0,1.0,0.0,hypothetical scenario
gaussian,0.612,0.0,316912.0,7925000.0,4850100.0,0.0,,193916.0,False,7925000.0,25.0,1.0,0.0,hypothetical scenario
gaussian,0.614,0.0,316912.0,7925000.0,4865950.0,0.0,,194550.0,False,7925000.0,25.0,1.0,0.0,hypothetical scenario
gaussian,0.616,0.0,316912.0,7925000.0,4881800.0,0.0,,195184.0,False,7925000.0,25.0,1.0,0.0,hypothetical scenario
gaussian,0.618,0.0,316912.0,7925000.0,4897650.0,0.0,,195818.0,False,7925000.0,25.0,1.0,0.0,hypothetical scenario
gaussian,0.62,0.0,316912.0,7925000.0,4913500.0,0.0,,196452.0,False,7925000.0,25.0,1.0,0.0,hypothetical scenario
gaussian,0.622,0.0,316912.0,7925000.0,4929350.0,0.0,,197086.0,False,7925000.0,25.0,1.0,0.0,hypothetical scenario
gaussian,0.624,0.0,316912.0,7925000.0,4945200.0,0.0,,197720.0,False,7925000.0,25.0,1.0,0.0,hypothetical scenario
gaussian,0.626,0.0,316912.0,7925000.0,4961050.0,0.0,,198354.0,False,7925000.0,25.0,1.0,0.0,hypothetical scenario
gaussian,0.628,0.0,316912.0,7925000.0,4976900.0,0.0,,198988.0,False,7925000.0,25.0,1.0,0.0,hypothetical scenario
gaussian,0.63,0.0,316912.0,7925000.0,4992750.0,0.0,,199622.0,False,7925000.0,25.0,1.0,0.0,hypothetical scenario
gaussian,0.632,0.0,316912.0,7925000.0,5008600.0,0.0,,200256.0,False,7925000.0,25.0,1.0,0.0,hypothetical scenario
gaussian,0.634,0.0,316912.0,7925000.0,5024450.0,0.0,,200890.0,False,7925000.0,25.0,1.0,0.0,hypothetical scenario
gaussian,0.636,0.0,316912.0,7925000.0,5040300.0,0.0,,201524.0,False,7925000.0,25.0,1.0,0.0,hypothetical scenario
gaussian,0.638,0.0,316912.0,7925000.0,5056150.0,0.0,,202158.0,False,7925000.0,25.0,1.0,0.0,hypothetical scenario
gaussian,0.64,0.0,316912.0,7925000.0,5072000.0,0.0,,202792.0,False,7925000.0,25.0,1.0,0.0,hypothetical scenario
gaussian,0.642,0.0,316912.0,7925000.0,5087850.0,0.0,,203426.0,False,7925000.0,25.0,1.0,0.0,hypothetical scenario
gaussian,0.644,0.0,316912.0,7925000.0,5103700.0,0.0,,204060.0,False,7925000.0,25.0,1.0,0.0,hypothetical scenario
gaussian,0.646,0.0,316912.0,7925000.0,5119550.0,0.0,,204694.0,False,7925000.0,25.0,1.0,0.0,hypothetical scenario
gaussian,0.648,0.0,316912.0,7925000.0,5135400.0,0.0,,205328.0,False,7925000.0,25.0,1.0,0.0,hypothetical scenario
gaussian,0.65,0.0,316912.0,7925000.0,5151250.0,0.0,,205962.0,False,7925000.0,25.0,1.0,0.0,hypothetical scenario
gaussian,0.652,0.0,316912.0,7925000.0,5167100.0,0.0,,206596.0,False,7925000.0,25.0,1.0,0.0,hypothetical scenario
gaussian,0.654,0.0,316912.0,7925000.0,5182950.0,0.0,,207230.0,False,7925000.0,25.0,1.0,0.0,hypothetical scenario
gaussian,0.656,0.0,316912.0,7925000.0,5198800.0,0.0,,207864.0,False,7925000.0,25.0,1.0,0.0,hypothetical scenario
gaussian,0.658,0.0,316912.0,7925000.0,5214650.0,0.0,,208498.0,False,7925000.0,25.0,1.0,0.0,hypothetical scenario
gaussian,0.66,0.0,316912.0,7925000.0,5230500.0,0.0,,209132.0,False,7925000.0,25.0,1.0,0.0,hypothetical scenario
gaussian,0.662,0.0,316912.0,7925000.0,5246350.0,0.0,,209766.0,False,7925000.0,25.0,1.0,0.0,hypothetical scenario
gaussian,0.664,0.0,316912.0,7925000.0,5262200.0,0.0,,210400.0,False,7925000.0,25.0,1.0,0.0,hypothetical scenario
gaussian,0.666,0.0,316912.0,7925000.0,5278050.0,0.0,,211034.0,False,7925000.0,25.0,1.0,0.0,hypothetical scenario
gaussian,0.668,0.0,316912.0,7925000.0,5293900.0,0.0,,211668.0,False,7925000.0,25.0,1.0,0.0,hypothetical scenario
gaussian,0.67,0.0,316912.0,7925000.0,5309750.0,0.0,,212302.0,False,7925000.0,25.0,1.0,0.0,hypothetical scenario
gaussian,0.672,0.0,316912.0,7925000.0,5325600.0,0.0,,212936.0,False,7925000.0,25.0,1.0,0.0,hypothetical scenario
gaussian,0.674,0.0,316912.0,7925000.0,5341450.0,0.0,,213570.0,False,7925000.0,25.0,1.0,0.0,hypothetical scenario
gaussian,0.676,0.0,316912.0,7925000.0,5357300.0,0.0,,214204.0,False,7925000.0,25.0,1.0,0.0,hypothetical scenario
gaussian,0.678,0.0,316912.0,7925000.0,5373150.0,0.0,,214838.0,False,7925000.0,25.0,1.0,0.0,hypothetical scenario
gaussian,0.68,0.0,316912.0,7925000.0,5389000.0,0.0,,215472.0,False,7925000.0,25.0,1.0,0.0,hypothetical scenario
gaussian,0.682,0.0,316912.0,7925000.0,5404850.0,0.0,,216106.0,False,7925000.0,25.0,1.0,0.0,hypothetical scenario
gaussian,0.684,0.0,316912.0,7925000.0,5420700.0,0.0,,216740.0,False,7925000.0,25.0,1.0,0.0,hypothetical scenario
gaussian,0.686,0.0,316912.0,7925000.0,5436550.0,0.0,,217374.0,False,7925000.0,25.0,1.0,0.0,hypothetical scenario
gaussian,0.6880000000000001,0.0,316912.0,7925000.0,5452400.0,0.0,,218008.0,False,7925000.0,25.0,1.0,0.0,hypothetical scenario
gaussian,0.6900000000000001,0.0,316912.0,7925000.0,5468250.0,0.0,,218642.0,False,7925000.0,25.0,1.0,0.0,hypothetical scenario
gaussian,0.6920000000000001,0.0,316912.0,7925000.0,5484100.000000001,0.0,,219276.00000000006,False,7925000.0,25.0,1.0,0.0,hypothetical scenario
gaussian,0.6940000000000001,0.0,316912.0,7925000.0,5499950.000000001,0.0,,219910.00000000006,False,7925000.0,25.0,1.0,0.0,hypothetical scenario
gaussian,0.6960000000000001,0.0,316912.0,7925000.0,5515800.000000001,0.0,,220544.00000000006,False,7925000.0,25.0,1.0,0.0,hypothetical scenario
gaussian,0.6980000000000001,0.0,316912.0,7925000.0,5531650.000000001,0.0,,221178.00000000006,False,7925000.0,25.0,1.0,0.0,hypothetical scenario
gaussian,0.7000000000000001,0.0,316912.0,7925000.0,5547500.000000001,0.0,,221812.00000000006,False,7925000.0,25.0,1.0,0.0,hypothetical scenario
gaussian,0.7020000000000001,0.0,316912.0,7925000.0,5563350.000000001,0.0,,222446.00000000006,False,7925000.0,25.0,1.0,0.0,hypothetical scenario
gaussian,0.704,0.0,316912.0,7925000.0,5579200.0,0.0,,223080.0,False,7925000.0,25.0,1.0,0.0,hypothetical scenario
gaussian,0.706,0.0,316912.0,7925000.0,5595050.0,0.0,,223714.0,False,7925000.0,25.0,1.0,0.0,hypothetical scenario
gaussian,0.708,0.0,316912.0,7925000.0,5610900.0,0.0,,224348.0,False,7925000.0,25.0,1.0,0.0,hypothetical scenario
gaussian,0.71,0.0,316912.0,7925000.0,5626750.0,0.0,,224982.0,False,7925000.0,25.0,1.0,0.0,hypothetical scenario
gaussian,0.712,0.0,316912.0,7925000.0,5642600.0,0.0,,225616.0,False,7925000.0,25.0,1.0,0.0,hypothetical scenario
gaussian,0.714,0.0,316912.0,7925000.0,5658450.0,0.0,,226250.0,False,7925000.0,25.0,1.0,0.0,hypothetical scenario
gaussian,0.716,0.0,316912.0,7925000.0,5674300.0,0.0,,226884.0,False,7925000.0,25.0,1.0,0.0,hypothetical scenario
gaussian,0.718,0.0,316912.0,7925000.0,5690150.0,0.0,,227518.0,False,7925000.0,25.0,1.0,0.0,hypothetical scenario
gaussian,0.72,0.0,316912.0,7925000.0,5706000.0,0.0,,228152.0,False,7925000.0,25.0,1.0,0.0,hypothetical scenario
gaussian,0.722,0.0,316912.0,7925000.0,5721850.0,0.0,,228786.0,False,7925000.0,25.0,1.0,0.0,hypothetical scenario
gaussian,0.724,0.0,316912.0,7925000.0,5737700.0,0.0,,229420.0,False,7925000.0,25.0,1.0,0.0,hypothetical scenario
gaussian,0.726,0.0,316912.0,7925000.0,5753550.0,0.0,,230054.0,False,7925000.0,25.0,1.0,0.0,hypothetical scenario
gaussian,0.728,0.0,316912.0,7925000.0,5769400.0,0.0,,230688.0,False,7925000.0,25.0,1.0,0.0,hypothetical scenario
gaussian,0.73,0.0,316912.0,7925000.0,5785250.0,0.0,,231322.0,False,7925000.0,25.0,1.0,0.0,hypothetical scenario
gaussian,0.732,0.0,316912.0,7925000.0,5801100.0,0.0,,231956.0,False,7925000.0,25.0,1.0,0.0,hypothetical scenario
gaussian,0.734,0.0,316912.0,7925000.0,5816950.0,0.0,,232590.0,False,7925000.0,25.0,1.0,0.0,hypothetical scenario
gaussian,0.736,0.0,316912.0,7925000.0,5832800.0,0.0,,233224.0,False,7925000.0,25.0,1.0,0.0,hypothetical scenario
gaussian,0.738,0.0,316912.0,7925000.0,5848650.0,0.0,,233858.0,False,7925000.0,25.0,1.0,0.0,hypothetical scenario
gaussian,0.74,0.0,316912.0,7925000.0,5864500.0,0.0,,234492.0,False,7925000.0,25.0,1.0,0.0,hypothetical scenario
gaussian,0.742,0.0,316912.0,7925000.0,5880350.0,0.0,,235126.0,False,7925000.0,25.0,1.0,0.0,hypothetical scenario
gaussian,0.744,0.0,316912.0,7925000.0,5896200.0,0.0,,235760.0,False,7925000.0,25.0,1.0,0.0,hypothetical scenario
gaussian,0.746,0.0,316912.0,7925000.0,5912050.0,0.0,,236394.0,False,7925000.0,25.0,1.0,0.0,hypothetical scenario
gaussian,0.748,0.0,316912.0,7925000.0,5927900.0,0.0,,237028.0,False,7925000.0,25.0,1.0,0.0,hypothetical scenario
gaussian,0.75,0.0,316912.0,7925000.0,5943750.0,0.0,,237662.0,False,7925000.0,25.0,1.0,0.0,hypothetical scenario
gaussian,0.752,0.0,316912.0,7925000.0,5959600.0,0.0,,238296.0,False,7925000.0,25.0,1.0,0.0,hypothetical scenario
gaussian,0.754,0.0,316912.0,7925000.0,5975450.0,0.0,,238930.0,False,7925000.0,25.0,1.0,0.0,hypothetical scenario
gaussian,0.756,0.0,316912.0,7925000.0,5991300.0,0.0,,239564.0,False,7925000.0,25.0,1.0,0.0,hypothetical scenario
gaussian,0.758,0.0,316912.0,7925000.0,6007150.0,0.0,,240198.0,False,7925000.0,25.0,1.0,0.0,hypothetical scenario
gaussian,0.76,0.0,316912.0,7925000.0,6023000.0,0.0,,240832.0,False,7925000.0,25.0,1.0,0.0,hypothetical scenario
gaussian,0.762,0.0,316912.0,7925000.0,6038850.0,0.0,,241466.0,False,7925000.0,25.0,1.0,0.0,hypothetical scenario
gaussian,0.764,0.0,316912.0,7925000.0,6054700.0,0.0,,242100.0,False,7925000.0,25.0,1.0,0.0,hypothetical scenario
gaussian,0.766,0.0,316912.0,7925000.0,6070550.0,0.0,,242734.0,False,7925000.0,25.0,1.0,0.0,hypothetical scenario
gaussian,0.768,0.0,316912.0,7925000.0,6086400.0,0.0,,243368.0,False,7925000.0,25.0,1.0,0.0,hypothetical scenario
gaussian,0.77,0.0,316912.0,7925000.0,6102250.0,0.0,,244002.0,False,7925000.0,25.0,1.0,0.0,hypothetical scenario
gaussian,0.772,0.0,316912.0,7925000.0,6118100.0,0.0,,244636.0,False,7925000.0,25.0,1.0,0.0,hypothetical scenario
gaussian,0.774,0.0,316912.0,7925000.0,6133950.0,0.0,,245270.0,False,7925000.0,25.0,1.0,0.0,hypothetical scenario
gaussian,0.776,0.0,316912.0,7925000.0,6149800.0,0.0,,245904.0,False,7925000.0,25.0,1.0,0.0,hypothetical scenario
gaussian,0.778,0.0,316912.0,7925000.0,6165650.0,0.0,,246538.0,False,7925000.0,25.0,1.0,0.0,hypothetical scenario
gaussian,0.78,0.0,316912.0,7925000.0,6181500.0,0.0,,247172.0,False,7925000.0,25.0,1.0,0.0,hypothetical scenario
gaussian,0.782,0.0,316912.0,7925000.0,6197350.0,0.0,,247806.0,False,7925000.0,25.0,1.0,0.0,hypothetical scenario
gaussian,0.784,0.0,316912.0,7925000.0,6213200.0,0.0,,248440.0,False,7925000.0,25.0,1.0,0.0,hypothetical scenario
gaussian,0.786,0.0,316912.0,7925000.0,6229050.0,0.0,,249074.0,False,7925000.0,25.0,1.0,0.0,hypothetical scenario
gaussian,0.788,0.0,316912.0,7925000.0,6244900.0,0.0,,249708.0,False,7925000.0,25.0,1.0,0.0,hypothetical scenario
gaussian,0.79,0.0,316912.0,7925000.0,6260750.0,0.0,,250342.0,False,7925000.0,25.0,1.0,0.0,hypothetical scenario
gaussian,0.792,0.0,316912.0,7925000.0,6276600.0,0.0,,250976.0,False,7925000.0,25.0,1.0,0.0,hypothetical scenario
gaussian,0.794,0.0,316912.0,7925000.0,6292450.0,0.0,,251610.0,False,7925000.0,25.0,1.0,0.0,hypothetical scenario
gaussian,0.796,0.0,316912.0,7925000.0,6308300.0,0.0,,252244.0,False,7925000.0,25.0,1.0,0.0,hypothetical scenario
gaussian,0.798,0.0,316912.0,7925000.0,6324150.0,0.0,,252878.0,False,7925000.0,25.0,1.0,0.0,hypothetical scenario
gaussian,0.8,0.0,316912.0,7925000.0,6340000.0,0.0,,253512.0,False,7925000.0,25.0,1.0,0.0,hypothetical scenario
gaussian,0.802,0.0,316912.0,7925000.0,6355850.0,0.0,,254146.0,False,7925000.0,25.0,1.0,0.0,hypothetical scenario
gaussian,0.804,0.0,316912.0,7925000.0,6371700.0,0.0,,254780.0,False,7925000.0,25.0,1.0,0.0,hypothetical scenario
gaussian,0.806,0.0,316912.0,7925000.0,6387550.0,0.0,,255414.0,False,7925000.0,25.0,1.0,0.0,hypothetical scenario
gaussian,0.808,0.0,316912.0,7925000.0,6403400.0,0.0,,256048.0,False,7925000.0,25.0,1.0,0.0,hypothetical scenario
gaussian,0.81,0.0,316912.0,7925000.0,6419250.0,0.0,,256682.0,False,7925000.0,25.0,1.0,0.0,hypothetical scenario
gaussian,0.812,0.0,316912.0,7925000.0,6435100.0,0.0,,257316.0,False,7925000.0,25.0,1.0,0.0,hypothetical scenario
gaussian,0.8140000000000001,0.0,316912.0,7925000.0,6450950.0,0.0,,257950.0,False,7925000.0,25.0,1.0,0.0,hypothetical scenario
gaussian,0.8160000000000001,0.0,316912.0,7925000.0,6466800.0,0.0,,258584.0,False,7925000.0,25.0,1.0,0.0,hypothetical scenario
gaussian,0.8180000000000001,0.0,316912.0,7925000.0,6482650.000000001,0.0,,259218.00000000003,False,7925000.0,25.0,1.0,0.0,hypothetical scenario
gaussian,0.8200000000000001,0.0,316912.0,7925000.0,6498500.000000001,0.0,,259852.00000000003,False,7925000.0,25.0,1.0,0.0,hypothetical scenario
gaussian,0.8220000000000001,0.0,316912.0,7925000.0,6514350.000000001,0.0,,260486.00000000003,False,7925000.0,25.0,1.0,0.0,hypothetical scenario
gaussian,0.8240000000000001,0.0,316912.0,7925000.0,6530200.000000001,0.0,,261120.00000000003,False,7925000.0,25.0,1.0,0.0,hypothetical scenario
gaussian,0.8260000000000001,0.0,316912.0,7925000.0,6546050.000000001,0.0,,261754.00000000003,False,7925000.0,25.0,1.0,0.0,hypothetical scenario
gaussian,0.8280000000000001,0.0,316912.0,7925000.0,6561900.000000001,0.0,,262388.00000000006,False,7925000.0,25.0,1.0,0.0,hypothetical scenario
gaussian,0.8300000000000001,0.0,316912.0,7925000.0,6577750.000000001,0.0,,263022.00000000006,False,7925000.0,25.0,1.0,0.0,hypothetical scenario
gaussian,0.8320000000000001,0.0,316912.0,7925000.0,6593600.000000001,0.0,,263656.00000000006,False,7925000.0,25.0,1.0,0.0,hypothetical scenario
gaussian,0.834,0.0,316912.0,7925000.0,6609450.0,0.0,,264290.0,False,7925000.0,25.0,1.0,0.0,hypothetical scenario
gaussian,0.836,0.0,316912.0,7925000.0,6625300.0,0.0,,264924.0,False,7925000.0,25.0,1.0,0.0,hypothetical scenario
gaussian,0.838,0.0,316912.0,7925000.0,6641150.0,0.0,,265558.0,False,7925000.0,25.0,1.0,0.0,hypothetical scenario
gaussian,0.84,0.0,316912.0,7925000.0,6657000.0,0.0,,266192.0,False,7925000.0,25.0,1.0,0.0,hypothetical scenario
gaussian,0.842,0.0,316912.0,7925000.0,6672850.0,0.0,,266826.0,False,7925000.0,25.0,1.0,0.0,hypothetical scenario
gaussian,0.844,0.0,316912.0,7925000.0,6688700.0,0.0,,267460.0,False,7925000.0,25.0,1.0,0.0,hypothetical scenario
gaussian,0.846,0.0,316912.0,7925000.0,6704550.0,0.0,,268094.0,False,7925000.0,25.0,1.0,0.0,hypothetical scenario
gaussian,0.848,0.0,316912.0,7925000.0,6720400.0,0.0,,268728.0,False,7925000.0,25.0,1.0,0.0,hypothetical scenario
gaussian,0.85,0.0,316912.0,7925000.0,6736250.0,0.0,,269362.0,False,7925000.0,25.0,1.0,0.0,hypothetical scenario
gaussian,0.852,0.0,316912.0,7925000.0,6752100.0,0.0,,269996.0,False,7925000.0,25.0,1.0,0.0,hypothetical scenario
gaussian,0.854,0.0,316912.0,7925000.0,6767950.0,0.0,,270630.0,False,7925000.0,25.0,1.0,0.0,hypothetical scenario
gaussian,0.856,0.0,316912.0,7925000.0,6783800.0,0.0,,271264.0,False,7925000.0,25.0,1.0,0.0,hypothetical scenario
gaussian,0.858,0.0,316912.0,7925000.0,6799650.0,0.0,,271898.0,False,7925000.0,25.0,1.0,0.0,hypothetical scenario
gaussian,0.86,0.0,316912.0,7925000.0,6815500.0,0.0,,272532.0,False,7925000.0,25.0,1.0,0.0,hypothetical scenario
gaussian,0.862,0.0,316912.0,7925000.0,6831350.0,0.0,,273166.0,False,7925000.0,25.0,1.0,0.0,hypothetical scenario
gaussian,0.864,0.0,316912.0,7925000.0,6847200.0,0.0,,273800.0,False,7925000.0,25.0,1.0,0.0,hypothetical scenario
gaussian,0.866,0.0,316912.0,7925000.0,6863050.0,0.0,,274434.0,False,7925000.0,25.0,1.0,0.0,hypothetical scenario
gaussian,0.868,0.0,316912.0,7925000.0,6878900.0,0.0,,275068.0,False,7925000.0,25.0,1.0,0.0,hypothetical scenario
gaussian,0.87,0.0,316912.0,7925000.0,6894750.0,0.0,,275702.0,False,7925000.0,25.0,1.0,0.0,hypothetical scenario
gaussian,0.872,0.0,316912.0,7925000.0,6910600.0,0.0,,276336.0,False,7925000.0,25.0,1.0,0.0,hypothetical scenario
gaussian,0.874,0.0,316912.0,7925000.0,6926450.0,0.0,,276970.0,False,7925000.0,25.0,1.0,0.0,hypothetical scenario
gaussian,0.876,0.0,316912.0,7925000.0,6942300.0,0.0,,277604.0,False,7925000.0,25.0,1.0,0.0,hypothetical scenario
gaussian,0.878,0.0,316912.0,7925000.0,6958150.0,0.0,,278238.0,False,7925000.0,25.0,1.0,0.0,hypothetical scenario
gaussian,0.88,0.0,316912.0,7925000.0,6974000.0,0.0,,278872.0,False,7925000.0,25.0,1.0,0.0,hypothetical scenario
gaussian,0.882,0.0,316912.0,7925000.0,6989850.0,0.0,,279506.0,False,7925000.0,25.0,1.0,0.0,hypothetical scenario
gaussian,0.884,0.0,316912.0,7925000.0,7005700.0,0.0,,280140.0,False,7925000.0,25.0,1.0,0.0,hypothetical scenario
gaussian,0.886,0.0,316912.0,7925000.0,7021550.0,0.0,,280774.0,False,7925000.0,25.0,1.0,0.0,hypothetical scenario
gaussian,0.888,0.0,316912.0,7925000.0,7037400.0,0.0,,281408.0,False,7925000.0,25.0,1.0,0.0,hypothetical scenario
gaussian,0.89,0.0,316912.0,7925000.0,7053250.0,0.0,,282042.0,False,7925000.0,25.0,1.0,0.0,hypothetical scenario
gaussian,0.892,0.0,316912.0,7925000.0,7069100.0,0.0,,282676.0,False,7925000.0,25.0,1.0,0.0,hypothetical scenario
gaussian,0.894,0.0,316912.0,7925000.0,7084950.0,0.0,,283310.0,False,7925000.0,25.0,1.0,0.0,hypothetical scenario
gaussian,0.896,0.0,316912.0,7925000.0,7100800.0,0.0,,283944.0,False,7925000.0,25.0,1.0,0.0,hypothetical scenario
gaussian,0.898,0.0,316912.0,7925000.0,7116650.0,0.0,,284578.0,False,7925000.0,25.0,1.0,0.0,hypothetical scenario
gaussian,0.9,0.0,316912.0,7925000.0,7132500.0,0.0,,285212.0,False,7925000.0,25.0,1.0,0.0,hypothetical scenario
gaussian,0.902,0.0,316912.0,7925000.0,7148350.0,0.0,,285846.0,False,7925000.0,25.0,1.0,0.0,hypothetical scenario
gaussian,0.904,0.0,316912.0,7925000.0,7164200.0,0.0,,286480.0,False,7925000.0,25.0,1.0,0.0,hypothetical scenario
gaussian,0.906,0.0,316912.0,7925000.0,7180050.0,0.0,,287114.0,False,7925000.0,25.0,1.0,0.0,hypothetical scenario
gaussian,0.908,0.0,316912.0,7925000.0,7195900.0,0.0,,287748.0,False,7925000.0,25.0,1.0,0.0,hypothetical scenario
gaussian,0.91,0.0,316912.0,7925000.0,7211750.0,0.0,,288382.0,False,7925000.0,25.0,1.0,0.0,hypothetical scenario
gaussian,0.912,0.0,316912.0,7925000.0,7227600.0,0.0,,289016.0,False,7925000.0,25.0,1.0,0.0,hypothetical scenario
gaussian,0.914,0.0,316912.0,7925000.0,7243450.0,0.0,,289650.0,False,7925000.0,25.0,1.0,0.0,hypothetical scenario
gaussian,0.916,0.0,316912.0,7925000.0,7259300.0,0.0,,290284.0,False,7925000.0,25.0,1.0,0.0,hypothetical scenario
gaussian,0.918,0.0,316912.0,7925000.0,7275150.0,0.0,,290918.0,False,7925000.0,25.0,1.0,0.0,hypothetical scenario
gaussian,0.92,0.0,316912.0,7925000.0,7291000.0,0.0,,291552.0,False,7925000.0,25.0,1.0,0.0,hypothetical scenario
gaussian,0.922,0.0,316912.0,7925000.0,7306850.0,0.0,,292186.0,False,7925000.0,25.0,1.0,0.0,hypothetical scenario
gaussian,0.924,0.0,316912.0,7925000.0,7322700.0,0.0,,292820.0,False,7925000.0,25.0,1.0,0.0,hypothetical scenario
gaussian,0.926,0.0,316912.0,7925000.0,7338550.0,0.0,,293454.0,False,7925000.0,25.0,1.0,0.0,hypothetical scenario
gaussian,0.928,0.0,316912.0,7925000.0,7354400.0,0.0,,294088.0,False,7925000.0,25.0,1.0,0.0,hypothetical scenario
gaussian,0.93,0.0,316912.0,7925000.0,7370250.0,0.0,,294722.0,False,7925000.0,25.0,1.0,0.0,hypothetical scenario
gaussian,0.932,0.0,316912.0,7925000.0,7386100.0,0.0,,295356.0,False,7925000.0,25.0,1.0,0.0,hypothetical scenario
gaussian,0.934,0.0,316912.0,7925000.0,7401950.0,0.0,,295990.0,False,7925000.0,25.0,1.0,0.0,hypothetical scenario
gaussian,0.936,0.0,316912.0,7925000.0,7417800.0,0.0,,296624.0,False,7925000.0,25.0,1.0,0.0,hypothetical scenario
gaussian,0.9380000000000001,0.0,316912.0,7925000.0,7433650.0,0.0,,297258.0,False,7925000.0,25.0,1.0,0.0,hypothetical scenario
gaussian,0.9400000000000001,0.0,316912.0,7925000.0,7449500.0,0.0,,297892.0,False,7925000.0,25.0,1.0,0.0,hypothetical scenario
gaussian,0.9420000000000001,0.0,316912.0,7925000.0,7465350.000000001,0.0,,298526.00000000006,False,7924999.999999999,25.0,1.0,0.0,hypothetical scenario
gaussian,0.9440000000000001,0.0,316912.0,7925000.0,7481200.000000001,0.0,,299160.00000000006,False,7924999.999999999,25.0,1.0,0.0,hypothetical scenario
gaussian,0.9460000000000001,0.0,316912.0,7925000.0,7497050.000000001,0.0,,299794.00000000006,False,7924999.999999999,25.0,1.0,0.0,hypothetical scenario
gaussian,0.9480000000000001,0.0,316912.0,7925000.0,7512900.000000001,0.0,,300428.00000000006,False,7924999.999999999,25.0,1.0,0.0,hypothetical scenario
gaussian,0.9500000000000001,0.0,316912.0,7925000.0,7528750.000000001,0.0,,301062.00000000006,False,7924999.999999999,25.0,1.0,0.0,hypothetical scenario
gaussian,0.9520000000000001,0.0,316912.0,7925000.0,7544600.000000001,0.0,,301696.00000000006,False,7924999.999999999,25.0,1.0,0.0,hypothetical scenario
gaussian,0.9540000000000001,0.0,316912.0,7925000.0,7560450.000000001,0.0,,302330.00000000006,False,7924999.999999999,25.0,1.0,0.0,hypothetical scenario
gaussian,0.9560000000000001,0.0,316912.0,7925000.0,7576300.000000001,0.0,,302964.00000000006,False,7924999.999999999,25.0,1.0,0.0,hypothetical scenario
gaussian,0.9580000000000001,0.0,316912.0,7925000.0,7592150.000000001,0.0,,303598.00000000006,False,7924999.999999999,25.0,1.0,0.0,hypothetical scenario
gaussian,0.96,0.0,316912.0,7925000.0,7608000.0,0.0,,304232.0,False,7925000.0,25.0,1.0,0.0,hypothetical scenario
gaussian,0.962,0.0,316912.0,7925000.0,7623850.0,0.0,,304866.0,False,7925000.0,25.0,1.0,0.0,hypothetical scenario
gaussian,0.964,0.0,316912.0,7925000.0,7639700.0,0.0,,305500.0,False,7925000.0,25.0,1.0,0.0,hypothetical scenario
gaussian,0.966,0.0,316912.0,7925000.0,7655550.0,0.0,,306134.0,False,7925000.0,25.0,1.0,0.0,hypothetical scenario
gaussian,0.968,0.0,316912.0,7925000.0,7671400.0,0.0,,306768.0,False,7925000.0,25.0,1.0,0.0,hypothetical scenario
gaussian,0.97,0.0,316912.0,7925000.0,7687250.0,0.0,,307402.0,False,7925000.0,25.0,1.0,0.0,hypothetical scenario
gaussian,0.972,0.0,316912.0,7925000.0,7703100.0,0.0,,308036.0,False,7925000.0,25.0,1.0,0.0,hypothetical scenario
gaussian,0.974,0.0,316912.0,7925000.0,7718950.0,0.0,,308670.0,False,7925000.0,25.0,1.0,0.0,hypothetical scenario
gaussian,0.976,0.0,316912.0,7925000.0,7734800.0,0.0,,309304.0,False,7925000.0,25.0,1.0,0.0,hypothetical scenario
gaussian,0.978,0.0,316912.0,7925000.0,7750650.0,0.0,,309938.0,False,7925000.0,25.0,1.0,0.0,hypothetical scenario
gaussian,0.98,0.0,316912.0,7925000.0,7766500.0,0.0,,310572.0,False,7925000.0,25.0,1.0,0.0,hypothetical scenario
gaussian,0.982,0.0,316912.0,7925000.0,7782350.0,0.0,,311206.0,False,7925000.0,25.0,1.0,0.0,hypothetical scenario
gaussian,0.984,0.0,316912.0,7925000.0,7798200.0,0.0,,311840.0,False,7925000.0,25.0,1.0,0.0,hypothetical scenario
gaussian,0.986,0.0,316912.0,7925000.0,7814050.0,0.0,,312474.0,False,7925000.0,25.0,1.0,0.0,hypothetical scenario
gaussian,0.988,0.0,316912.0,7925000.0,7829900.0,0.0,,313108.0,False,7925000.0,25.0,1.0,0.0,hypothetical scenario
gaussian,0.99,0.0,316912.0,7925000.0,7845750.0,0.0,,313742.0,False,7925000.0,25.0,1.0,0.0,hypothetical scenario
gaussian,0.992,0.0,316912.0,7925000.0,7861600.0,0.0,,314376.0,False,7925000.0,25.0,1.0,0.0,hypothetical scenario
gaussian,0.994,0.0,316912.0,7925000.0,7877450.0,0.0,,315010.0,False,7925000.0,25.0,1.0,0.0,hypothetical scenario
gaussian,0.996,0.0,316912.0,7925000.0,7893300.0,0.0,,315644.0,False,7925000.0,25.0,1.0,0.0,hypothetical scenario
gaussian,0.998,0.0,316912.0,7925000.0,7909150.0,0.0,,316278.0,False,7925000.0,25.0,1.0,0.0,hypothetical scenario
gaussian,1.0,0.0,316912.0,7925000.0,7925000.0,0.0,,,True,7925000.0,0.0,0.0,0.0,hypothetical scenario
gaussian,0.0,0.025,316912.0,7925000.0,0.0,7922.8,,-88.0,False,7925000.0,25.0,1.0,0.0,hypothetical scenario
gaussian,0.002,0.025,316912.0,7925000.0,15850.0,7922.8,,546.0,False,7924999.999999999,25.0,1.0,0.0,hypothetical scenario
gaussian,0.004,0.025,316912.0,7925000.0,31700.0,7922.8,,1180.0,False,7925000.0,25.0,1.0,0.0,hypothetical scenario
gaussian,0.006,0.025,316912.0,7925000.0,47550.0,7922.8,,1814.0,False,7924999.999999999,25.0,1.0,0.0,hypothetical scenario
gaussian,0.008,0.025,316912.0,7925000.0,63400.0,7922.8,,2448.0,False,7925000.0,25.0,1.0,0.0,hypothetical scenario
gaussian,0.01,0.025,316912.0,7925000.0,79250.0,7922.8,,3082.0,False,7924999.999999999,25.0,1.0,0.0,hypothetical scenario
gaussian,0.012,0.025,316912.0,7925000.0,95100.0,7922.8,,3716.0,False,7925000.0,25.0,1.0,0.0,hypothetical scenario
gaussian,0.014,0.025,316912.0,7925000.0,110950.0,7922.8,,4349.999999999942,False,7925000.000000002,25.0,1.0,0.0,hypothetical scenario
gaussian,0.016,0.025,316912.0,7925000.0,126800.0,7922.8,,4984.0,False,7925000.0,25.0,1.0,0.0,hypothetical scenario
gaussian,0.018000000000000002,0.025,316912.0,7925000.0,142650.00000000003,7922.8,,5617.999999999942,False,7925000.000000002,25.0,1.0,0.0,hypothetical scenario
gaussian,0.02,0.025,316912.0,7925000.0,158500.0,7922.8,,6252.0,False,7925000.0,25.0,1.0,0.0,hypothetical scenario
gaussian,0.022,0.025,316912.0,7925000.0,174350.0,7922.8,,6885.999999999942,False,7925000.000000002,25.0,1.0,0.0,hypothetical scenario
gaussian,0.024,0.025,316912.0,7925000.0,190200.0,7922.8,,7520.0,False,7925000.0,25.0,1.0,0.0,hypothetical scenario
gaussian,0.026000000000000002,0.025,316912.0,7925000.0,206050.00000000003,7922.8,,8153.999999999942,False,7925000.000000002,25.0,1.0,0.0,hypothetical scenario
gaussian,0.028,0.025,316912.0,7925000.0,221900.0,7922.8,,8788.0,False,7925000.0,25.0,1.0,0.0,hypothetical scenario
gaussian,0.03,0.025,316912.0,7925000.0,237750.0,7922.8,,9421.999999999942,False,7925000.000000001,25.0,1.0,0.0,hypothetical scenario
gaussian,0.032,0.025,316912.0,7925000.0,253600.0,7922.8,,10056.0,False,7925000.0,25.0,1.0,0.0,hypothetical scenario
gaussian,0.034,0.025,316912.0,7925000.0,269450.0,7922.8,,10689.999999999942,False,7925000.000000001,25.0,1.0,0.0,hypothetical scenario
gaussian,0.036000000000000004,0.025,316912.0,7925000.0,285300.00000000006,7922.8,,11324.0,False,7925000.0,25.0,1.0,0.0,hypothetical scenario
gaussian,0.038,0.025,316912.0,7925000.0,301150.0,7922.8,,11957.999999999942,False,7925000.000000001,25.0,1.0,0.0,hypothetical scenario
gaussian,0.04,0.025,316912.0,7925000.0,317000.0,7922.8,,12592.0,False,7925000.0,25.0,1.0,0.0,hypothetical scenario
gaussian,0.042,0.025,316912.0,7925000.0,332850.0,7922.8,,13225.999999999942,False,7925000.000000001,25.0,1.0,0.0,hypothetical scenario
gaussian,0.044,0.025,316912.0,7925000.0,348700.0,7922.8,,13860.0,False,7925000.0,25.0,1.0,0.0,hypothetical scenario
gaussian,0.046,0.025,316912.0,7925000.0,364550.0,7922.8,,14493.999999999942,False,7925000.000000001,25.0,1.0,0.0,hypothetical scenario
gaussian,0.048,0.025,316912.0,7925000.0,380400.0,7922.8,,15128.0,False,7925000.0,25.0,1.0,0.0,hypothetical scenario
gaussian,0.05,0.025,316912.0,7925000.0,396250.0,7922.8,,15761.999999999942,False,7925000.000000001,25.0,1.0,0.0,hypothetical scenario
gaussian,0.052000000000000005,0.025,316912.0,7925000.0,412100.00000000006,7922.8,,16396.0,False,7925000.0,25.0,1.0,0.0,hypothetical scenario
gaussian,0.054,0.025,316912.0,7925000.0,427950.0,7922.8,,17029.99999999994,False,7925000.000000001,25.0,1.0,0.0,hypothetical scenario
gaussian,0.056,0.025,316912.0,7925000.0,443800.0,7922.8,,17664.0,False,7925000.0,25.0,1.0,0.0,hypothetical scenario
gaussian,0.058,0.025,316912.0,7925000.0,459650.0,7922.8,,18297.99999999994,False,7925000.000000001,25.0,1.0,0.0,hypothetical scenario
gaussian,0.06,0.025,316912.0,7925000.0,475500.0,7922.8,,18932.0,False,7925000.0,25.0,1.0,0.0,hypothetical scenario
gaussian,0.062,0.025,316912.0,7925000.0,491350.0,7922.8,,19565.99999999994,False,7925000.000000001,25.0,1.0,0.0,hypothetical scenario
gaussian,0.064,0.025,316912.0,7925000.0,507200.0,7922.8,,20200.0,False,7925000.0,25.0,1.0,0.0,hypothetical scenario
gaussian,0.066,0.025,316912.0,7925000.0,523050.0,7922.8,,20833.99999999994,False,7925000.000000001,25.0,1.0,0.0,hypothetical scenario
gaussian,0.068,0.025,316912.0,7925000.0,538900.0,7922.8,,21468.0,False,7925000.0,25.0,1.0,0.0,hypothetical scenario
gaussian,0.07,0.025,316912.0,7925000.0,554750.0,7922.8,,22101.99999999994,False,7925000.000000001,25.0,1.0,0.0,hypothetical scenario
gaussian,0.07200000000000001,0.025,316912.0,7925000.0,570600.0000000001,7922.8,,22736.0,False,7925000.0,25.0,1.0,0.0,hypothetical scenario
gaussian,0.074,0.025,316912.0,7925000.0,586450.0,7922.8,,23369.99999999994,False,7925000.000000001,25.0,1.0,0.0,hypothetical scenario
gaussian,0.076,0.025,316912.0,7925000.0,602300.0,7922.8,,24004.0,False,7925000.0,25.0,1.0,0.0,hypothetical scenario
gaussian,0.078,0.025,316912.0,7925000.0,618150.0,7922.8,,24637.99999999994,False,7925000.000000001,25.0,1.0,0.0,hypothetical scenario
gaussian,0.08,0.025,316912.0,7925000.0,634000.0,7922.8,,25272.0,False,7925000.0,25.0,1.0,0.0,hypothetical scenario
gaussian,0.082,0.025,316912.0,7925000.0,649850.0,7922.8,,25905.99999999994,False,7925000.000000001,25.0,1.0,0.0,hypothetical scenario
gaussian,0.084,0.025,316912.0,7925000.0,665700.0,7922.8,,26540.0,False,7925000.0,25.0,1.0,0.0,hypothetical scenario
gaussian,0.08600000000000001,0.025,316912.0,7925000.0,681550.0,7922.8,,27173.99999999994,False,7925000.000000001,25.0,1.0,0.0,hypothetical scenario
gaussian,0.088,0.025,316912.0,7925000.0,697400.0,7922.8,,27808.0,False,7925000.0,25.0,1.0,0.0,hypothetical scenario
gaussian,0.09,0.025,316912.0,7925000.0,713250.0,7922.8,,28441.99999999994,False,7925000.000000001,25.0,1.0,0.0,hypothetical scenario
gaussian,0.092,0.025,316912.0,7925000.0,729100.0,7922.8,,29076.0,False,7925000.0,25.0,1.0,0.0,hypothetical scenario
gaussian,0.094,0.025,316912.0,7925000.0,744950.0,7922.8,,29709.99999999994,False,7925000.000000001,25.0,1.0,0.0,hypothetical scenario
gaussian,0.096,0.025,316912.0,7925000.0,760800.0,7922.8,,30344.0,False,7925000.0,25.0,1.0,0.0,hypothetical scenario
gaussian,0.098,0.025,316912.0,7925000.0,776650.0,7922.8,,30977.99999999994,False,7925000.000000001,25.0,1.0,0.0,hypothetical scenario
gaussian,0.1,0.025,316912.0,7925000.0,792500.0,7922.8,,31612.0,False,7925000.0,25.0,1.0,0.0,hypothetical scenario
gaussian,0.10200000000000001,0.025,316912.0,7925000.0,808350.0,7922.8,,32245.99999999994,False,7925000.000000001,25.0,1.0,0.0,hypothetical scenario
gaussian,0.10400000000000001,0.025,316912.0,7925000.0,824200.0000000001,7922.8,,32880.0,False,7925000.0,25.0,1.0,0.0,hypothetical scenario
gaussian,0.106,0.025,316912.0,7925000.0,840050.0,7922.8,,33513.99999999994,False,7925000.000000001,25.0,1.0,0.0,hypothetical scenario
gaussian,0.108,0.025,316912.0,7925000.0,855900.0,7922.8,,34148.0,False,7925000.0,25.0,1.0,0.0,hypothetical scenario
gaussian,0.11,0.025,316912.0,7925000.0,871750.0,7922.8,,34782.0,False,7924999.999999999,25.0,1.0,0.0,hypothetical scenario
gaussian,0.112,0.025,316912.0,7925000.0,887600.0,7922.8,,35416.0,False,7925000.0,25.0,1.0,0.0,hypothetical scenario
gaussian,0.114,0.025,316912.0,7925000.0,903450.0,7922.8,,36050.0,False,7924999.999999999,25.0,1.0,0.0,hypothetical scenario
gaussian,0.116,0.025,316912.0,7925000.0,919300.0,7922.8,,36684.0,False,7925000.0,25.0,1.0,0.0,hypothetical scenario
gaussian,0.11800000000000001,0.025,316912.0,7925000.0,935150.0000000001,7922.8,,37318.0,False,7924999.999999999,25.0,1.0,0.0,hypothetical scenario
gaussian,0.12,0.025,316912.0,7925000.0,951000.0,7922.8,,37952.0,False,7925000.0,25.0,1.0,0.0,hypothetical scenario
gaussian,0.122,0.025,316912.0,7925000.0,966850.0,7922.8,,38586.0,False,7924999.999999999,25.0,1.0,0.0,hypothetical scenario
gaussian,0.124,0.025,316912.0,7925000.0,982700.0,7922.8,,39220.0,False,7925000.0,25.0,1.0,0.0,hypothetical scenario
gaussian,0.126,0.025,316912.0,7925000.0,998550.0,7922.8,,39854.0,False,7924999.999999999,25.0,1.0,0.0,hypothetical scenario
gaussian,0.128,0.025,316912.0,7925000.0,1014400.0,7922.8,,40488.0,False,7925000.0,25.0,1.0,0.0,hypothetical scenario
gaussian,0.13,0.025,316912.0,7925000.0,1030250.0,7922.8,,41122.0,False,7924999.999999999,25.0,1.0,0.0,hypothetical scenario
gaussian,0.132,0.025,316912.0,7925000.0,1046100.0,7922.8,,41756.0,False,7925000.0,25.0,1.0,0.0,hypothetical scenario
gaussian,0.134,0.025,316912.0,7925000.0,1061950.0,7922.8,,42390.0,False,7924999.999999999,25.0,1.0,0.0,hypothetical scenario
gaussian,0.136,0.025,316912.0,7925000.0,1077800.0,7922.8,,43024.0,False,7925000.0,25.0,1.0,0.0,hypothetical scenario
gaussian,0.138,0.025,316912.0,7925000.0,1093650.0,7922.8,,43658.0,False,7924999.999999999,25.0,1.0,0.0,hypothetical scenario
gaussian,0.14,0.025,316912.0,7925000.0,1109500.0,7922.8,,44292.0,False,7925000.0,25.0,1.0,0.0,hypothetical scenario
gaussian,0.14200000000000002,0.025,316912.0,7925000.0,1125350.0000000002,7922.8,,44926.0,False,7924999.999999999,25.0,1.0,0.0,hypothetical scenario
gaussian,0.14400000000000002,0.025,316912.0,7925000.0,1141200.0000000002,7922.8,,45560.0,False,7925000.0,25.0,1.0,0.0,hypothetical scenario
gaussian,0.146,0.025,316912.0,7925000.0,1157050.0,7922.8,,46194.0,False,7924999.999999999,25.0,1.0,0.0,hypothetical scenario
gaussian,0.148,0.025,316912.0,7925000.0,1172900.0,7922.8,,46828.0,False,7925000.0,25.0,1.0,0.0,hypothetical scenario
gaussian,0.15,0.025,316912.0,7925000.0,1188750.0,7922.8,,47462.0,False,7924999.999999999,25.0,1.0,0.0,hypothetical scenario
gaussian,0.152,0.025,316912.0,7925000.0,1204600.0,7922.8,,48096.0,False,7925000.0,25.0,1.0,0.0,hypothetical scenario
gaussian,0.154,0.025,316912.0,7925000.0,1220450.0,7922.8,,48730.0,False,7924999.999999999,25.0,1.0,0.0,hypothetical scenario
gaussian,0.156,0.025,316912.0,7925000.0,1236300.0,7922.8,,49364.0,False,7925000.0,25.0,1.0,0.0,hypothetical scenario
gaussian,0.158,0.025,316912.0,7925000.0,1252150.0,7922.8,,49998.0,False,7924999.999999999,25.0,1.0,0.0,hypothetical scenario
gaussian,0.16,0.025,316912.0,7925000.0,1268000.0,7922.8,,50632.0,False,7925000.0,25.0,1.0,0.0,hypothetical scenario
gaussian,0.162,0.025,316912.0,7925000.0,1283850.0,7922.8,,51266.0,False,7924999.999999999,25.0,1.0,0.0,hypothetical scenario
gaussian,0.164,0.025,316912.0,7925000.0,1299700.0,7922.8,,51900.0,False,7925000.0,25.0,1.0,0.0,hypothetical scenario
gaussian,0.166,0.025,316912.0,7925000.0,1315550.0,7922.8,,52534.0,False,7924999.999999999,25.0,1.0,0.0,hypothetical scenario
gaussian,0.168,0.025,316912.0,7925000.0,1331400.0,7922.8,,53168.0,False,7925000.0,25.0,1.0,0.0,hypothetical scenario
gaussian,0.17,0.025,316912.0,7925000.0,1347250.0,7922.8,,53802.0,False,7924999.999999999,25.0,1.0,0.0,hypothetical scenario
gaussian,0.17200000000000001,0.025,316912.0,7925000.0,1363100.0,7922.8,,54436.0,False,7925000.0,25.0,1.0,0.0,hypothetical scenario
gaussian,0.17400000000000002,0.025,316912.0,7925000.0,1378950.0000000002,7922.8,,55070.00000000003,False,7924999.999999999,25.0,1.0,0.0,hypothetical scenario
gaussian,0.176,0.025,316912.0,7925000.0,1394800.0,7922.8,,55704.0,False,7925000.0,25.0,1.0,0.0,hypothetical scenario
gaussian,0.178,0.025,316912.0,7925000.0,1410650.0,7922.8,,56338.00000000003,False,7924999.999999999,25.0,1.0,0.0,hypothetical scenario
gaussian,0.18,0.025,316912.0,7925000.0,1426500.0,7922.8,,56972.0,False,7925000.0,25.0,1.0,0.0,hypothetical scenario
gaussian,0.182,0.025,316912.0,7925000.0,1442350.0,7922.8,,57606.00000000003,False,7924999.999999999,25.0,1.0,0.0,hypothetical scenario
gaussian,0.184,0.025,316912.0,7925000.0,1458200.0,7922.8,,58240.0,False,7925000.0,25.0,1.0,0.0,hypothetical scenario
gaussian,0.186,0.025,316912.0,7925000.0,1474050.0,7922.8,,58874.00000000003,False,7924999.999999999,25.0,1.0,0.0,hypothetical scenario
gaussian,0.188,0.025,316912.0,7925000.0,1489900.0,7922.8,,59508.0,False,7925000.0,25.0,1.0,0.0,hypothetical scenario
gaussian,0.19,0.025,316912.0,7925000.0,1505750.0,7922.8,,60142.00000000003,False,7924999.999999999,25.0,1.0,0.0,hypothetical scenario
gaussian,0.192,0.025,316912.0,7925000.0,1521600.0,7922.8,,60776.0,False,7925000.0,25.0,1.0,0.0,hypothetical scenario
gaussian,0.194,0.025,316912.0,7925000.0,1537450.0,7922.8,,61410.00000000003,False,7924999.999999999,25.0,1.0,0.0,hypothetical scenario
gaussian,0.196,0.025,316912.0,7925000.0,1553300.0,7922.8,,62044.0,False,7925000.0,25.0,1.0,0.0,hypothetical scenario
gaussian,0.198,0.025,316912.0,7925000.0,1569150.0,7922.8,,62678.00000000003,False,7924999.999999999,25.0,1.0,0.0,hypothetical scenario
gaussian,0.2,0.025,316912.0,7925000.0,1585000.0,7922.8,,63312.0,False,7925000.0,25.0,1.0,0.0,hypothetical scenario
gaussian,0.202,0.025,316912.0,7925000.0,1600850.0,7922.8,,63946.0,False,7925000.0,25.0,1.0,0.0,hypothetical scenario
gaussian,0.20400000000000001,0.025,316912.0,7925000.0,1616700.0,7922.8,,64580.0,False,7925000.0,25.0,1.0,0.0,hypothetical scenario
gaussian,0.20600000000000002,0.025,316912.0,7925000.0,1632550.0000000002,7922.8,,65214.0,False,7925000.0,25.0,1.0,0.0,hypothetical scenario
gaussian,0.20800000000000002,0.025,316912.0,7925000.0,1648400.0000000002,7922.8,,65848.0,False,7925000.0,25.0,1.0,0.0,hypothetical scenario
gaussian,0.21,0.025,316912.0,7925000.0,1664250.0,7922.8,,66482.0,False,7925000.0,25.0,1.0,0.0,hypothetical scenario
gaussian,0.212,0.025,316912.0,7925000.0,1680100.0,7922.8,,67116.0,False,7925000.0,25.0,1.0,0.0,hypothetical scenario
gaussian,0.214,0.025,316912.0,7925000.0,1695950.0,7922.8,,67750.0,False,7925000.0,25.0,1.0,0.0,hypothetical scenario
gaussian,0.216,0.025,316912.0,7925000.0,1711800.0,7922.8,,68384.0,False,7925000.0,25.0,1.0,0.0,hypothetical scenario
gaussian,0.218,0.025,316912.0,7925000.0,1727650.0,7922.8,,69018.0,False,7925000.0,25.0,1.0,0.0,hypothetical scenario
gaussian,0.22,0.025,316912.0,7925000.0,1743500.0,7922.8,,69652.0,False,7925000.0,25.0,1.0,0.0,hypothetical scenario
gaussian,0.222,0.025,316912.0,7925000.0,1759350.0,7922.8,,70286.0,False,7925000.0,25.0,1.0,0.0,hypothetical scenario
gaussian,0.224,0.025,316912.0,7925000.0,1775200.0,7922.8,,70920.0,False,7925000.0,25.0,1.0,0.0,hypothetical scenario
gaussian,0.226,0.025,316912.0,7925000.0,1791050.0,7922.8,,71554.0,False,7925000.0,25.0,1.0,0.0,hypothetical scenario
gaussian,0.228,0.025,316912.0,7925000.0,1806900.0,7922.8,,72188.0,False,7925000.0,25.0,1.0,0.0,hypothetical scenario
gaussian,0.23,0.025,316912.0,7925000.0,1822750.0,7922.8,,72822.0,False,7925000.0,25.0,1.0,0.0,hypothetical scenario
gaussian,0.232,0.025,316912.0,7925000.0,1838600.0,7922.8,,73456.0,False,7925000.0,25.0,1.0,0.0,hypothetical scenario
gaussian,0.234,0.025,316912.0,7925000.0,1854450.0,7922.8,,74090.0,False,7925000.0,25.0,1.0,0.0,hypothetical scenario
gaussian,0.23600000000000002,0.025,316912.0,7925000.0,1870300.0000000002,7922.8,,74724.0,False,7925000.0,25.0,1.0,0.0,hypothetical scenario
gaussian,0.23800000000000002,0.025,316912.0,7925000.0,1886150.0000000002,7922.8,,75358.0,False,7925000.0,25.0,1.0,0.0,hypothetical scenario
gaussian,0.24,0.025,316912.0,7925000.0,1902000.0,7922.8,,75992.0,False,7925000.0,25.0,1.0,0.0,hypothetical scenario
gaussian,0.242,0.025,316912.0,7925000.0,1917850.0,7922.8,,76626.0,False,7925000.0,25.0,1.0,0.0,hypothetical scenario
gaussian,0.244,0.025,316912.0,7925000.0,1933700.0,7922.8,,77260.0,False,7925000.0,25.0,1.0,0.0,hypothetical scenario
gaussian,0.246,0.025,316912.0,7925000.0,1949550.0,7922.8,,77894.0,False,7924999.999999999,25.0,1.0,0.0,hypothetical scenario
gaussian,0.248,0.025,316912.0,7925000.0,1965400.0,7922.8,,78528.0,False,7924999.999999999,25.0,1.0,0.0,hypothetical scenario
gaussian,0.25,0.025,316912.0,7925000.0,1981250.0,7922.8,,79162.0,False,7924999.999999999,25.0,1.0,0.0,hypothetical scenario
gaussian,0.252,0.025,316912.0,7925000.0,1997100.0,7922.8,,79796.0,False,7924999.999999999,25.0,1.0,0.0,hypothetical scenario
gaussian,0.254,0.025,316912.0,7925000.0,2012950.0,7922.8,,80430.0,False,7924999.999999999,25.0,1.0,0.0,hypothetical scenario
gaussian,0.256,0.025,316912.0,7925000.0,2028800.0,7922.8,,81063.99999999997,False,7925000.000000001,25.0,1.0,0.0,hypothetical scenario
gaussian,0.258,0.025,316912.0,7925000.0,2044650.0,7922.8,,81697.99999999997,False,7925000.000000001,25.0,1.0,0.0,hypothetical scenario
gaussian,0.26,0.025,316912.0,7925000.0,2060500.0,7922.8,,82331.99999999997,False,7925000.000000001,25.0,1.0,0.0,hypothetical scenario
gaussian,0.262,0.025,316912.0,7925000.0,2076350.0,7922.8,,82965.99999999997,False,7925000.000000001,25.0,1.0,0.0,hypothetical scenario
gaussian,0.264,0.025,316912.0,7925000.0,2092200.0,7922.8,,83599.99999999997,False,7925000.0,25.0,1.0,0.0,hypothetical scenario
gaussian,0.266,0.025,316912.0,7925000.0,2108050.0,7922.8,,84233.99999999997,False,7925000.0,25.0,1.0,0.0,hypothetical scenario
gaussian,0.268,0.025,316912.0,7925000.0,2123900.0,7922.8,,84867.99999999997,False,7925000.0,25.0,1.0,0.0,hypothetical scenario
gaussian,0.27,0.025,316912.0,7925000.0,2139750.0,7922.8,,85501.99999999997,False,7925000.0,25.0,1.0,0.0,hypothetical scenario
gaussian,0.272,0.025,316912.0,7925000.0,2155600.0,7922.8,,86135.99999999997,False,7925000.0,25.0,1.0,0.0,hypothetical scenario
gaussian,0.274,0.025,316912.0,7925000.0,2171450.0,7922.8,,86769.99999999997,False,7925000.0,25.0,1.0,0.0,hypothetical scenario
gaussian,0.276,0.025,316912.0,7925000.0,2187300.0,7922.8,,87403.99999999997,False,7925000.0,25.0,1.0,0.0,hypothetical scenario
gaussian,0.278,0.025,316912.0,7925000.0,2203150.0,7922.8,,88037.99999999997,False,7925000.0,25.0,1.0,0.0,hypothetical scenario
gaussian,0.28,0.025,316912.0,7925000.0,2219000.0,7922.8,,88671.99999999997,False,7925000.0,25.0,1.0,0.0,hypothetical scenario
gaussian,0.28200000000000003,0.025,316912.0,7925000.0,2234850.0,7922.8,,89305.99999999997,False,7925000.0,25.0,1.0,0.0,hypothetical scenario
gaussian,0.28400000000000003,0.025,316912.0,7925000.0,2250700.0000000005,7922.8,,89939.99999999997,False,7925000.0,25.0,1.0,0.0,hypothetical scenario
gaussian,0.28600000000000003,0.025,316912.0,7925000.0,2266550.0000000005,7922.8,,90573.99999999997,False,7925000.0,25.0,1.0,0.0,hypothetical scenario
gaussian,0.28800000000000003,0.025,316912.0,7925000.0,2282400.0000000005,7922.8,,91207.99999999997,False,7925000.0,25.0,1.0,0.0,hypothetical scenario
gaussian,0.29,0.025,316912.0,7925000.0,2298250.0,7922.8,,91841.99999999997,False,7925000.0,25.0,1.0,0.0,hypothetical scenario
gaussian,0.292,0.025,316912.0,7925000.0,2314100.0,7922.8,,92475.99999999997,False,7925000.0,25.0,1.0,0.0,hypothetical scenario
gaussian,0.294,0.025,316912.0,7925000.0,2329950.0,7922.8,,93109.99999999997,False,7925000.0,25.0,1.0,0.0,hypothetical scenario
gaussian,0.296,0.025,316912.0,7925000.0,2345800.0,7922.8,,93743.99999999997,False,7925000.0,25.0,1.0,0.0,hypothetical scenario
gaussian,0.298,0.025,316912.0,7925000.0,2361650.0,7922.8,,94377.99999999997,False,7925000.0,25.0,1.0,0.0,hypothetical scenario
gaussian,0.3,0.025,316912.0,7925000.0,2377500.0,7922.8,,95011.99999999997,False,7925000.0,25.0,1.0,0.0,hypothetical scenario
gaussian,0.302,0.025,316912.0,7925000.0,2393350.0,7922.8,,95645.99999999997,False,7925000.0,25.0,1.0,0.0,hypothetical scenario
gaussian,0.304,0.025,316912.0,7925000.0,2409200.0,7922.8,,96279.99999999997,False,7925000.0,25.0,1.0,0.0,hypothetical scenario
gaussian,0.306,0.025,316912.0,7925000.0,2425050.0,7922.8,,96913.99999999997,False,7925000.0,25.0,1.0,0.0,hypothetical scenario
gaussian,0.308,0.025,316912.0,7925000.0,2440900.0,7922.8,,97547.99999999997,False,7925000.0,25.0,1.0,0.0,hypothetical scenario
gaussian,0.31,0.025,316912.0,7925000.0,2456750.0,7922.8,,98181.99999999997,False,7925000.0,25.0,1.0,0.0,hypothetical scenario
gaussian,0.312,0.025,316912.0,7925000.0,2472600.0,7922.8,,98815.99999999997,False,7925000.0,25.0,1.0,0.0,hypothetical scenario
gaussian,0.314,0.025,316912.0,7925000.0,2488450.0,7922.8,,99449.99999999997,False,7925000.0,25.0,1.0,0.0,hypothetical scenario
gaussian,0.316,0.025,316912.0,7925000.0,2504300.0,7922.8,,100083.99999999997,False,7925000.0,25.0,1.0,0.0,hypothetical scenario
gaussian,0.318,0.025,316912.0,7925000.0,2520150.0,7922.8,,100717.99999999997,False,7925000.0,25.0,1.0,0.0,hypothetical scenario
gaussian,0.32,0.025,316912.0,7925000.0,2536000.0,7922.8,,101351.99999999997,False,7925000.0,25.0,1.0,0.0,hypothetical scenario
gaussian,0.322,0.025,316912.0,7925000.0,2551850.0,7922.8,,101985.99999999997,False,7925000.0,25.0,1.0,0.0,hypothetical scenario
gaussian,0.324,0.025,316912.0,7925000.0,2567700.0,7922.8,,102619.99999999997,False,7925000.0,25.0,1.0,0.0,hypothetical scenario
gaussian,0.326,0.025,316912.0,7925000.0,2583550.0,7922.8,,103253.99999999997,False,7925000.0,25.0,1.0,0.0,hypothetical scenario
gaussian,0.328,0.025,316912.0,7925000.0,2599400.0,7922.8,,103887.99999999997,False,7925000.0,25.0,1.0,0.0,hypothetical scenario
gaussian,0.33,0.025,316912.0,7925000.0,2615250.0,7922.8,,104521.99999999997,False,7925000.0,25.0,1.0,0.0,hypothetical scenario
gaussian,0.332,0.025,316912.0,7925000.0,2631100.0,7922.8,,105155.99999999997,False,7925000.0,25.0,1.0,0.0,hypothetical scenario
gaussian,0.334,0.025,316912.0,7925000.0,2646950.0,7922.8,,105790.0,False,7925000.0,25.0,1.0,0.0,hypothetical scenario
gaussian,0.336,0.025,316912.0,7925000.0,2662800.0,7922.8,,106424.0,False,7925000.0,25.0,1.0,0.0,hypothetical scenario
gaussian,0.338,0.025,316912.0,7925000.0,2678650.0,7922.8,,107058.0,False,7925000.0,25.0,1.0,0.0,hypothetical scenario
gaussian,0.34,0.025,316912.0,7925000.0,2694500.0,7922.8,,107692.0,False,7925000.0,25.0,1.0,0.0,hypothetical scenario
gaussian,0.342,0.025,316912.0,7925000.0,2710350.0,7922.8,,108326.0,False,7925000.0,25.0,1.0,0.0,hypothetical scenario
gaussian,0.34400000000000003,0.025,316912.0,7925000.0,2726200.0,7922.8,,108960.0,False,7925000.0,25.0,1.0,0.0,hypothetical scenario
gaussian,0.34600000000000003,0.025,316912.0,7925000.0,2742050.0000000005,7922.8,,109594.0,False,7925000.0,25.0,1.0,0.0,hypothetical scenario
gaussian,0.34800000000000003,0.025,316912.0,7925000.0,2757900.0000000005,7922.8,,110228.0,False,7925000.0,25.0,1.0,0.0,hypothetical scenario
gaussian,0.35000000000000003,0.025,316912.0,7925000.0,2773750.0000000005,7922.8,,110862.0,False,7925000.0,25.0,1.0,0.0,hypothetical scenario
gaussian,0.352,0.025,316912.0,7925000.0,2789600.0,7922.8,,111496.0,False,7925000.0,25.0,1.0,0.0,hypothetical scenario
gaussian,0.354,0.025,316912.0,7925000.0,2805450.0,7922.8,,112130.0,False,7925000.0,25.0,1.0,0.0,hypothetical scenario
gaussian,0.356,0.025,316912.0,7925000.0,2821300.0,7922.8,,112764.0,False,7925000.0,25.0,1.0,0.0,hypothetical scenario
gaussian,0.358,0.025,316912.0,7925000.0,2837150.0,7922.8,,113398.0,False,7925000.0,25.0,1.0,0.0,hypothetical scenario
gaussian,0.36,0.025,316912.0,7925000.0,2853000.0,7922.8,,114032.0,False,7925000.0,25.0,1.0,0.0,hypothetical scenario
gaussian,0.362,0.025,316912.0,7925000.0,2868850.0,7922.8,,114666.0,False,7925000.0,25.0,1.0,0.0,hypothetical scenario
gaussian,0.364,0.025,316912.0,7925000.0,2884700.0,7922.8,,115300.0,False,7925000.0,25.0,1.0,0.0,hypothetical scenario
gaussian,0.366,0.025,316912.0,7925000.0,2900550.0,7922.8,,115934.0,False,7925000.0,25.0,1.0,0.0,hypothetical scenario
gaussian,0.368,0.025,316912.0,7925000.0,2916400.0,7922.8,,116568.0,False,7925000.0,25.0,1.0,0.0,hypothetical scenario
gaussian,0.37,0.025,316912.0,7925000.0,2932250.0,7922.8,,117202.0,False,7925000.0,25.0,1.0,0.0,hypothetical scenario
gaussian,0.372,0.025,316912.0,7925000.0,2948100.0,7922.8,,117836.0,False,7925000.0,25.0,1.0,0.0,hypothetical scenario
gaussian,0.374,0.025,316912.0,7925000.0,2963950.0,7922.8,,118470.0,False,7925000.0,25.0,1.0,0.0,hypothetical scenario
gaussian,0.376,0.025,316912.0,7925000.0,2979800.0,7922.8,,119104.0,False,7925000.0,25.0,1.0,0.0,hypothetical scenario
gaussian,0.378,0.025,316912.0,7925000.0,2995650.0,7922.8,,119738.0,False,7925000.0,25.0,1.0,0.0,hypothetical scenario
gaussian,0.38,0.025,316912.0,7925000.0,3011500.0,7922.8,,120372.0,False,7925000.0,25.0,1.0,0.0,hypothetical scenario
gaussian,0.382,0.025,316912.0,7925000.0,3027350.0,7922.8,,121006.0,False,7925000.0,25.0,1.0,0.0,hypothetical scenario
gaussian,0.384,0.025,316912.0,7925000.0,3043200.0,7922.8,,121640.0,False,7925000.0,25.0,1.0,0.0,hypothetical scenario
gaussian,0.386,0.025,316912.0,7925000.0,3059050.0,7922.8,,122274.0,False,7925000.0,25.0,1.0,0.0,hypothetical scenario
gaussian,0.388,0.025,316912.0,7925000.0,3074900.0,7922.8,,122908.0,False,7925000.0,25.0,1.0,0.0,hypothetical scenario
gaussian,0.39,0.025,316912.0,7925000.0,3090750.0,7922.8,,123542.0,False,7925000.0,25.0,1.0,0.0,hypothetical scenario
gaussian,0.392,0.025,316912.0,7925000.0,3106600.0,7922.8,,124176.0,False,7925000.0,25.0,1.0,0.0,hypothetical scenario
gaussian,0.394,0.025,316912.0,7925000.0,3122450.0,7922.8,,124810.0,False,7925000.0,25.0,1.0,0.0,hypothetical scenario
gaussian,0.396,0.025,316912.0,7925000.0,3138300.0,7922.8,,125444.0,False,7925000.0,25.0,1.0,0.0,hypothetical scenario
gaussian,0.398,0.025,316912.0,7925000.0,3154150.0,7922.8,,126078.0,False,7925000.0,25.0,1.0,0.0,hypothetical scenario
gaussian,0.4,0.025,316912.0,7925000.0,3170000.0,7922.8,,126712.0,False,7925000.0,25.0,1.0,0.0,hypothetical scenario
gaussian,0.402,0.025,316912.0,7925000.0,3185850.0,7922.8,,127346.0,False,7925000.0,25.0,1.0,0.0,hypothetical scenario
gaussian,0.404,0.025,316912.0,7925000.0,3201700.0,7922.8,,127980.0,False,7925000.0,25.0,1.0,0.0,hypothetical scenario
gaussian,0.406,0.025,316912.0,7925000.0,3217550.0,7922.8,,128614.0,False,7925000.0,25.0,1.0,0.0,hypothetical scenario
gaussian,0.40800000000000003,0.025,316912.0,7925000.0,3233400.0,7922.8,,129248.0,False,7925000.0,25.0,1.0,0.0,hypothetical scenario
gaussian,0.41000000000000003,0.025,316912.0,7925000.0,3249250.0000000005,7922.8,,129882.0,False,7925000.0,25.0,1.0,0.0,hypothetical scenario
gaussian,0.41200000000000003,0.025,316912.0,7925000.0,3265100.0000000005,7922.8,,130516.0,False,7925000.0,25.0,1.0,0.0,hypothetical scenario
gaussian,0.41400000000000003,0.025,316912.0,7925000.0,3280950.0000000005,7922.8,,131150.0,False,7925000.0,25.0,1.0,0.0,hypothetical scenario
gaussian,0.41600000000000004,0.025,316912.0,7925000.0,3296800.0000000005,7922.8,,131784.0,False,7925000.0,25.0,1.0,0.0,hypothetical scenario
gaussian,0.418,0.025,316912.0,7925000.0,3312650.0,7922.8,,132418.0,False,7925000.0,25.0,1.0,0.0,hypothetical scenario
gaussian,0.42,0.025,316912.0,7925000.0,3328500.0,7922.8,,133052.0,False,7925000.0,25.0,1.0,0.0,hypothetical scenario
gaussian,0.422,0.025,316912.0,7925000.0,3344350.0,7922.8,,133686.0,False,7925000.0,25.0,1.0,0.0,hypothetical scenario
gaussian,0.424,0.025,316912.0,7925000.0,3360200.0,7922.8,,134320.0,False,7925000.0,25.0,1.0,0.0,hypothetical scenario
gaussian,0.426,0.025,316912.0,7925000.0,3376050.0,7922.8,,134954.0,False,7925000.0,25.0,1.0,0.0,hypothetical scenario
gaussian,0.428,0.025,316912.0,7925000.0,3391900.0,7922.8,,135588.0,False,7925000.0,25.0,1.0,0.0,hypothetical scenario
gaussian,0.43,0.025,316912.0,7925000.0,3407750.0,7922.8,,136222.0,False,7925000.0,25.0,1.0,0.0,hypothetical scenario
gaussian,0.432,0.025,316912.0,7925000.0,3423600.0,7922.8,,136856.0,False,7925000.0,25.0,1.0,0.0,hypothetical scenario
gaussian,0.434,0.025,316912.0,7925000.0,3439450.0,7922.8,,137490.0,False,7925000.0,25.0,1.0,0.0,hypothetical scenario
gaussian,0.436,0.025,316912.0,7925000.0,3455300.0,7922.8,,138124.0,False,7925000.0,25.0,1.0,0.0,hypothetical scenario
gaussian,0.438,0.025,316912.0,7925000.0,3471150.0,7922.8,,138758.0,False,7925000.0,25.0,1.0,0.0,hypothetical scenario
gaussian,0.44,0.025,316912.0,7925000.0,3487000.0,7922.8,,139392.0,False,7925000.0,25.0,1.0,0.0,hypothetical scenario
gaussian,0.442,0.025,316912.0,7925000.0,3502850.0,7922.8,,140026.0,False,7925000.0,25.0,1.0,0.0,hypothetical scenario
gaussian,0.444,0.025,316912.0,7925000.0,3518700.0,7922.8,,140660.0,False,7925000.0,25.0,1.0,0.0,hypothetical scenario
gaussian,0.446,0.025,316912.0,7925000.0,3534550.0,7922.8,,141294.0,False,7925000.0,25.0,1.0,0.0,hypothetical scenario
gaussian,0.448,0.025,316912.0,7925000.0,3550400.0,7922.8,,141928.0,False,7925000.0,25.0,1.0,0.0,hypothetical scenario
gaussian,0.45,0.025,316912.0,7925000.0,3566250.0,7922.8,,142562.0,False,7925000.0,25.0,1.0,0.0,hypothetical scenario
gaussian,0.452,0.025,316912.0,7925000.0,3582100.0,7922.8,,143196.0,False,7925000.0,25.0,1.0,0.0,hypothetical scenario
gaussian,0.454,0.025,316912.0,7925000.0,3597950.0,7922.8,,143830.0,False,7925000.0,25.0,1.0,0.0,hypothetical scenario
gaussian,0.456,0.025,316912.0,7925000.0,3613800.0,7922.8,,144464.0,False,7925000.0,25.0,1.0,0.0,hypothetical scenario
gaussian,0.458,0.025,316912.0,7925000.0,3629650.0,7922.8,,145098.0,False,7925000.0,25.0,1.0,0.0,hypothetical scenario
gaussian,0.46,0.025,316912.0,7925000.0,3645500.0,7922.8,,145732.0,False,7925000.0,25.0,1.0,0.0,hypothetical scenario
gaussian,0.462,0.025,316912.0,7925000.0,3661350.0,7922.8,,146366.0,False,7925000.0,25.0,1.0,0.0,hypothetical scenario
gaussian,0.464,0.025,316912.0,7925000.0,3677200.0,7922.8,,147000.0,False,7925000.0,25.0,1.0,0.0,hypothetical scenario
gaussian,0.466,0.025,316912.0,7925000.0,3693050.0,7922.8,,147634.0,False,7925000.0,25.0,1.0,0.0,hypothetical scenario
gaussian,0.468,0.025,316912.0,7925000.0,3708900.0,7922.8,,148268.0,False,7925000.0,25.0,1.0,0.0,hypothetical scenario
gaussian,0.47000000000000003,0.025,316912.0,7925000.0,3724750.0,7922.8,,148902.0,False,7925000.0,25.0,1.0,0.0,hypothetical scenario
gaussian,0.47200000000000003,0.025,316912.0,7925000.0,3740600.0000000005,7922.8,,149536.0,False,7925000.0,25.0,1.0,0.0,hypothetical scenario
gaussian,0.47400000000000003,0.025,316912.0,7925000.0,3756450.0000000005,7922.8,,150170.0,False,7925000.0,25.0,1.0,0.0,hypothetical scenario
gaussian,0.47600000000000003,0.025,316912.0,7925000.0,3772300.0000000005,7922.8,,150804.0,False,7925000.0,25.0,1.0,0.0,hypothetical scenario
gaussian,0.47800000000000004,0.025,316912.0,7925000.0,3788150.0000000005,7922.8,,151438.0,False,7925000.0,25.0,1.0,0.0,hypothetical scenario
gaussian,0.48,0.025,316912.0,7925000.0,3804000.0,7922.8,,152072.0,False,7925000.0,25.0,1.0,0.0,hypothetical scenario
gaussian,0.482,0.025,316912.0,7925000.0,3819850.0,7922.8,,152706.0,False,7925000.0,25.0,1.0,0.0,hypothetical scenario
gaussian,0.484,0.025,316912.0,7925000.0,3835700.0,7922.8,,153340.0,False,7925000.0,25.0,1.0,0.0,hypothetical scenario
gaussian,0.486,0.025,316912.0,7925000.0,3851550.0,7922.8,,153974.0,False,7925000.0,25.0,1.0,0.0,hypothetical scenario
gaussian,0.488,0.025,316912.0,7925000.0,3867400.0,7922.8,,154608.0,False,7925000.0,25.0,1.0,0.0,hypothetical scenario
gaussian,0.49,0.025,316912.0,7925000.0,3883250.0,7922.8,,155242.0,False,7925000.0,25.0,1.0,0.0,hypothetical scenario
gaussian,0.492,0.025,316912.0,7925000.0,3899100.0,7922.8,,155876.0,False,7925000.0,25.0,1.0,0.0,hypothetical scenario
gaussian,0.494,0.025,316912.0,7925000.0,3914950.0,7922.8,,156510.0,False,7925000.0,25.0,1.0,0.0,hypothetical scenario
gaussian,0.496,0.025,316912.0,7925000.0,3930800.0,7922.8,,157144.0,False,7925000.0,25.0,1.0,0.0,hypothetical scenario
gaussian,0.498,0.025,316912.0,7925000.0,3946650.0,7922.8,,157778.0,False,7925000.0,25.0,1.0,0.0,hypothetical scenario
gaussian,0.5,0.025,316912.0,7925000.0,3962500.0,7922.8,,158412.0,False,7925000.0,25.0,1.0,0.0,hypothetical scenario
gaussian,0.502,0.025,316912.0,7925000.0,3978350.0,7922.8,,159046.0,False,7925000.0,25.0,1.0,0.0,hypothetical scenario
gaussian,0.504,0.025,316912.0,7925000.0,3994200.0,7922.8,,159680.0,False,7925000.0,25.0,1.0,0.0,hypothetical scenario
gaussian,0.506,0.025,316912.0,7925000.0,4010050.0,7922.8,,160314.0,False,7925000.0,25.0,1.0,0.0,hypothetical scenario
gaussian,0.508,0.025,316912.0,7925000.0,4025900.0,7922.8,,160948.0,False,7925000.0,25.0,1.0,0.0,hypothetical scenario
gaussian,0.51,0.025,316912.0,7925000.0,4041750.0,7922.8,,161582.0,False,7925000.0,25.0,1.0,0.0,hypothetical scenario
gaussian,0.512,0.025,316912.0,7925000.0,4057600.0,7922.8,,162216.0,False,7925000.0,25.0,1.0,0.0,hypothetical scenario
gaussian,0.514,0.025,316912.0,7925000.0,4073450.0,7922.8,,162850.0,False,7925000.0,25.0,1.0,0.0,hypothetical scenario
gaussian,0.516,0.025,316912.0,7925000.0,4089300.0,7922.8,,163484.0,False,7925000.0,25.0,1.0,0.0,hypothetical scenario
gaussian,0.518,0.025,316912.0,7925000.0,4105150.0,7922.8,,164118.0,False,7925000.0,25.0,1.0,0.0,hypothetical scenario
gaussian,0.52,0.025,316912.0,7925000.0,4121000.0,7922.8,,164752.0,False,7925000.0,25.0,1.0,0.0,hypothetical scenario
gaussian,0.522,0.025,316912.0,7925000.0,4136850.0,7922.8,,165386.0,False,7925000.0,25.0,1.0,0.0,hypothetical scenario
gaussian,0.524,0.025,316912.0,7925000.0,4152700.0,7922.8,,166020.0,False,7925000.0,25.0,1.0,0.0,hypothetical scenario
gaussian,0.526,0.025,316912.0,7925000.0,4168550.0,7922.8,,166654.0,False,7925000.0,25.0,1.0,0.0,hypothetical scenario
gaussian,0.528,0.025,316912.0,7925000.0,4184400.0,7922.8,,167288.0,False,7925000.0,25.0,1.0,0.0,hypothetical scenario
gaussian,0.53,0.025,316912.0,7925000.0,4200250.0,7922.8,,167922.0,False,7925000.0,25.0,1.0,0.0,hypothetical scenario
gaussian,0.532,0.025,316912.0,7925000.0,4216100.0,7922.8,,168556.0,False,7925000.0,25.0,1.0,0.0,hypothetical scenario
gaussian,0.534,0.025,316912.0,7925000.0,4231950.0,7922.8,,169190.0,False,7925000.0,25.0,1.0,0.0,hypothetical scenario
gaussian,0.536,0.025,316912.0,7925000.0,4247800.0,7922.8,,169824.0,False,7925000.0,25.0,1.0,0.0,hypothetical scenario
gaussian,0.538,0.025,316912.0,7925000.0,4263650.0,7922.8,,170458.0,False,7925000.0,25.0,1.0,0.0,hypothetical scenario
gaussian,0.54,0.025,316912.0,7925000.0,4279500.0,7922.8,,171092.0,False,7925000.0,25.0,1.0,0.0,hypothetical scenario
gaussian,0.542,0.025,316912.0,7925000.0,4295350.0,7922.8,,171726.0,False,7925000.0,25.0,1.0,0.0,hypothetical scenario
gaussian,0.544,0.025,316912.0,7925000.0,4311200.0,7922.8,,172360.0,False,7925000.0,25.0,1.0,0.0,hypothetical scenario
gaussian,0.546,0.025,316912.0,7925000.0,4327050.0,7922.8,,172994.0,False,7925000.0,25.0,1.0,0.0,hypothetical scenario
gaussian,0.548,0.025,316912.0,7925000.0,4342900.0,7922.8,,173628.0,False,7925000.0,25.0,1.0,0.0,hypothetical scenario
gaussian,0.55,0.025,316912.0,7925000.0,4358750.0,7922.8,,174262.0,False,7925000.0,25.0,1.0,0.0,hypothetical scenario
gaussian,0.552,0.025,316912.0,7925000.0,4374600.0,7922.8,,174896.0,False,7925000.0,25.0,1.0,0.0,hypothetical scenario
gaussian,0.554,0.025,316912.0,7925000.0,4390450.0,7922.8,,175530.0,False,7925000.0,25.0,1.0,0.0,hypothetical scenario
gaussian,0.556,0.025,316912.0,7925000.0,4406300.0,7922.8,,176164.0,False,7925000.0,25.0,1.0,0.0,hypothetical scenario
gaussian,0.558,0.025,316912.0,7925000.0,4422150.0,7922.8,,176798.0,False,7925000.0,25.0,1.0,0.0,hypothetical scenario
gaussian,0.56,0.025,316912.0,7925000.0,4438000.0,7922.8,,177432.0,False,7925000.0,25.0,1.0,0.0,hypothetical scenario
gaussian,0.562,0.025,316912.0,7925000.0,4453850.0,7922.8,,178066.0,False,7925000.0,25.0,1.0,0.0,hypothetical scenario
gaussian,0.5640000000000001,0.025,316912.0,7925000.0,4469700.0,7922.8,,178700.0,False,7925000.0,25.0,1.0,0.0,hypothetical scenario
gaussian,0.5660000000000001,0.025,316912.0,7925000.0,4485550.0,7922.8,,179334.0,False,7925000.0,25.0,1.0,0.0,hypothetical scenario
gaussian,0.5680000000000001,0.025,316912.0,7925000.0,4501400.000000001,7922.8,,179968.00000000003,False,7925000.0,25.0,1.0,0.0,hypothetical scenario
gaussian,0.5700000000000001,0.025,316912.0,7925000.0,4517250.000000001,7922.8,,180602.00000000003,False,7925000.0,25.0,1.0,0.0,hypothetical scenario
gaussian,0.5720000000000001,0.025,316912.0,7925000.0,4533100.000000001,7922.8,,181236.00000000003,False,7925000.0,25.0,1.0,0.0,hypothetical scenario
gaussian,0.5740000000000001,0.025,316912.0,7925000.0,4548950.000000001,7922.8,,181870.00000000003,False,7925000.0,25.0,1.0,0.0,hypothetical scenario
gaussian,0.5760000000000001,0.025,316912.0,7925000.0,4564800.000000001,7922.8,,182504.00000000003,False,7925000.0,25.0,1.0,0.0,hypothetical scenario
gaussian,0.578,0.025,316912.0,7925000.0,4580650.0,7922.8,,183138.0,False,7925000.0,25.0,1.0,0.0,hypothetical scenario
gaussian,0.58,0.025,316912.0,7925000.0,4596500.0,7922.8,,183772.0,False,7925000.0,25.0,1.0,0.0,hypothetical scenario
gaussian,0.582,0.025,316912.0,7925000.0,4612350.0,7922.8,,184406.0,False,7925000.0,25.0,1.0,0.0,hypothetical scenario
gaussian,0.584,0.025,316912.0,7925000.0,4628200.0,7922.8,,185040.0,False,7925000.0,25.0,1.0,0.0,hypothetical scenario
gaussian,0.586,0.025,316912.0,7925000.0,4644050.0,7922.8,,185674.0,False,7925000.0,25.0,1.0,0.0,hypothetical scenario
gaussian,0.588,0.025,316912.0,7925000.0,4659900.0,7922.8,,186308.0,False,7925000.0,25.0,1.0,0.0,hypothetical scenario
gaussian,0.59,0.025,316912.0,7925000.0,4675750.0,7922.8,,186942.0,False,7925000.0,25.0,1.0,0.0,hypothetical scenario
gaussian,0.592,0.025,316912.0,7925000.0,4691600.0,7922.8,,187576.0,False,7925000.0,25.0,1.0,0.0,hypothetical scenario
gaussian,0.594,0.025,316912.0,7925000.0,4707450.0,7922.8,,188210.0,False,7925000.0,25.0,1.0,0.0,hypothetical scenario
gaussian,0.596,0.025,316912.0,7925000.0,4723300.0,7922.8,,188844.0,False,7925000.0,25.0,1.0,0.0,hypothetical scenario
gaussian,0.598,0.025,316912.0,7925000.0,4739150.0,7922.8,,189478.0,False,7925000.0,25.0,1.0,0.0,hypothetical scenario
gaussian,0.6,0.025,316912.0,7925000.0,4755000.0,7922.8,,190112.0,False,7925000.0,25.0,1.0,0.0,hypothetical scenario
gaussian,0.602,0.025,316912.0,7925000.0,4770850.0,7922.8,,190746.0,False,7925000.0,25.0,1.0,0.0,hypothetical scenario
gaussian,0.604,0.025,316912.0,7925000.0,4786700.0,7922.8,,191380.0,False,7925000.0,25.0,1.0,0.0,hypothetical scenario
gaussian,0.606,0.025,316912.0,7925000.0,4802550.0,7922.8,,192014.0,False,7925000.0,25.0,1.0,0.0,hypothetical scenario
gaussian,0.608,0.025,316912.0,7925000.0,4818400.0,7922.8,,192648.0,False,7925000.0,25.0,1.0,0.0,hypothetical scenario
gaussian,0.61,0.025,316912.0,7925000.0,4834250.0,7922.8,,193282.0,False,7925000.0,25.0,1.0,0.0,hypothetical scenario
gaussian,0.612,0.025,316912.0,7925000.0,4850100.0,7922.8,,193916.0,False,7925000.0,25.0,1.0,0.0,hypothetical scenario
gaussian,0.614,0.025,316912.0,7925000.0,4865950.0,7922.8,,194550.0,False,7925000.0,25.0,1.0,0.0,hypothetical scenario
gaussian,0.616,0.025,316912.0,7925000.0,4881800.0,7922.8,,195184.0,False,7925000.0,25.0,1.0,0.0,hypothetical scenario
gaussian,0.618,0.025,316912.0,7925000.0,4897650.0,7922.8,,195818.0,False,7925000.0,25.0,1.0,0.0,hypothetical scenario
gaussian,0.62,0.025,316912.0,7925000.0,4913500.0,7922.8,,196452.0,False,7925000.0,25.0,1.0,0.0,hypothetical scenario
gaussian,0.622,0.025,316912.0,7925000.0,4929350.0,7922.8,,197086.0,False,7925000.0,25.0,1.0,0.0,hypothetical scenario
gaussian,0.624,0.025,316912.0,7925000.0,4945200.0,7922.8,,197720.0,False,7925000.0,25.0,1.0,0.0,hypothetical scenario
gaussian,0.626,0.025,316912.0,7925000.0,4961050.0,7922.8,,198354.0,False,7925000.0,25.0,1.0,0.0,hypothetical scenario
gaussian,0.628,0.025,316912.0,7925000.0,4976900.0,7922.8,,198988.0,False,7925000.0,25.0,1.0,0.0,hypothetical scenario
gaussian,0.63,0.025,316912.0,7925000.0,4992750.0,7922.8,,199622.0,False,7925000.0,25.0,1.0,0.0,hypothetical scenario
gaussian,0.632,0.025,316912.0,7925000.0,5008600.0,7922.8,,200256.0,False,7925000.0,25.0,1.0,0.0,hypothetical scenario
gaussian,0.634,0.025,316912.0,7925000.0,5024450.0,7922.8,,200890.0,False,7925000.0,25.0,1.0,0.0,hypothetical scenario
gaussian,0.636,0.025,316912.0,7925000.0,5040300.0,7922.8,,201524.0,False,7925000.0,25.0,1.0,0.0,hypothetical scenario
gaussian,0.638,0.025,316912.0,7925000.0,5056150.0,7922.8,,202158.0,False,7925000.0,25.0,1.0,0.0,hypothetical scenario
gaussian,0.64,0.025,316912.0,7925000.0,5072000.0,7922.8,,202792.0,False,7925000.0,25.0,1.0,0.0,hypothetical scenario
gaussian,0.642,0.025,316912.0,7925000.0,5087850.0,7922.8,,203426.0,False,7925000.0,25.0,1.0,0.0,hypothetical scenario
gaussian,0.644,0.025,316912.0,7925000.0,5103700.0,7922.8,,204060.0,False,7925000.0,25.0,1.0,0.0,hypothetical scenario
gaussian,0.646,0.025,316912.0,7925000.0,5119550.0,7922.8,,204694.0,False,7925000.0,25.0,1.0,0.0,hypothetical scenario
gaussian,0.648,0.025,316912.0,7925000.0,5135400.0,7922.8,,205328.0,False,7925000.0,25.0,1.0,0.0,hypothetical scenario
gaussian,0.65,0.025,316912.0,7925000.0,5151250.0,7922.8,,205962.0,False,7925000.0,25.0,1.0,0.0,hypothetical scenario
gaussian,0.652,0.025,316912.0,7925000.0,5167100.0,7922.8,,206596.0,False,7925000.0,25.0,1.0,0.0,hypothetical scenario
gaussian,0.654,0.025,316912.0,7925000.0,5182950.0,7922.8,,207230.0,False,7925000.0,25.0,1.0,0.0,hypothetical scenario
gaussian,0.656,0.025,316912.0,7925000.0,5198800.0,7922.8,,207864.0,False,7925000.0,25.0,1.0,0.0,hypothetical scenario
gaussian,0.658,0.025,316912.0,7925000.0,5214650.0,7922.8,,208498.0,False,7925000.0,25.0,1.0,0.0,hypothetical scenario
gaussian,0.66,0.025,316912.0,7925000.0,5230500.0,7922.8,,209132.0,False,7925000.0,25.0,1.0,0.0,hypothetical scenario
gaussian,0.662,0.025,316912.0,7925000.0,5246350.0,7922.8,,209766.0,False,7925000.0,25.0,1.0,0.0,hypothetical scenario
gaussian,0.664,0.025,316912.0,7925000.0,5262200.0,7922.8,,210400.0,False,7925000.0,25.0,1.0,0.0,hypothetical scenario
gaussian,0.666,0.025,316912.0,7925000.0,5278050.0,7922.8,,211034.0,False,7925000.0,25.0,1.0,0.0,hypothetical scenario
gaussian,0.668,0.025,316912.0,7925000.0,5293900.0,7922.8,,211668.0,False,7925000.0,25.0,1.0,0.0,hypothetical scenario
gaussian,0.67,0.025,316912.0,7925000.0,5309750.0,7922.8,,212302.0,False,7925000.0,25.0,1.0,0.0,hypothetical scenario
gaussian,0.672,0.025,316912.0,7925000.0,5325600.0,7922.8,,212936.0,False,7925000.0,25.0,1.0,0.0,hypothetical scenario
gaussian,0.674,0.025,316912.0,7925000.0,5341450.0,7922.8,,213570.0,False,7925000.0,25.0,1.0,0.0,hypothetical scenario
gaussian,0.676,0.025,316912.0,7925000.0,5357300.0,7922.8,,214204.0,False,7925000.0,25.0,1.0,0.0,hypothetical scenario
gaussian,0.678,0.025,316912.0,7925000.0,5373150.0,7922.8,,214838.0,False,7925000.0,25.0,1.0,0.0,hypothetical scenario
gaussian,0.68,0.025,316912.0,7925000.0,5389000.0,7922.8,,215472.0,False,7925000.0,25.0,1.0,0.0,hypothetical scenario
gaussian,0.682,0.025,316912.0,7925000.0,5404850.0,7922.8,,216106.0,False,7925000.0,25.0,1.0,0.0,hypothetical scenario
gaussian,0.684,0.025,316912.0,7925000.0,5420700.0,7922.8,,216740.0,False,7925000.0,25.0,1.0,0.0,hypothetical scenario
gaussian,0.686,0.025,316912.0,7925000.0,5436550.0,7922.8,,217374.0,False,7925000.0,25.0,1.0,0.0,hypothetical scenario
gaussian,0.6880000000000001,0.025,316912.0,7925000.0,5452400.0,7922.8,,218008.0,False,7925000.0,25.0,1.0,0.0,hypothetical scenario
gaussian,0.6900000000000001,0.025,316912.0,7925000.0,5468250.0,7922.8,,218642.0,False,7925000.0,25.0,1.0,0.0,hypothetical scenario
gaussian,0.6920000000000001,0.025,316912.0,7925000.0,5484100.000000001,7922.8,,219276.00000000003,False,7925000.0,25.0,1.0,0.0,hypothetical scenario
gaussian,0.6940000000000001,0.025,316912.0,7925000.0,5499950.000000001,7922.8,,219910.00000000003,False,7925000.0,25.0,1.0,0.0,hypothetical scenario
gaussian,0.6960000000000001,0.025,316912.0,7925000.0,5515800.000000001,7922.8,,220544.00000000003,False,7925000.0,25.0,1.0,0.0,hypothetical scenario
gaussian,0.6980000000000001,0.025,316912.0,7925000.0,5531650.000000001,7922.8,,221178.00000000003,False,7925000.0,25.0,1.0,0.0,hypothetical scenario
gaussian,0.7000000000000001,0.025,316912.0,7925000.0,5547500.000000001,7922.8,,221812.00000000003,False,7925000.0,25.0,1.0,0.0,hypothetical scenario
gaussian,0.7020000000000001,0.025,316912.0,7925000.0,5563350.000000001,7922.8,,222446.00000000003,False,7925000.0,25.0,1.0,0.0,hypothetical scenario
gaussian,0.704,0.025,316912.0,7925000.0,5579200.0,7922.8,,223080.0,False,7925000.0,25.0,1.0,0.0,hypothetical scenario
gaussian,0.706,0.025,316912.0,7925000.0,5595050.0,7922.8,,223714.0,False,7925000.0,25.0,1.0,0.0,hypothetical scenario
gaussian,0.708,0.025,316912.0,7925000.0,5610900.0,7922.8,,224348.0,False,7925000.0,25.0,1.0,0.0,hypothetical scenario
gaussian,0.71,0.025,316912.0,7925000.0,5626750.0,7922.8,,224982.0,False,7925000.0,25.0,1.0,0.0,hypothetical scenario
gaussian,0.712,0.025,316912.0,7925000.0,5642600.0,7922.8,,225616.0,False,7925000.0,25.0,1.0,0.0,hypothetical scenario
gaussian,0.714,0.025,316912.0,7925000.0,5658450.0,7922.8,,226250.0,False,7925000.0,25.0,1.0,0.0,hypothetical scenario
gaussian,0.716,0.025,316912.0,7925000.0,5674300.0,7922.8,,226884.0,False,7925000.0,25.0,1.0,0.0,hypothetical scenario
gaussian,0.718,0.025,316912.0,7925000.0,5690150.0,7922.8,,227518.0,False,7925000.0,25.0,1.0,0.0,hypothetical scenario
gaussian,0.72,0.025,316912.0,7925000.0,5706000.0,7922.8,,228152.0,False,7925000.0,25.0,1.0,0.0,hypothetical scenario
gaussian,0.722,0.025,316912.0,7925000.0,5721850.0,7922.8,,228786.0,False,7925000.0,25.0,1.0,0.0,hypothetical scenario
gaussian,0.724,0.025,316912.0,7925000.0,5737700.0,7922.8,,229420.0,False,7925000.0,25.0,1.0,0.0,hypothetical scenario
gaussian,0.726,0.025,316912.0,7925000.0,5753550.0,7922.8,,230054.0,False,7925000.0,25.0,1.0,0.0,hypothetical scenario
gaussian,0.728,0.025,316912.0,7925000.0,5769400.0,7922.8,,230688.0,False,7925000.0,25.0,1.0,0.0,hypothetical scenario
gaussian,0.73,0.025,316912.0,7925000.0,5785250.0,7922.8,,231322.0,False,7925000.0,25.0,1.0,0.0,hypothetical scenario
gaussian,0.732,0.025,316912.0,7925000.0,5801100.0,7922.8,,231956.0,False,7925000.0,25.0,1.0,0.0,hypothetical scenario
gaussian,0.734,0.025,316912.0,7925000.0,5816950.0,7922.8,,232590.0,False,7925000.0,25.0,1.0,0.0,hypothetical scenario
gaussian,0.736,0.025,316912.0,7925000.0,5832800.0,7922.8,,233224.00000000006,False,7924999.999999998,25.0,1.0,0.0,hypothetical scenario
gaussian,0.738,0.025,316912.0,7925000.0,5848650.0,7922.8,,233858.0000000001,False,7924999.999999998,25.0,1.0,0.0,hypothetical scenario
gaussian,0.74,0.025,316912.0,7925000.0,5864500.0,7922.8,,234492.0000000002,False,7924999.999999995,25.0,1.0,0.0,hypothetical scenario
gaussian,0.742,0.025,316912.0,7925000.0,5880350.0,7922.8,,235125.99999999997,False,7925000.000000001,25.0,1.0,0.0,hypothetical scenario
gaussian,0.744,0.025,316912.0,7925000.0,5896200.0,7922.8,,235760.0,False,7925000.0,25.0,1.0,0.0,hypothetical scenario
gaussian,0.746,0.025,316912.0,7925000.0,5912050.0,7922.8,,236394.0,False,7925000.0,25.0,1.0,0.0,hypothetical scenario
gaussian,0.748,0.025,316912.0,7925000.0,5927900.0,7922.8,,237028.0,False,7925000.0,25.0,1.0,0.0,hypothetical scenario
gaussian,0.75,0.025,316912.0,7925000.0,5943750.0,7922.8,,237662.0,False,7925000.0,25.0,1.0,0.0,hypothetical scenario
gaussian,0.752,0.025,316912.0,7925000.0,5959600.0,7922.8,,238296.0,False,7925000.0,25.0,1.0,0.0,hypothetical scenario
gaussian,0.754,0.025,316912.0,7925000.0,5975450.0,7922.8,,238930.0,False,7925000.0,25.0,1.0,0.0,hypothetical scenario
gaussian,0.756,0.025,316912.0,7925000.0,5991300.0,7922.8,,239564.0,False,7925000.0,25.0,1.0,0.0,hypothetical scenario
gaussian,0.758,0.025,316912.0,7925000.0,6007150.0,7922.8,,240198.0,False,7925000.0,25.0,1.0,0.0,hypothetical scenario
gaussian,0.76,0.025,316912.0,7925000.0,6023000.0,7922.8,,240832.0,False,7925000.0,25.0,1.0,0.0,hypothetical scenario
gaussian,0.762,0.025,316912.0,7925000.0,6038850.0,7922.8,,241466.0,False,7925000.0,25.0,1.0,0.0,hypothetical scenario
gaussian,0.764,0.025,316912.0,7925000.0,6054700.0,7922.8,,242100.0,False,7925000.0,25.0,1.0,0.0,hypothetical scenario
gaussian,0.766,0.025,316912.0,7925000.0,6070550.0,7922.8,,242734.0,False,7925000.0,25.0,1.0,0.0,hypothetical scenario
gaussian,0.768,0.025,316912.0,7925000.0,6086400.0,7922.8,,243368.0,False,7925000.0,25.0,1.0,0.0,hypothetical scenario
gaussian,0.77,0.025,316912.0,7925000.0,6102250.0,7922.8,,244002.0,False,7925000.0,25.0,1.0,0.0,hypothetical scenario
gaussian,0.772,0.025,316912.0,7925000.0,6118100.0,7922.8,,244636.0,False,7925000.0,25.0,1.0,0.0,hypothetical scenario
gaussian,0.774,0.025,316912.0,7925000.0,6133950.0,7922.8,,245270.0,False,7925000.0,25.0,1.0,0.0,hypothetical scenario
gaussian,0.776,0.025,316912.0,7925000.0,6149800.0,7922.8,,245904.0,False,7925000.0,25.0,1.0,0.0,hypothetical scenario
gaussian,0.778,0.025,316912.0,7925000.0,6165650.0,7922.8,,246538.0,False,7925000.0,25.0,1.0,0.0,hypothetical scenario
gaussian,0.78,0.025,316912.0,7925000.0,6181500.0,7922.8,,247172.0,False,7925000.0,25.0,1.0,0.0,hypothetical scenario
gaussian,0.782,0.025,316912.0,7925000.0,6197350.0,7922.8,,247806.0,False,7925000.0,25.0,1.0,0.0,hypothetical scenario
gaussian,0.784,0.025,316912.0,7925000.0,6213200.0,7922.8,,248440.0,False,7925000.0,25.0,1.0,0.0,hypothetical scenario
gaussian,0.786,0.025,316912.0,7925000.0,6229050.0,7922.8,,249074.0,False,7925000.0,25.0,1.0,0.0,hypothetical scenario
gaussian,0.788,0.025,316912.0,7925000.0,6244900.0,7922.8,,249708.0,False,7925000.0,25.0,1.0,0.0,hypothetical scenario
gaussian,0.79,0.025,316912.0,7925000.0,6260750.0,7922.8,,250342.0,False,7925000.0,25.0,1.0,0.0,hypothetical scenario
gaussian,0.792,0.025,316912.0,7925000.0,6276600.0,7922.8,,250976.0,False,7925000.0,25.0,1.0,0.0,hypothetical scenario
gaussian,0.794,0.025,316912.0,7925000.0,6292450.0,7922.8,,251610.0,False,7925000.0,24.999999999999996,0.9999999999999999,0.0,hypothetical scenario
gaussian,0.796,0.025,316912.0,7925000.0,6308300.0,7922.8,,252244.0,False,7925000.0,24.999999999999996,0.9999999999999999,0.0,hypothetical scenario
gaussian,0.798,0.025,316912.0,7925000.0,6324150.0,7922.8,,252878.0,False,7925000.0,24.999999999999993,0.9999999999999997,0.0,hypothetical scenario
gaussian,0.8,0.025,316912.0,7925000.0,6340000.0,7922.8,,253512.0,False,7925000.0,24.999999999999982,0.9999999999999993,0.0,hypothetical scenario
gaussian,0.802,0.025,316912.0,7925000.0,6355850.0,7922.8,,254146.0,False,7925000.0,24.999999999999968,0.9999999999999987,0.0,hypothetical scenario
gaussian,0.804,0.025,316912.0,7925000.0,6371700.0,7922.8,,254780.0,False,7925000.0,24.999999999999943,0.9999999999999978,0.0,hypothetical scenario
gaussian,0.806,0.025,316912.0,7925000.0,6387550.0,7922.8,,255414.0,False,7925000.0,24.999999999999893,0.9999999999999958,0.0,hypothetical scenario
gaussian,0.808,0.025,316912.0,7925000.0,6403400.0,7922.8,,256048.0,False,7925000.0,24.999999999999805,0.9999999999999922,0.0,hypothetical scenario
gaussian,0.81,0.025,316912.0,7925000.0,6419250.0,7922.8,,256682.0,False,7925000.0,24.999999999999638,0.9999999999999855,0.0,hypothetical scenario
gaussian,0.812,0.025,316912.0,7925000.0,6435100.0,7922.8,,257316.00000000003,False,7925000.0,24.999999999999325,0.999999999999973,0.0,hypothetical scenario
gaussian,0.8140000000000001,0.025,316912.0,7925000.0,6450950.0,7922.8,,257950.00000000006,False,7925000.0,24.999999999998764,0.9999999999999506,0.0,hypothetical scenario
gaussian,0.8160000000000001,0.025,316912.0,7925000.0,6466800.0,7922.8,,258584.0000000001,False,7925000.0,24.999999999997733,0.9999999999999093,0.0,hypothetical scenario
gaussian,0.8180000000000001,0.025,316912.0,7925000.0,6482650.000000001,7922.8,,259218.0000000002,False,7925000.0,24.99999999999589,0.9999999999998356,0.0,hypothetical scenario
gaussian,0.8200000000000001,0.025,316912.0,7925000.0,6498500.000000001,7922.8,,259852.00000000035,False,7925000.0,24.999999999992582,0.9999999999997032,0.0,hypothetical scenario
gaussian,0.8220000000000001,0.025,316912.0,7925000.0,6514350.000000001,7922.8,,260486.0000000006,False,7925000.0,24.999999999986702,0.9999999999994681,0.0,hypothetical scenario
gaussian,0.8240000000000001,0.025,316912.0,7925000.0,6530200.000000001,7922.8,,261120.00000000108,False,7925000.0,24.999999999976303,0.9999999999990521,0.0,hypothetical scenario
gaussian,0.8260000000000001,0.025,316912.0,7925000.0,6546050.000000001,7922.8,,261754.0000000019,False,7925000.0,24.999999999958046,0.9999999999983218,0.0,hypothetical scenario
gaussian,0.8280000000000001,0.025,316912.0,7925000.0,6561900.000000001,7922.8,,262388.0000000033,False,7925000.0,24.99999999992618,0.9999999999970473,0.0,hypothetical scenario
gaussian,0.8300000000000001,0.025,316912.0,7925000.0,6577750.000000001,7922.8,,263022.0000000059,False,7924999.999999998,24.99999999987093,0.9999999999948372,0.0,hypothetical scenario
gaussian,0.8320000000000001,0.025,316912.0,7925000.0,6593600.000000001,7922.8,,263656.0000000103,False,7924999.999999997,24.999999999775735,0.9999999999910294,0.0,hypothetical scenario
gaussian,0.834,0.025,316912.0,7925000.0,6609450.0,7922.8,,264290.00000001764,False,7925000.000000002,24.999999999612772,0.9999999999845108,0.0,hypothetical scenario
gaussian,0.836,0.025,316912.0,7925000.0,6625300.0,7922.8,,264924.00000003073,False,7925000.0,24.99999999933557,0.9999999999734228,0.0,hypothetical scenario
gaussian,0.838,0.025,316912.0,7925000.0,6641150.0,7922.8,,265558.000000053,False,7925000.0,24.99999999886706,0.9999999999546825,0.0,hypothetical scenario
gaussian,0.84,0.025,316912.0,7925000.0,6657000.0,7922.8,,266192.00000009086,False,7925000.0,24.999999998080266,0.9999999999232106,0.0,hypothetical scenario
gaussian,0.842,0.025,316912.0,7925000.0,6672850.0,7922.8,,266826.00000015483,False,7924999.999999999,24.999999996767382,0.9999999998706953,0.0,hypothetical scenario
gaussian,0.844,0.025,316912.0,7925000.0,6688700.0,7922.8,,267460.00000026205,False,7925000.000000001,24.999999994590624,0.999999999783625,0.0,hypothetical scenario
gaussian,0.846,0.025,316912.0,7925000.0,6704550.0,7922.8,,268094.000000441,False,7925000.0,24.999999991004586,0.9999999996401834,0.0,hypothetical scenario
gaussian,0.848,0.025,316912.0,7925000.0,6720400.0,7922.8,,268728.0000007375,False,7925000.0,24.99999998513455,0.999999999405382,0.0,hypothetical scenario
gaussian,0.85,0.025,316912.0,7925000.0,6736250.0,7922.8,,269362.00000122585,False,7924999.999999999,24.99999997558712,0.9999999990234848,0.0,hypothetical scenario
gaussian,0.852,0.025,316912.0,7925000.0,6752100.0,7922.8,,269996.0000020251,False,7925000.0,24.999999960157588,0.9999999984063035,0.0,hypothetical scenario
gaussian,0.854,0.025,316912.0,7925000.0,6767950.0,7922.8,,270630.0000033251,False,7925000.0,24.999999935381116,0.9999999974152446,0.0,hypothetical scenario
gaussian,0.856,0.025,316912.0,7925000.0,6783800.0,7922.8,,271264.00000542647,False,7925000.0,24.99999989584931,0.9999999958339724,0.0,hypothetical scenario
gaussian,0.858,0.025,316912.0,7925000.0,6799650.0,7922.8,,271898.000008802,False,7925000.0,24.99999983317721,0.9999999933270884,0.0,hypothetical scenario
gaussian,0.86,0.025,316912.0,7925000.0,6815500.0,7922.8,,272532.00001419056,False,7925000.000000001,24.999999734453308,0.9999999893781323,0.0,hypothetical scenario
gaussian,0.862,0.025,316912.0,7925000.0,6831350.0,7922.8,,273166.0000227394,False,7924999.999999999,24.999999579931142,0.9999999831972457,0.0,hypothetical scenario
gaussian,0.864,0.025,316912.0,7925000.0,6847200.0,7922.8,,273800.0000362175,False,7925000.0,24.99999933961679,0.9999999735846715,0.0,hypothetical scenario
gaussian,0.866,0.025,316912.0,7925000.0,6863050.0,7922.8,,274434.0000573355,False,7925000.0,24.999998968261945,0.9999999587304778,0.0,hypothetical scenario
gaussian,0.868,0.025,316912.0,7925000.0,6878900.0,7922.8,,275068.0000902189,False,7924999.999999999,24.99999839807285,0.999999935922914,0.0,hypothetical scenario
gaussian,0.87,0.025,316912.0,7925000.0,6894750.0,7922.8,,275702.00014110544,False,7925000.0,24.999997528173157,0.9999999011269263,0.0,hypothetical scenario
gaussian,0.872,0.025,316912.0,7925000.0,6910600.0,7922.8,,276336.0002193643,False,7925000.0,24.999996209491687,0.9999998483796675,0.0,hypothetical scenario
gaussian,0.874,0.025,316912.0,7925000.0,6926450.0,7922.8,,276970.0003389752,False,7925000.000000002,24.999994223254586,0.9999997689301834,0.0,hypothetical scenario
gaussian,0.876,0.025,316912.0,7925000.0,6942300.0,7922.8,,277604.0005206599,False,7924999.999999994,24.999991250611643,0.9999996500244657,0.0,hypothetical scenario
gaussian,0.878,0.025,316912.0,7925000.0,6958150.0,7922.8,,278238.0007949279,False,7925000.0,24.999986830076082,0.9999994732030433,0.0,hypothetical scenario
gaussian,0.88,0.025,316912.0,7925000.0,6974000.0,7922.8,,278872.0012064063,False,7925000.000000001,24.999980298356476,0.999999211934259,0.0,hypothetical scenario
gaussian,0.882,0.025,316912.0,7925000.0,6989850.0,7922.8,,279506.0018199354,False,7925000.000000001,24.999970708751718,0.9999988283500687,0.0,hypothetical scenario
gaussian,0.884,0.025,316912.0,7925000.0,7005700.0,7922.8,,280140.0027290997,False,7925000.000000001,24.99995671950109,0.9999982687800436,0.0,hypothetical scenario
gaussian,0.886,0.025,316912.0,7925000.0,7021550.0,7922.8,,280774.0040680718,False,7925000.0,24.999936442262246,0.9999974576904899,0.0,hypothetical scenario
gaussian,0.888,0.025,316912.0,7925000.0,7037400.0,7922.8,,281408.0060279337,False,7925000.0,24.999907238158688,0.9999962895263476,0.0,hypothetical scenario
gaussian,0.89,0.025,316912.0,7925000.0,7053250.0,7922.8,,282042.0088790005,False,7925000.0,24.999865445524595,0.9999946178209838,0.0,hypothetical scenario
gaussian,0.892,0.025,316912.0,7925000.0,7069100.0,7922.8,,282676.01300111925,False,7925000.0,24.999806019516903,0.9999922407806762,0.0,hypothetical scenario
gaussian,0.894,0.025,316912.0,7925000.0,7084950.0,7922.8,,283310.01892448054,False,7925000.0,24.999722059115363,0.9999888823646146,0.0,hypothetical scenario
gaussian,0.896,0.025,316912.0,7925000.0,7100800.0,7922.8,,283944.0273841657,False,7925000.0,24.99960419167082,0.9999841676668327,0.0,hypothetical scenario
gaussian,0.898,0.025,316912.0,7925000.0,7116650.0,7922.8,,284578.03939248715,False,7925000.0,24.999439779108563,0.9999775911643425,0.0,hypothetical scenario
gaussian,0.9,0.025,316912.0,7925000.0,7132500.0,7922.8,,285212.0563341755,False,7925000.0,24.99921190321832,0.9999684761287329,0.0,hypothetical scenario
gaussian,0.902,0.025,316912.0,7925000.0,7148350.0,7922.8,,285846.08009064064,False,7925000.0,24.99889808030415,0.9999559232121661,0.0,hypothetical scenario
gaussian,0.904,0.025,316912.0,7925000.0,7164200.0,7922.8,,286480.1132008975,False,7925000.0,24.99846864804967,0.9999387459219868,0.0,hypothetical scenario
gaussian,0.906,0.025,316912.0,7925000.0,7180050.0,7922.8,,287114.1590683032,False,7924999.999999998,24.997884760095392,0.9999153904038157,0.0,hypothetical scenario
gaussian,0.908,0.025,316912.0,7925000.0,7195900.0,7922.8,,287748.2222239993,False,7924999.999999995,24.997095916953153,0.9998838366781261,0.0,hypothetical scenario
gaussian,0.91,0.025,316912.0,7925000.0,7211750.0,7922.8,,288382.3086598796,False,7925000.000000003,24.996036956033304,0.9998414782413322,0.0,hypothetical scenario
gaussian,0.912,0.025,316912.0,7925000.0,7227600.0,7922.8,,289016.4262459817,False,7925000.0,24.99462441937372,0.9997849767749488,0.0,hypothetical scenario
gaussian,0.914,0.025,316912.0,7925000.0,7243450.0,7922.8,,289650.5852493896,False,7925000.0,24.992752215857987,0.9997100886343194,0.0,hypothetical scenario
gaussian,0.916,0.025,316912.0,7925000.0,7259300.0,7922.8,,290284.7989740065,False,7925000.0,24.99028649606289,0.9996114598425155,0.0,hypothetical scenario
gaussian,0.918,0.025,316912.0,7925000.0,7275150.0,7922.8,,290919.08454281196,False,7925000.0,24.987059663144002,0.99948238652576,0.0,hypothetical scenario
gaussian,0.92,0.025,316912.0,7925000.0,7291000.0,7922.8,,291553.4638464362,False,7925000.0,24.982863453031598,0.9993145381212639,0.0,hypothetical scenario
gaussian,0.922,0.025,316912.0,7925000.0,7306850.0,7922.8,,292187.9646839741,False,7925000.0,24.977441032173,0.99909764128692,0.0,hypothetical scenario
gaussian,0.924,0.025,316912.0,7925000.0,7322700.0,7922.8,,292822.62212388986,False,7925000.0,24.97047808134845,0.998819123253938,0.0,hypothetical scenario
gaussian,0.926,0.025,316912.0,7925000.0,7338550.0,7922.8,,293457.48011460365,False,7925000.0,24.961592859544467,0.9984637143817787,0.0,hypothetical scenario
gaussian,0.928,0.025,316912.0,7925000.0,7354400.0,7922.8,,294092.59337594645,False,7925000.0,24.95032527184101,0.9980130108736404,0.0,hypothetical scenario
gaussian,0.93,0.025,316912.0,7925000.0,7370250.0,7922.8,,294728.02960420254,False,7924999.999999999,24.936124998535636,0.9974449999414254,0.0,hypothetical scenario
gaussian,0.932,0.025,316912.0,7925000.0,7386100.0,7922.8,,295363.8720251432,False,7924999.999999999,24.91833877745897,0.9967335510983588,0.0,hypothetical scenario
gaussian,0.934,0.025,316912.0,7925000.0,7401950.0,7922.8,,296000.2223315946,False,7925000.0,24.896196965202765,0.9958478786081106,0.0,hypothetical scenario
gaussian,0.936,0.025,316912.0,7925000.0,7417800.0,7922.8,,296637.2040451511,False,7925000.0,24.868799532839997,0.9947519813135999,0.0,hypothetical scenario
gaussian,0.9380000000000001,0.025,316912.0,7925000.0,7433650.0,7922.8,,297274.96634627884,False,7925000.0,24.83510167435168,0.9934040669740672,0.0,hypothetical scenario
gaussian,0.9400000000000001,0.025,316912.0,7925000.0,7449500.0,7922.8,,297913.68842411187,False,7925000.0,24.793899217916934,0.9917559687166774,0.0,hypothetical scenario
gaussian,0.9420000000000001,0.025,316912.0,7925000.0,7465350.000000001,7922.8,,298553.58440780384,False,7925000.0,24.743814028096626,0.989752561123865,0.0,hypothetical scenario
gaussian,0.9440000000000001,0.025,316912.0,7925000.0,7481200.000000001,7922.8,,299194.90895675484,False,7925000.0,24.68327956772964,0.9873311827091856,0.0,hypothetical scenario
gaussian,0.9460000000000001,0.025,316912.0,7925000.0,7497050.000000001,7922.8,,299837.96360912663,False,7925000.0,24.610526749628594,0.9844210699851438,0.0,hypothetical scenario
gaussian,0.9480000000000001,0.025,316912.0,7925000.0,7512900.000000001,7922.8,,300483.1040190076,False,7924999.999999999,24.523570148191315,0.9809428059276526,0.0,hypothetical scenario
gaussian,0.9500000000000001,0.025,316912.0,7925000.0,7528750.000000001,7922.8,,301130.7482552832,False,7924999.999999999,24.420194558830683,0.9768077823532273,0.0,hypothetical scenario
gaussian,0.9520000000000001,0.025,316912.0,7925000.0,7544600.000000001,7922.8,,301781.3863935451,False,7924999.999999999,24.297941788185668,0.9719176715274267,0.0,hypothetical scenario
gaussian,0.9540000000000001,0.025,316912.0,7925000.0,7560450.000000001,7922.8,,302435.59171149635,False,7925000.0,24.154097430034415,0.9661638972013766,0.0,hypothetical scenario
gaussian,0.9560000000000001,0.025,316912.0,7925000.0,7576300.000000001,7922.8,,303094.0339057337,False,7925000.0,23.985677229735657,0.9594270891894263,0.0,hypothetical scenario
gaussian,0.9580000000000001,0.025,316912.0,7925000.0,7592150.000000001,7922.8,,303757.4948942522,False,7925000.0,23.78941246138792,0.9515764984555167,0.0,hypothetical scenario
gaussian,0.96,0.025,316912.0,7925000.0,7608000.0,7922.8,,304426.8879704893,False,7925000.0,23.56173353134463,0.9424693412537851,0.0,hypothetical scenario
gaussian,0.962,0.025,316912.0,7925000.0,7623850.0,7922.8,,305103.28135526384,False,7925000.000000001,23.29875076918065,0.931950030767226,0.0,hypothetical scenario
gaussian,0.964,0.025,316912.0,7925000.0,7639700.0,7922.8,,305787.9275896362,False,7925000.0,22.99623105530265,0.9198492422121061,0.0,hypothetical scenario
gaussian,0.966,0.025,316912.0,7925000.0,7655550.0,7922.8,,306482.3007826495,False,7925000.000000001,22.649568534633058,0.9059827413853223,0.0,hypothetical scenario
gaussian,0.968,0.025,316912.0,7925000.0,7671400.0,7922.8,,307188.1445661809,False,7925000.0,22.253747132537388,0.8901498853014955,0.0,hypothetical scenario
gaussian,0.97,0.025,316912.0,7925000.0,7687250.0,7922.8,,307907.5348671927,False,7925000.0,21.803291849716626,0.872131673988665,0.0,hypothetical scenario
gaussian,0.972,0.025,316912.0,7925000.0,7703100.0,7922.8,,308642.96354175644,False,7924999.999999999,21.2922047504024,0.8516881900160961,0.0,hypothetical scenario
gaussian,0.974,0.025,316912.0,7925000.0,7718950.0,7922.8,,309397.45196862496,False,7925000.0,20.713879981782696,0.8285551992713078,0.0,hypothetical scenario
gaussian,0.976,0.025,316912.0,7925000.0,7734800.0,7922.8,,310174.70866560284,False,7925000.000000001,20.060989750822074,0.802439590032883,0.0,hypothetical scenario
gaussian,0.978,0.025,316912.0,7925000.0,7750650.0,7922.8,,310979.3533415356,False,7925000.0,19.32532937890622,0.7730131751562488,0.0,hypothetical scenario
gaussian,0.98,0.025,316912.0,7925000.0,7766500.0,7922.8,,311817.24438453285,False,7925000.0,18.497603345085412,0.7399041338034165,0.0,hypothetical scenario
gaussian,0.982,0.025,316912.0,7925000.0,7782350.0,7922.8,,312695.9734311754,False,7924999.999999999,17.567123704543608,0.7026849481817443,0.0,hypothetical scenario
gaussian,0.984,0.025,316912.0,7925000.0,7798200.0,7922.8,,313625.6419399028,False,7925000.0,16.521373620035998,0.6608549448014399,0.0,hypothetical scenario
gaussian,0.986,0.025,316912.0,7925000.0,7814050.0,7922.8,,314620.1397687191,False,7925000.0,15.345353882454852,0.613814155298194,0.0,hypothetical scenario
gaussian,0.988,0.025,316912.0,7925000.0,7829900.0,7922.8,,315699.3782640214,False,7925000.0,14.020560710736598,0.560822428429464,0.0,hypothetical scenario
gaussian,0.99,0.025,316912.0,7925000.0,7845750.0,7922.8,,316893.4970373945,False,7924999.999999998,12.52329229371556,0.5009316917486224,0.0,hypothetical scenario
gaussian,0.992,0.025,316912.0,7925000.0,7861600.0,7922.8,,318251.63034060516,False,7925000.0,10.821617696599876,0.43286470786399506,0.0,hypothetical scenario
gaussian,0.994,0.025,316912.0,7925000.0,7877450.0,7922.8,,319862.9716891652,False,7925000.0,8.869326297593554,0.3547730519037422,0.0,hypothetical scenario
gaussian,0.996,0.025,316912.0,7925000.0,7893300.0,7922.8,,321919.86203075,False,7925000.0,6.591663359382641,0.26366653437530563,0.0,hypothetical scenario
gaussian,0.998,0.025,316912.0,7925000.0,7909150.0,7922.8,,325001.9254543982,False,7925000.0,3.8401223904568944,0.15360489561827578,0.0,hypothetical scenario
gaussian,1.0,0.025,316912.0,7925000.0,7925000.0,7922.8,,,True,7925000.0,0.0,0.0,0.0,hypothetical scenario
gaussian,0.0,0.05,316912.0,7925000.0,0.0,15845.6,,-88.0,False,7925000.0,25.0,1.0,2.7536241186061556e-89,hypothetical scenario
gaussian,0.002,0.05,316912.0,7925000.0,15850.0,15845.6,,546.0,False,7924999.999999999,25.0,1.0,2.7536241186061556e-89,hypothetical scenario
gaussian,0.004,0.05,316912.0,7925000.0,31700.0,15845.6,,1180.0,False,7925000.0,25.0,1.0,2.7536241186061556e-89,hypothetical scenario
gaussian,0.006,0.05,316912.0,7925000.0,47550.0,15845.6,,1814.0,False,7924999.999999999,25.0,1.0,2.7536241186061556e-89,hypothetical scenario
gaussian,0.008,0.05,316912.0,7925000.0,63400.0,15845.6,,2448.0,False,7925000.0,25.0,1.0,2.7536241186061556e-89,hypothetical scenario
gaussian,0.01,0.05,316912.0,7925000.0,79250.0,15845.6,,3082.0,False,7924999.999999999,25.0,1.0,2.7536241186061556e-89,hypothetical scenario
gaussian,0.012,0.05,316912.0,7925000.0,95100.0,15845.6,,3716.0,False,7925000.0,25.0,1.0,2.7536241186061556e-89,hypothetical scenario
gaussian,0.014,0.05,316912.0,7925000.0,110950.0,15845.6,,4349.999999999942,False,7925000.000000002,25.0,1.0,2.7536241186061556e-89,hypothetical scenario
gaussian,0.016,0.05,316912.0,7925000.0,126800.0,15845.6,,4984.0,False,7925000.0,25.0,1.0,2.7536241186061556e-89,hypothetical scenario
gaussian,0.018000000000000002,0.05,316912.0,7925000.0,142650.00000000003,15845.6,,5617.999999999942,False,7925000.000000002,25.0,1.0,2.7536241186061556e-89,hypothetical scenario
gaussian,0.02,0.05,316912.0,7925000.0,158500.0,15845.6,,6252.0,False,7925000.0,25.0,1.0,2.7536241186061556e-89,hypothetical scenario
gaussian,0.022,0.05,316912.0,7925000.0,174350.0,15845.6,,6885.999999999942,False,7925000.000000002,25.0,1.0,2.7536241186061556e-89,hypothetical scenario
gaussian,0.024,0.05,316912.0,7925000.0,190200.0,15845.6,,7520.0,False,7925000.0,25.0,1.0,2.7536241186061556e-89,hypothetical scenario
gaussian,0.026000000000000002,0.05,316912.0,7925000.0,206050.00000000003,15845.6,,8153.999999999942,False,7925000.000000002,25.0,1.0,2.7536241186061556e-89,hypothetical scenario
gaussian,0.028,0.05,316912.0,7925000.0,221900.0,15845.6,,8788.0,False,7925000.0,25.0,1.0,2.7536241186061556e-89,hypothetical scenario
gaussian,0.03,0.05,316912.0,7925000.0,237750.0,15845.6,,9421.999999999942,False,7925000.000000001,25.0,1.0,2.7536241186061556e-89,hypothetical scenario
gaussian,0.032,0.05,316912.0,7925000.0,253600.0,15845.6,,10056.0,False,7925000.0,25.0,1.0,2.7536241186061556e-89,hypothetical scenario
gaussian,0.034,0.05,316912.0,7925000.0,269450.0,15845.6,,10689.999999999942,False,7925000.000000001,25.0,1.0,2.7536241186061556e-89,hypothetical scenario
gaussian,0.036000000000000004,0.05,316912.0,7925000.0,285300.00000000006,15845.6,,11324.0,False,7925000.0,25.0,1.0,2.7536241186061556e-89,hypothetical scenario
gaussian,0.038,0.05,316912.0,7925000.0,301150.0,15845.6,,11957.999999999942,False,7925000.000000001,25.0,1.0,2.7536241186061556e-89,hypothetical scenario
gaussian,0.04,0.05,316912.0,7925000.0,317000.0,15845.6,,12592.0,False,7925000.0,25.0,1.0,2.7536241186061556e-89,hypothetical scenario
gaussian,0.042,0.05,316912.0,7925000.0,332850.0,15845.6,,13225.999999999942,False,7925000.000000001,25.0,1.0,2.7536241186061556e-89,hypothetical scenario
gaussian,0.044,0.05,316912.0,7925000.0,348700.0,15845.6,,13860.0,False,7925000.0,25.0,1.0,2.7536241186061556e-89,hypothetical scenario
gaussian,0.046,0.05,316912.0,7925000.0,364550.0,15845.6,,14493.999999999942,False,7925000.000000001,25.0,1.0,2.7536241186061556e-89,hypothetical scenario
gaussian,0.048,0.05,316912.0,7925000.0,380400.0,15845.6,,15128.0,False,7925000.0,25.0,1.0,2.7536241186061556e-89,hypothetical scenario
gaussian,0.05,0.05,316912.0,7925000.0,396250.0,15845.6,,15761.999999999942,False,7925000.000000001,25.0,1.0,2.7536241186061556e-89,hypothetical scenario
gaussian,0.052000000000000005,0.05,316912.0,7925000.0,412100.00000000006,15845.6,,16396.0,False,7925000.0,25.0,1.0,2.7536241186061556e-89,hypothetical scenario
gaussian,0.054,0.05,316912.0,7925000.0,427950.0,15845.6,,17029.99999999994,False,7925000.000000001,25.0,1.0,2.7536241186061556e-89,hypothetical scenario
gaussian,0.056,0.05,316912.0,7925000.0,443800.0,15845.6,,17664.0,False,7925000.0,25.0,1.0,2.7536241186061556e-89,hypothetical scenario
gaussian,0.058,0.05,316912.0,7925000.0,459650.0,15845.6,,18297.99999999994,False,7925000.000000001,25.0,1.0,2.7536241186061556e-89,hypothetical scenario
gaussian,0.06,0.05,316912.0,7925000.0,475500.0,15845.6,,18932.0,False,7925000.0,25.0,1.0,2.7536241186061556e-89,hypothetical scenario
gaussian,0.062,0.05,316912.0,7925000.0,491350.0,15845.6,,19565.99999999994,False,7925000.000000001,25.0,1.0,2.7536241186061556e-89,hypothetical scenario
gaussian,0.064,0.05,316912.0,7925000.0,507200.0,15845.6,,20200.0,False,7925000.0,25.0,1.0,2.7536241186061556e-89,hypothetical scenario
gaussian,0.066,0.05,316912.0,7925000.0,523050.0,15845.6,,20833.99999999994,False,7925000.000000001,25.0,1.0,2.7536241186061556e-89,hypothetical scenario
gaussian,0.068,0.05,316912.0,7925000.0,538900.0,15845.6,,21468.0,False,7925000.0,25.0,1.0,2.7536241186061556e-89,hypothetical scenario
gaussian,0.07,0.05,316912.0,7925000.0,554750.0,15845.6,,22101.99999999994,False,7925000.000000001,25.0,1.0,2.7536241186061556e-89,hypothetical scenario
gaussian,0.07200000000000001,0.05,316912.0,7925000.0,570600.0000000001,15845.6,,22736.0,False,7925000.0,25.0,1.0,2.7536241186061556e-89,hypothetical scenario
gaussian,0.074,0.05,316912.0,7925000.0,586450.0,15845.6,,23369.99999999994,False,7925000.000000001,25.0,1.0,2.7536241186061556e-89,hypothetical scenario
gaussian,0.076,0.05,316912.0,7925000.0,602300.0,15845.6,,24004.0,False,7925000.0,25.0,1.0,2.7536241186061556e-89,hypothetical scenario
gaussian,0.078,0.05,316912.0,7925000.0,618150.0,15845.6,,24637.99999999994,False,7925000.000000001,25.0,1.0,2.7536241186061556e-89,hypothetical scenario
gaussian,0.08,0.05,316912.0,7925000.0,634000.0,15845.6,,25272.0,False,7925000.0,25.0,1.0,2.7536241186061556e-89,hypothetical scenario
gaussian,0.082,0.05,316912.0,7925000.0,649850.0,15845.6,,25905.99999999994,False,7925000.000000001,25.0,1.0,2.7536241186061556e-89,hypothetical scenario
gaussian,0.084,0.05,316912.0,7925000.0,665700.0,15845.6,,26540.0,False,7925000.0,25.0,1.0,2.7536241186061556e-89,hypothetical scenario
gaussian,0.08600000000000001,0.05,316912.0,7925000.0,681550.0,15845.6,,27173.99999999994,False,7925000.000000001,25.0,1.0,2.7536241186061556e-89,hypothetical scenario
gaussian,0.088,0.05,316912.0,7925000.0,697400.0,15845.6,,27808.0,False,7925000.0,25.0,1.0,2.7536241186061556e-89,hypothetical scenario
gaussian,0.09,0.05,316912.0,7925000.0,713250.0,15845.6,,28441.99999999994,False,7925000.000000001,25.0,1.0,2.7536241186061556e-89,hypothetical scenario
gaussian,0.092,0.05,316912.0,7925000.0,729100.0,15845.6,,29076.0,False,7925000.0,25.0,1.0,2.7536241186061556e-89,hypothetical scenario
gaussian,0.094,0.05,316912.0,7925000.0,744950.0,15845.6,,29709.99999999994,False,7925000.000000001,25.0,1.0,2.7536241186061556e-89,hypothetical scenario
gaussian,0.096,0.05,316912.0,7925000.0,760800.0,15845.6,,30344.0,False,7925000.0,25.0,1.0,2.7536241186061556e-89,hypothetical scenario
gaussian,0.098,0.05,316912.0,7925000.0,776650.0,15845.6,,30977.99999999994,False,7925000.000000001,25.0,1.0,2.7536241186061556e-89,hypothetical scenario
gaussian,0.1,0.05,316912.0,7925000.0,792500.0,15845.6,,31612.0,False,7925000.0,25.0,1.0,2.7536241186061556e-89,hypothetical scenario
gaussian,0.10200000000000001,0.05,316912.0,7925000.0,808350.0,15845.6,,32245.99999999994,False,7925000.000000001,25.0,1.0,2.7536241186061556e-89,hypothetical scenario
gaussian,0.10400000000000001,0.05,316912.0,7925000.0,824200.0000000001,15845.6,,32880.0,False,7925000.0,25.0,1.0,2.7536241186061556e-89,hypothetical scenario
gaussian,0.106,0.05,316912.0,7925000.0,840050.0,15845.6,,33513.99999999994,False,7925000.000000001,25.0,1.0,2.7536241186061556e-89,hypothetical scenario
gaussian,0.108,0.05,316912.0,7925000.0,855900.0,15845.6,,34148.0,False,7925000.0,25.0,1.0,2.7536241186061556e-89,hypothetical scenario
gaussian,0.11,0.05,316912.0,7925000.0,871750.0,15845.6,,34782.0,False,7924999.999999999,25.0,1.0,2.7536241186061556e-89,hypothetical scenario
gaussian,0.112,0.05,316912.0,7925000.0,887600.0,15845.6,,35416.0,False,7925000.0,25.0,1.0,2.7536241186061556e-89,hypothetical scenario
gaussian,0.114,0.05,316912.0,7925000.0,903450.0,15845.6,,36050.0,False,7924999.999999999,25.0,1.0,2.7536241186061556e-89,hypothetical scenario
gaussian,0.116,0.05,316912.0,7925000.0,919300.0,15845.6,,36684.0,False,7925000.0,25.0,1.0,2.7536241186061556e-89,hypothetical scenario
gaussian,0.11800000000000001,0.05,316912.0,7925000.0,935150.0000000001,15845.6,,37318.0,False,7924999.999999999,25.0,1.0,2.7536241186061556e-89,hypothetical scenario
gaussian,0.12,0.05,316912.0,7925000.0,951000.0,15845.6,,37952.0,False,7925000.0,25.0,1.0,2.7536241186061556e-89,hypothetical scenario
gaussian,0.122,0.05,316912.0,7925000.0,966850.0,15845.6,,38586.0,False,7924999.999999999,25.0,1.0,2.7536241186061556e-89,hypothetical scenario
gaussian,0.124,0.05,316912.0,7925000.0,982700.0,15845.6,,39220.0,False,7925000.0,25.0,1.0,2.7536241186061556e-89,hypothetical scenario
gaussian,0.126,0.05,316912.0,7925000.0,998550.0,15845.6,,39854.0,False,7924999.999999999,25.0,1.0,2.7536241186061556e-89,hypothetical scenario
gaussian,0.128,0.05,316912.0,7925000.0,1014400.0,15845.6,,40488.0,False,7925000.0,25.0,1.0,2.7536241186061556e-89,hypothetical scenario
gaussian,0.13,0.05,316912.0,7925000.0,1030250.0,15845.6,,41122.0,False,7924999.999999999,25.0,1.0,2.7536241186061556e-89,hypothetical scenario
gaussian,0.132,0.05,316912.0,7925000.0,1046100.0,15845.6,,41756.0,False,7925000.0,25.0,1.0,2.7536241186061556e-89,hypothetical scenario
gaussian,0.134,0.05,316912.0,7925000.0,1061950.0,15845.6,,42390.0,False,7924999.999999999,25.0,1.0,2.7536241186061556e-89,hypothetical scenario
gaussian,0.136,0.05,316912.0,7925000.0,1077800.0,15845.6,,43024.0,False,7925000.0,25.0,1.0,2.7536241186061556e-89,hypothetical scenario
gaussian,0.138,0.05,316912.0,7925000.0,1093650.0,15845.6,,43658.0,False,7924999.999999999,25.0,1.0,2.7536241186061556e-89,hypothetical scenario
gaussian,0.14,0.05,316912.0,7925000.0,1109500.0,15845.6,,44292.0,False,7925000.0,25.0,1.0,2.7536241186061556e-89,hypothetical scenario
gaussian,0.14200000000000002,0.05,316912.0,7925000.0,1125350.0000000002,15845.6,,44926.0,False,7924999.999999999,25.0,1.0,2.7536241186061556e-89,hypothetical scenario
gaussian,0.14400000000000002,0.05,316912.0,7925000.0,1141200.0000000002,15845.6,,45560.0,False,7925000.0,25.0,1.0,2.7536241186061556e-89,hypothetical scenario
gaussian,0.146,0.05,316912.0,7925000.0,1157050.0,15845.6,,46194.0,False,7924999.999999999,25.0,1.0,2.7536241186061556e-89,hypothetical scenario
gaussian,0.148,0.05,316912.0,7925000.0,1172900.0,15845.6,,46828.0,False,7925000.0,25.0,1.0,2.7536241186061556e-89,hypothetical scenario
gaussian,0.15,0.05,316912.0,7925000.0,1188750.0,15845.6,,47462.0,False,7924999.999999999,25.0,1.0,2.7536241186061556e-89,hypothetical scenario
gaussian,0.152,0.05,316912.0,7925000.0,1204600.0,15845.6,,48096.0,False,7925000.0,25.0,1.0,2.7536241186061556e-89,hypothetical scenario
gaussian,0.154,0.05,316912.0,7925000.0,1220450.0,15845.6,,48730.0,False,7924999.999999999,25.0,1.0,2.7536241186061556e-89,hypothetical scenario
gaussian,0.156,0.05,316912.0,7925000.0,1236300.0,15845.6,,49364.0,False,7925000.0,25.0,1.0,2.7536241186061556e-89,hypothetical scenario
gaussian,0.158,0.05,316912.0,7925000.0,1252150.0,15845.6,,49998.0,False,7924999.999999999,25.0,1.0,2.7536241186061556e-89,hypothetical scenario
gaussian,0.16,0.05,316912.0,7925000.0,1268000.0,15845.6,,50632.0,False,7925000.0,25.0,1.0,2.7536241186061556e-89,hypothetical scenario
gaussian,0.162,0.05,316912.0,7925000.0,1283850.0,15845.6,,51266.0,False,7924999.999999999,25.0,1.0,2.7536241186061556e-89,hypothetical scenario
gaussian,0.164,0.05,316912.0,7925000.0,1299700.0,15845.6,,51900.0,False,7925000.0,25.0,1.0,2.7536241186061556e-89,hypothetical scenario
gaussian,0.166,0.05,316912.0,7925000.0,1315550.0,15845.6,,52534.0,False,7924999.999999999,25.0,1.0,2.7536241186061556e-89,hypothetical scenario
gaussian,0.168,0.05,316912.0,7925000.0,1331400.0,15845.6,,53168.0,False,7925000.0,25.0,1.0,2.7536241186061556e-89,hypothetical scenario
gaussian,0.17,0.05,316912.0,7925000.0,1347250.0,15845.6,,53802.0,False,7924999.999999999,25.0,1.0,2.7536241186061556e-89,hypothetical scenario
gaussian,0.17200000000000001,0.05,316912.0,7925000.0,1363100.0,15845.6,,54436.0,False,7925000.0,25.0,1.0,2.7536241186061556e-89,hypothetical scenario
gaussian,0.17400000000000002,0.05,316912.0,7925000.0,1378950.0000000002,15845.6,,55070.00000000003,False,7924999.999999999,25.0,1.0,2.7536241186061556e-89,hypothetical scenario
gaussian,0.176,0.05,316912.0,7925000.0,1394800.0,15845.6,,55704.0,False,7925000.0,25.0,1.0,2.7536241186061556e-89,hypothetical scenario
gaussian,0.178,0.05,316912.0,7925000.0,1410650.0,15845.6,,56338.00000000003,False,7924999.999999999,25.0,1.0,2.7536241186061556e-89,hypothetical scenario
gaussian,0.18,0.05,316912.0,7925000.0,1426500.0,15845.6,,56972.0,False,7925000.0,25.0,1.0,2.7536241186061556e-89,hypothetical scenario
gaussian,0.182,0.05,316912.0,7925000.0,1442350.0,15845.6,,57606.00000000003,False,7924999.999999999,25.0,1.0,2.7536241186061556e-89,hypothetical scenario
gaussian,0.184,0.05,316912.0,7925000.0,1458200.0,15845.6,,58240.0,False,7925000.0,25.0,1.0,2.7536241186061556e-89,hypothetical scenario
gaussian,0.186,0.05,316912.0,7925000.0,1474050.0,15845.6,,58874.00000000003,False,7924999.999999999,25.0,1.0,2.7536241186061556e-89,hypothetical scenario
gaussian,0.188,0.05,316912.0,7925000.0,1489900.0,15845.6,,59508.0,False,7925000.0,25.0,1.0,2.7536241186061556e-89,hypothetical scenario
gaussian,0.19,0.05,316912.0,7925000.0,1505750.0,15845.6,,60142.00000000003,False,7924999.999999999,25.0,1.0,2.7536241186061556e-89,hypothetical scenario
gaussian,0.192,0.05,316912.0,7925000.0,1521600.0,15845.6,,60776.0,False,7925000.0,25.0,1.0,2.7536241186061556e-89,hypothetical scenario
gaussian,0.194,0.05,316912.0,7925000.0,1537450.0,15845.6,,61410.00000000003,False,7924999.999999999,25.0,1.0,2.7536241186061556e-89,hypothetical scenario
gaussian,0.196,0.05,316912.0,7925000.0,1553300.0,15845.6,,62044.0,False,7925000.0,25.0,1.0,2.7536241186061556e-89,hypothetical scenario
gaussian,0.198,0.05,316912.0,7925000.0,1569150.0,15845.6,,62678.00000000003,False,7924999.999999999,25.0,1.0,2.7536241186061556e-89,hypothetical scenario
gaussian,0.2,0.05,316912.0,7925000.0,1585000.0,15845.6,,63312.0,False,7925000.0,25.0,1.0,2.7536241186061556e-89,hypothetical scenario
gaussian,0.202,0.05,316912.0,7925000.0,1600850.0,15845.6,,63946.0,False,7925000.0,25.0,1.0,2.7536241186061556e-89,hypothetical scenario
gaussian,0.20400000000000001,0.05,316912.0,7925000.0,1616700.0,15845.6,,64580.0,False,7925000.0,25.0,1.0,2.7536241186061556e-89,hypothetical scenario
gaussian,0.20600000000000002,0.05,316912.0,7925000.0,1632550.0000000002,15845.6,,65214.0,False,7925000.0,25.0,1.0,2.7536241186061556e-89,hypothetical scenario
gaussian,0.20800000000000002,0.05,316912.0,7925000.0,1648400.0000000002,15845.6,,65848.0,False,7925000.0,25.0,1.0,2.7536241186061556e-89,hypothetical scenario
gaussian,0.21,0.05,316912.0,7925000.0,1664250.0,15845.6,,66482.0,False,7925000.0,25.0,1.0,2.7536241186061556e-89,hypothetical scenario
gaussian,0.212,0.05,316912.0,7925000.0,1680100.0,15845.6,,67116.0,False,7925000.0,25.0,1.0,2.7536241186061556e-89,hypothetical scenario
gaussian,0.214,0.05,316912.0,7925000.0,1695950.0,15845.6,,67750.0,False,7925000.0,25.0,1.0,2.7536241186061556e-89,hypothetical scenario
gaussian,0.216,0.05,316912.0,7925000.0,1711800.0,15845.6,,68384.0,False,7925000.0,25.0,1.0,2.7536241186061556e-89,hypothetical scenario
gaussian,0.218,0.05,316912.0,7925000.0,1727650.0,15845.6,,69018.0,False,7925000.0,25.0,1.0,2.7536241186061556e-89,hypothetical scenario
gaussian,0.22,0.05,316912.0,7925000.0,1743500.0,15845.6,,69652.0,False,7925000.0,25.0,1.0,2.7536241186061556e-89,hypothetical scenario
gaussian,0.222,0.05,316912.0,7925000.0,1759350.0,15845.6,,70286.0,False,7925000.0,25.0,1.0,2.7536241186061556e-89,hypothetical scenario
gaussian,0.224,0.05,316912.0,7925000.0,1775200.0,15845.6,,70920.0,False,7925000.0,25.0,1.0,2.7536241186061556e-89,hypothetical scenario
gaussian,0.226,0.05,316912.0,7925000.0,1791050.0,15845.6,,71554.0,False,7925000.0,25.0,1.0,2.7536241186061556e-89,hypothetical scenario
gaussian,0.228,0.05,316912.0,7925000.0,1806900.0,15845.6,,72188.0,False,7925000.0,25.0,1.0,2.7536241186061556e-89,hypothetical scenario
gaussian,0.23,0.05,316912.0,7925000.0,1822750.0,15845.6,,72822.0,False,7925000.0,25.0,1.0,2.7536241186061556e-89,hypothetical scenario
gaussian,0.232,0.05,316912.0,7925000.0,1838600.0,15845.6,,73456.0,False,7925000.0,25.0,1.0,2.7536241186061556e-89,hypothetical scenario
gaussian,0.234,0.05,316912.0,7925000.0,1854450.0,15845.6,,74090.0,False,7925000.0,25.0,1.0,2.7536241186061556e-89,hypothetical scenario
gaussian,0.23600000000000002,0.05,316912.0,7925000.0,1870300.0000000002,15845.6,,74724.0,False,7925000.0,25.0,1.0,2.7536241186061556e-89,hypothetical scenario
gaussian,0.23800000000000002,0.05,316912.0,7925000.0,1886150.0000000002,15845.6,,75358.0,False,7925000.0,25.0,1.0,2.7536241186061556e-89,hypothetical scenario
gaussian,0.24,0.05,316912.0,7925000.0,1902000.0,15845.6,,75992.0,False,7925000.0,25.0,1.0,2.7536241186061556e-89,hypothetical scenario
gaussian,0.242,0.05,316912.0,7925000.0,1917850.0,15845.6,,76626.0,False,7925000.0,25.0,1.0,2.7536241186061556e-89,hypothetical scenario
gaussian,0.244,0.05,316912.0,7925000.0,1933700.0,15845.6,,77260.0,False,7925000.0,25.0,1.0,2.7536241186061556e-89,hypothetical scenario
gaussian,0.246,0.05,316912.0,7925000.0,1949550.0,15845.6,,77894.0,False,7924999.999999999,25.0,1.0,2.7536241186061556e-89,hypothetical scenario
gaussian,0.248,0.05,316912.0,7925000.0,1965400.0,15845.6,,78528.0,False,7924999.999999999,25.0,1.0,2.7536241186061556e-89,hypothetical scenario
gaussian,0.25,0.05,316912.0,7925000.0,1981250.0,15845.6,,79162.0,False,7924999.999999999,25.0,1.0,2.7536241186061556e-89,hypothetical scenario
gaussian,0.252,0.05,316912.0,7925000.0,1997100.0,15845.6,,79796.0,False,7924999.999999999,25.0,1.0,2.7536241186061556e-89,hypothetical scenario
gaussian,0.254,0.05,316912.0,7925000.0,2012950.0,15845.6,,80430.0,False,7924999.999999999,25.0,1.0,2.7536241186061556e-89,hypothetical scenario
gaussian,0.256,0.05,316912.0,7925000.0,2028800.0,15845.6,,81063.99999999997,False,7925000.000000001,25.0,1.0,2.7536241186061556e-89,hypothetical scenario
gaussian,0.258,0.05,316912.0,7925000.0,2044650.0,15845.6,,81697.99999999997,False,7925000.000000001,25.0,1.0,2.7536241186061556e-89,hypothetical scenario
gaussian,0.26,0.05,316912.0,7925000.0,2060500.0,15845.6,,82331.99999999997,False,7925000.000000001,25.0,1.0,2.7536241186061556e-89,hypothetical scenario
gaussian,0.262,0.05,316912.0,7925000.0,2076350.0,15845.6,,82965.99999999997,False,7925000.000000001,25.0,1.0,2.7536241186061556e-89,hypothetical scenario
gaussian,0.264,0.05,316912.0,7925000.0,2092200.0,15845.6,,83599.99999999997,False,7925000.0,25.0,1.0,2.7536241186061556e-89,hypothetical scenario
gaussian,0.266,0.05,316912.0,7925000.0,2108050.0,15845.6,,84233.99999999997,False,7925000.0,25.0,1.0,2.7536241186061556e-89,hypothetical scenario
gaussian,0.268,0.05,316912.0,7925000.0,2123900.0,15845.6,,84867.99999999997,False,7925000.0,25.0,1.0,2.7536241186061556e-89,hypothetical scenario
gaussian,0.27,0.05,316912.0,7925000.0,2139750.0,15845.6,,85501.99999999997,False,7925000.0,25.0,1.0,2.7536241186061556e-89,hypothetical scenario
gaussian,0.272,0.05,316912.0,7925000.0,2155600.0,15845.6,,86135.99999999997,False,7925000.0,25.0,1.0,2.7536241186061556e-89,hypothetical scenario
gaussian,0.274,0.05,316912.0,7925000.0,2171450.0,15845.6,,86769.99999999997,False,7925000.0,25.0,1.0,2.7536241186061556e-89,hypothetical scenario
gaussian,0.276,0.05,316912.0,7925000.0,2187300.0,15845.6,,87403.99999999997,False,7925000.0,25.0,1.0,2.7536241186061556e-89,hypothetical scenario
gaussian,0.278,0.05,316912.0,7925000.0,2203150.0,15845.6,,88037.99999999997,False,7925000.0,25.0,1.0,2.7536241186061556e-89,hypothetical scenario
gaussian,0.28,0.05,316912.0,7925000.0,2219000.0,15845.6,,88671.99999999997,False,7925000.0,25.0,1.0,2.7536241186061556e-89,hypothetical scenario
gaussian,0.28200000000000003,0.05,316912.0,7925000.0,2234850.0,15845.6,,89305.99999999997,False,7925000.0,25.0,1.0,2.7536241186061556e-89,hypothetical scenario
gaussian,0.28400000000000003,0.05,316912.0,7925000.0,2250700.0000000005,15845.6,,89939.99999999997,False,7925000.0,25.0,1.0,2.7536241186061556e-89,hypothetical scenario
gaussian,0.28600000000000003,0.05,316912.0,7925000.0,2266550.0000000005,15845.6,,90573.99999999997,False,7925000.0,25.0,1.0,2.7536241186061556e-89,hypothetical scenario
gaussian,0.28800000000000003,0.05,316912.0,7925000.0,2282400.0000000005,15845.6,,91207.99999999997,False,7925000.0,25.0,1.0,2.7536241186061556e-89,hypothetical scenario
gaussian,0.29,0.05,316912.0,7925000.0,2298250.0,15845.6,,91841.99999999997,False,7925000.0,25.0,1.0,2.7536241186061556e-89,hypothetical scenario
gaussian,0.292,0.05,316912.0,7925000.0,2314100.0,15845.6,,92475.99999999997,False,7925000.0,25.0,1.0,2.7536241186061556e-89,hypothetical scenario
gaussian,0.294,0.05,316912.0,7925000.0,2329950.0,15845.6,,93109.99999999997,False,7925000.0,25.0,1.0,2.7536241186061556e-89,hypothetical scenario
gaussian,0.296,0.05,316912.0,7925000.0,2345800.0,15845.6,,93743.99999999997,False,7925000.0,25.0,1.0,2.7536241186061556e-89,hypothetical scenario
gaussian,0.298,0.05,316912.0,7925000.0,2361650.0,15845.6,,94377.99999999997,False,7925000.0,25.0,1.0,2.7536241186061556e-89,hypothetical scenario
gaussian,0.3,0.05,316912.0,7925000.0,2377500.0,15845.6,,95011.99999999997,False,7925000.0,25.0,1.0,2.7536241186061556e-89,hypothetical scenario
gaussian,0.302,0.05,316912.0,7925000.0,2393350.0,15845.6,,95645.99999999997,False,7925000.0,25.0,1.0,2.7536241186061556e-89,hypothetical scenario
gaussian,0.304,0.05,316912.0,7925000.0,2409200.0,15845.6,,96279.99999999997,False,7925000.0,25.0,1.0,2.7536241186061556e-89,hypothetical scenario
gaussian,0.306,0.05,316912.0,7925000.0,2425050.0,15845.6,,96913.99999999997,False,7925000.0,25.0,1.0,2.7536241186061556e-89,hypothetical scenario
gaussian,0.308,0.05,316912.0,7925000.0,2440900.0,15845.6,,97547.99999999997,False,7925000.0,25.0,1.0,2.7536241186061556e-89,hypothetical scenario
gaussian,0.31,0.05,316912.0,7925000.0,2456750.0,15845.6,,98181.99999999997,False,7925000.0,25.0,1.0,2.7536241186061556e-89,hypothetical scenario
gaussian,0.312,0.05,316912.0,7925000.0,2472600.0,15845.6,,98815.99999999997,False,7925000.0,25.0,1.0,2.7536241186061556e-89,hypothetical scenario
gaussian,0.314,0.05,316912.0,7925000.0,2488450.0,15845.6,,99449.99999999997,False,7925000.0,25.0,1.0,2.7536241186061556e-89,hypothetical scenario
gaussian,0.316,0.05,316912.0,7925000.0,2504300.0,15845.6,,100083.99999999997,False,7925000.0,25.0,1.0,2.7536241186061556e-89,hypothetical scenario
gaussian,0.318,0.05,316912.0,7925000.0,2520150.0,15845.6,,100717.99999999997,False,7925000.0,25.0,1.0,2.7536241186061556e-89,hypothetical scenario
gaussian,0.32,0.05,316912.0,7925000.0,2536000.0,15845.6,,101351.99999999997,False,7925000.0,25.0,1.0,2.7536241186061556e-89,hypothetical scenario
gaussian,0.322,0.05,316912.0,7925000.0,2551850.0,15845.6,,101985.99999999997,False,7925000.0,25.0,1.0,2.7536241186061556e-89,hypothetical scenario
gaussian,0.324,0.05,316912.0,7925000.0,2567700.0,15845.6,,102619.99999999997,False,7925000.0,25.0,1.0,2.7536241186061556e-89,hypothetical scenario
gaussian,0.326,0.05,316912.0,7925000.0,2583550.0,15845.6,,103253.99999999997,False,7925000.0,25.0,1.0,2.7536241186061556e-89,hypothetical scenario
gaussian,0.328,0.05,316912.0,7925000.0,2599400.0,15845.6,,103887.99999999997,False,7925000.0,25.0,1.0,2.7536241186061556e-89,hypothetical scenario
gaussian,0.33,0.05,316912.0,7925000.0,2615250.0,15845.6,,104521.99999999997,False,7925000.0,25.0,1.0,2.7536241186061556e-89,hypothetical scenario
gaussian,0.332,0.05,316912.0,7925000.0,2631100.0,15845.6,,105155.99999999997,False,7925000.0,25.0,1.0,2.7536241186061556e-89,hypothetical scenario
gaussian,0.334,0.05,316912.0,7925000.0,2646950.0,15845.6,,105790.0,False,7925000.0,25.0,1.0,2.7536241186061556e-89,hypothetical scenario
gaussian,0.336,0.05,316912.0,7925000.0,2662800.0,15845.6,,106424.0,False,7925000.0,25.0,1.0,2.7536241186061556e-89,hypothetical scenario
gaussian,0.338,0.05,316912.0,7925000.0,2678650.0,15845.6,,107058.0,False,7925000.0,25.0,1.0,2.7536241186061556e-89,hypothetical scenario
gaussian,0.34,0.05,316912.0,7925000.0,2694500.0,15845.6,,107692.0,False,7925000.0,25.0,1.0,2.7536241186061556e-89,hypothetical scenario
gaussian,0.342,0.05,316912.0,7925000.0,2710350.0,15845.6,,108326.0,False,7925000.0,25.0,1.0,2.7536241186061556e-89,hypothetical scenario
gaussian,0.34400000000000003,0.05,316912.0,7925000.0,2726200.0,15845.6,,108960.0,False,7925000.0,25.0,1.0,2.7536241186061556e-89,hypothetical scenario
gaussian,0.34600000000000003,0.05,316912.0,7925000.0,2742050.0000000005,15845.6,,109594.0,False,7925000.0,25.0,1.0,2.7536241186061556e-89,hypothetical scenario
gaussian,0.34800000000000003,0.05,316912.0,7925000.0,2757900.0000000005,15845.6,,110228.0,False,7925000.0,25.0,1.0,2.7536241186061556e-89,hypothetical scenario
gaussian,0.35000000000000003,0.05,316912.0,7925000.0,2773750.0000000005,15845.6,,110862.0,False,7925000.0,25.0,1.0,2.7536241186061556e-89,hypothetical scenario
gaussian,0.352,0.05,316912.0,7925000.0,2789600.0,15845.6,,111496.0,False,7925000.0,25.0,1.0,2.7536241186061556e-89,hypothetical scenario
gaussian,0.354,0.05,316912.0,7925000.0,2805450.0,15845.6,,112130.0,False,7925000.0,25.0,1.0,2.7536241186061556e-89,hypothetical scenario
gaussian,0.356,0.05,316912.0,7925000.0,2821300.0,15845.6,,112764.0,False,7925000.0,25.0,1.0,2.7536241186061556e-89,hypothetical scenario
gaussian,0.358,0.05,316912.0,7925000.0,2837150.0,15845.6,,113398.0,False,7925000.0,25.0,1.0,2.7536241186061556e-89,hypothetical scenario
gaussian,0.36,0.05,316912.0,7925000.0,2853000.0,15845.6,,114032.0,False,7925000.0,25.0,1.0,2.7536241186061556e-89,hypothetical scenario
gaussian,0.362,0.05,316912.0,7925000.0,2868850.0,15845.6,,114666.0,False,7925000.0,25.0,1.0,2.7536241186061556e-89,hypothetical scenario
gaussian,0.364,0.05,316912.0,7925000.0,2884700.0,15845.6,,115300.0,False,7925000.0,25.0,1.0,2.7536241186061556e-89,hypothetical scenario
gaussian,0.366,0.05,316912.0,7925000.0,2900550.0,15845.6,,115934.0,False,7925000.0,25.0,1.0,2.7536241186061556e-89,hypothetical scenario
gaussian,0.368,0.05,316912.0,7925000.0,2916400.0,15845.6,,116568.0,False,7925000.0,25.0,1.0,2.7536241186061556e-89,hypothetical scenario
gaussian,0.37,0.05,316912.0,7925000.0,2932250.0,15845.6,,117202.0,False,7925000.0,25.0,1.0,2.7536241186061556e-89,hypothetical scenario
gaussian,0.372,0.05,316912.0,7925000.0,2948100.0,15845.6,,117836.0,False,7925000.0,25.0,1.0,2.7536241186061556e-89,hypothetical scenario
gaussian,0.374,0.05,316912.0,7925000.0,2963950.0,15845.6,,118470.0,False,7925000.0,25.0,1.0,2.7536241186061556e-89,hypothetical scenario
gaussian,0.376,0.05,316912.0,7925000.0,2979800.0,15845.6,,119104.0,False,7925000.0,25.0,1.0,2.7536241186061556e-89,hypothetical scenario
gaussian,0.378,0.05,316912.0,7925000.0,2995650.0,15845.6,,119738.0,False,7925000.0,25.0,1.0,2.7536241186061556e-89,hypothetical scenario
gaussian,0.38,0.05,316912.0,7925000.0,3011500.0,15845.6,,120372.0,False,7925000.0,25.0,1.0,2.7536241186061556e-89,hypothetical scenario
gaussian,0.382,0.05,316912.0,7925000.0,3027350.0,15845.6,,121006.0,False,7925000.0,25.0,1.0,2.7536241186061556e-89,hypothetical scenario
gaussian,0.384,0.05,316912.0,7925000.0,3043200.0,15845.6,,121640.0,False,7925000.0,25.0,1.0,2.7536241186061556e-89,hypothetical scenario
gaussian,0.386,0.05,316912.0,7925000.0,3059050.0,15845.6,,122274.0,False,7925000.0,25.0,1.0,2.7536241186061556e-89,hypothetical scenario
gaussian,0.388,0.05,316912.0,7925000.0,3074900.0,15845.6,,122908.0,False,7925000.0,25.0,1.0,2.7536241186061556e-89,hypothetical scenario
gaussian,0.39,0.05,316912.0,7925000.0,3090750.0,15845.6,,123542.0,False,7925000.0,25.0,1.0,2.7536241186061556e-89,hypothetical scenario
gaussian,0.392,0.05,316912.0,7925000.0,3106600.0,15845.6,,124176.0,False,7925000.0,25.0,1.0,2.7536241186061556e-89,hypothetical scenario
gaussian,0.394,0.05,316912.0,7925000.0,3122450.0,15845.6,,124810.0,False,7925000.0,25.0,1.0,2.7536241186061556e-89,hypothetical scenario
gaussian,0.396,0.05,316912.0,7925000.0,3138300.0,15845.6,,125444.0,False,7925000.0,25.0,1.0,2.7536241186061556e-89,hypothetical scenario
gaussian,0.398,0.05,316912.0,7925000.0,3154150.0,15845.6,,126078.0,False,7925000.0,25.0,1.0,2.7536241186061556e-89,hypothetical scenario
gaussian,0.4,0.05,316912.0,7925000.0,3170000.0,15845.6,,126712.0,False,7925000.0,25.0,1.0,2.7536241186061556e-89,hypothetical scenario
gaussian,0.402,0.05,316912.0,7925000.0,3185850.0,15845.6,,127346.0,False,7925000.0,25.0,1.0,2.7536241186061556e-89,hypothetical scenario
gaussian,0.404,0.05,316912.0,7925000.0,3201700.0,15845.6,,127980.0,False,7925000.0,25.0,1.0,2.7536241186061556e-89,hypothetical scenario
gaussian,0.406,0.05,316912.0,7925000.0,3217550.0,15845.6,,128614.0,False,7925000.0,25.0,1.0,2.7536241186061556e-89,hypothetical scenario
gaussian,0.40800000000000003,0.05,316912.0,7925000.0,3233400.0,15845.6,,129248.0,False,7925000.0,25.0,1.0,2.7536241186061556e-89,hypothetical scenario
gaussian,0.41000000000000003,0.05,316912.0,7925000.0,3249250.0000000005,15845.6,,129882.0,False,7925000.0,25.0,1.0,2.7536241186061556e-89,hypothetical scenario
gaussian,0.41200000000000003,0.05,316912.0,7925000.0,3265100.0000000005,15845.6,,130516.0,False,7925000.0,25.0,1.0,2.7536241186061556e-89,hypothetical scenario
gaussian,0.41400000000000003,0.05,316912.0,7925000.0,3280950.0000000005,15845.6,,131150.0,False,7925000.0,25.0,1.0,2.7536241186061556e-89,hypothetical scenario
gaussian,0.41600000000000004,0.05,316912.0,7925000.0,3296800.0000000005,15845.6,,131784.0,False,7925000.0,25.0,1.0,2.7536241186061556e-89,hypothetical scenario
gaussian,0.418,0.05,316912.0,7925000.0,3312650.0,15845.6,,132418.0,False,7925000.0,25.0,1.0,2.7536241186061556e-89,hypothetical scenario
gaussian,0.42,0.05,316912.0,7925000.0,3328500.0,15845.6,,133052.0,False,7925000.0,25.0,1.0,2.7536241186061556e-89,hypothetical scenario
gaussian,0.422,0.05,316912.0,7925000.0,3344350.0,15845.6,,133686.0,False,7925000.0,25.0,1.0,2.7536241186061556e-89,hypothetical scenario
gaussian,0.424,0.05,316912.0,7925000.0,3360200.0,15845.6,,134320.0,False,7925000.0,25.0,1.0,2.7536241186061556e-89,hypothetical scenario
gaussian,0.426,0.05,316912.0,7925000.0,3376050.0,15845.6,,134954.0,False,7925000.0,25.0,1.0,2.7536241186061556e-89,hypothetical scenario
gaussian,0.428,0.05,316912.0,7925000.0,3391900.0,15845.6,,135588.0,False,7925000.0,25.0,1.0,2.7536241186061556e-89,hypothetical scenario
gaussian,0.43,0.05,316912.0,7925000.0,3407750.0,15845.6,,136222.0,False,7925000.0,25.0,1.0,2.7536241186061556e-89,hypothetical scenario
gaussian,0.432,0.05,316912.0,7925000.0,3423600.0,15845.6,,136856.0,False,7925000.0,25.0,1.0,2.7536241186061556e-89,hypothetical scenario
gaussian,0.434,0.05,316912.0,7925000.0,3439450.0,15845.6,,137490.0,False,7925000.0,25.0,1.0,2.7536241186061556e-89,hypothetical scenario
gaussian,0.436,0.05,316912.0,7925000.0,3455300.0,15845.6,,138124.0,False,7925000.0,25.0,1.0,2.7536241186061556e-89,hypothetical scenario
gaussian,0.438,0.05,316912.0,7925000.0,3471150.0,15845.6,,138758.0,False,7925000.0,25.0,1.0,2.7536241186061556e-89,hypothetical scenario
gaussian,0.44,0.05,316912.0,7925000.0,3487000.0,15845.6,,139392.0,False,7925000.0,25.0,1.0,2.7536241186061556e-89,hypothetical scenario
gaussian,0.442,0.05,316912.0,7925000.0,3502850.0,15845.6,,140026.0,False,7925000.0,25.0,1.0,2.7536241186061556e-89,hypothetical scenario
gaussian,0.444,0.05,316912.0,7925000.0,3518700.0,15845.6,,140660.0,False,7925000.0,25.0,1.0,2.7536241186061556e-89,hypothetical scenario
gaussian,0.446,0.05,316912.0,7925000.0,3534550.0,15845.6,,141294.0,False,7925000.0,25.0,1.0,2.7536241186061556e-89,hypothetical scenario
gaussian,0.448,0.05,316912.0,7925000.0,3550400.0,15845.6,,141928.0,False,7925000.0,25.0,1.0,2.7536241186061556e-89,hypothetical scenario
gaussian,0.45,0.05,316912.0,7925000.0,3566250.0,15845.6,,142562.0,False,7925000.0,25.0,1.0,2.7536241186061556e-89,hypothetical scenario
gaussian,0.452,0.05,316912.0,7925000.0,3582100.0,15845.6,,143196.0,False,7925000.0,25.0,1.0,2.7536241186061556e-89,hypothetical scenario
gaussian,0.454,0.05,316912.0,7925000.0,3597950.0,15845.6,,143830.0,False,7925000.0,25.0,1.0,2.7536241186061556e-89,hypothetical scenario
gaussian,0.456,0.05,316912.0,7925000.0,3613800.0,15845.6,,144464.0,False,7925000.0,25.0,1.0,2.7536241186061556e-89,hypothetical scenario
gaussian,0.458,0.05,316912.0,7925000.0,3629650.0,15845.6,,145098.0,False,7925000.0,25.0,1.0,2.7536241186061556e-89,hypothetical scenario
gaussian,0.46,0.05,316912.0,7925000.0,3645500.0,15845.6,,145732.0,False,7925000.0,25.0,1.0,2.7536241186061556e-89,hypothetical scenario
gaussian,0.462,0.05,316912.0,7925000.0,3661350.0,15845.6,,146366.0,False,7925000.0,25.0,1.0,2.7536241186061556e-89,hypothetical scenario
gaussian,0.464,0.05,316912.0,7925000.0,3677200.0,15845.6,,147000.00000000003,False,7924999.999999999,25.0,1.0,2.7536241186061556e-89,hypothetical scenario
gaussian,0.466,0.05,316912.0,7925000.0,3693050.0,15845.6,,147634.00000000003,False,7924999.999999999,25.0,1.0,2.7536241186061556e-89,hypothetical scenario
gaussian,0.468,0.05,316912.0,7925000.0,3708900.0,15845.6,,148268.00000000003,False,7924999.999999999,25.0,1.0,2.7536241186061556e-89,hypothetical scenario
gaussian,0.47000000000000003,0.05,316912.0,7925000.0,3724750.0,15845.6,,148902.00000000006,False,7924999.999999998,25.0,1.0,2.7536241186061556e-89,hypothetical scenario
gaussian,0.47200000000000003,0.05,316912.0,7925000.0,3740600.0000000005,15845.6,,149536.0000000001,False,7924999.999999998,25.0,1.0,2.7536241186061556e-89,hypothetical scenario
gaussian,0.47400000000000003,0.05,316912.0,7925000.0,3756450.0000000005,15845.6,,150170.00000000012,False,7924999.999999998,25.0,1.0,2.7536241186061556e-89,hypothetical scenario
gaussian,0.47600000000000003,0.05,316912.0,7925000.0,3772300.0000000005,15845.6,,150804.00000000017,False,7924999.999999996,25.0,1.0,2.7536241186061556e-89,hypothetical scenario
gaussian,0.47800000000000004,0.05,316912.0,7925000.0,3788150.0000000005,15845.6,,151438.00000000026,False,7924999.999999994,25.0,1.0,2.7536241186061556e-89,hypothetical scenario
gaussian,0.48,0.05,316912.0,7925000.0,3804000.0,15845.6,,152072.0000000004,False,7924999.999999991,25.0,1.0,2.7536241186061556e-89,hypothetical scenario
gaussian,0.482,0.05,316912.0,7925000.0,3819850.0,15845.6,,152705.99999999968,False,7925000.000000007,25.0,1.0,2.7536241186061556e-89,hypothetical scenario
gaussian,0.484,0.05,316912.0,7925000.0,3835700.0,15845.6,,153339.99999999994,False,7925000.000000002,25.0,1.0,2.7536241186061556e-89,hypothetical scenario
gaussian,0.486,0.05,316912.0,7925000.0,3851550.0,15845.6,,153974.0,False,7925000.0,25.0,1.0,2.7536241186061556e-89,hypothetical scenario
gaussian,0.488,0.05,316912.0,7925000.0,3867400.0,15845.6,,154608.0,False,7925000.0,25.0,1.0,2.7536241186061556e-89,hypothetical scenario
gaussian,0.49,0.05,316912.0,7925000.0,3883250.0,15845.6,,155242.0,False,7925000.0,25.0,1.0,2.7536241186061556e-89,hypothetical scenario
gaussian,0.492,0.05,316912.0,7925000.0,3899100.0,15845.6,,155876.0,False,7925000.0,25.0,1.0,2.7536241186061556e-89,hypothetical scenario
gaussian,0.494,0.05,316912.0,7925000.0,3914950.0,15845.6,,156510.0,False,7925000.0,25.0,1.0,2.7536241186061556e-89,hypothetical scenario
gaussian,0.496,0.05,316912.0,7925000.0,3930800.0,15845.6,,157144.0,False,7925000.0,25.0,1.0,2.7536241186061556e-89,hypothetical scenario
gaussian,0.498,0.05,316912.0,7925000.0,3946650.0,15845.6,,157778.0,False,7925000.0,25.0,1.0,2.7536241186061556e-89,hypothetical scenario
gaussian,0.5,0.05,316912.0,7925000.0,3962500.0,15845.6,,158412.0,False,7925000.0,25.0,1.0,2.7536241186061556e-89,hypothetical scenario
gaussian,0.502,0.05,316912.0,7925000.0,3978350.0,15845.6,,159046.0,False,7925000.0,25.0,1.0,2.7536241186061556e-89,hypothetical scenario
gaussian,0.504,0.05,316912.0,7925000.0,3994200.0,15845.6,,159680.0,False,7925000.0,25.0,1.0,2.7536241186061556e-89,hypothetical scenario
gaussian,0.506,0.05,316912.0,7925000.0,4010050.0,15845.6,,160314.0,False,7925000.0,25.0,1.0,2.7536241186061556e-89,hypothetical scenario
gaussian,0.508,0.05,316912.0,7925000.0,4025900.0,15845.6,,160948.0,False,7925000.0,25.0,1.0,2.7536241186061556e-89,hypothetical scenario
gaussian,0.51,0.05,316912.0,7925000.0,4041750.0,15845.6,,161582.0,False,7925000.0,25.0,1.0,2.7536241186061556e-89,hypothetical scenario
gaussian,0.512,0.05,316912.0,7925000.0,4057600.0,15845.6,,162216.0,False,7925000.0,25.0,1.0,2.7536241186061556e-89,hypothetical scenario
gaussian,0.514,0.05,316912.0,7925000.0,4073450.0,15845.6,,162850.0,False,7925000.0,25.0,1.0,2.7536241186061556e-89,hypothetical scenario
gaussian,0.516,0.05,316912.0,7925000.0,4089300.0,15845.6,,163484.0,False,7925000.0,25.0,1.0,2.7536241186061556e-89,hypothetical scenario
gaussian,0.518,0.05,316912.0,7925000.0,4105150.0,15845.6,,164118.0,False,7925000.0,25.0,1.0,2.7536241186061556e-89,hypothetical scenario
gaussian,0.52,0.05,316912.0,7925000.0,4121000.0,15845.6,,164752.0,False,7925000.0,25.0,1.0,2.7536241186061556e-89,hypothetical scenario
gaussian,0.522,0.05,316912.0,7925000.0,4136850.0,15845.6,,165386.0,False,7925000.0,25.0,1.0,2.7536241186061556e-89,hypothetical scenario
gaussian,0.524,0.05,316912.0,7925000.0,4152700.0,15845.6,,166020.0,False,7925000.0,25.0,1.0,2.7536241186061556e-89,hypothetical scenario
gaussian,0.526,0.05,316912.0,7925000.0,4168550.0,15845.6,,166654.0,False,7925000.0,25.0,1.0,2.7536241186061556e-89,hypothetical scenario
gaussian,0.528,0.05,316912.0,7925000.0,4184400.0,15845.6,,167288.0,False,7925000.0,25.0,1.0,2.7536241186061556e-89,hypothetical scenario
gaussian,0.53,0.05,316912.0,7925000.0,4200250.0,15845.6,,167922.0,False,7925000.0,25.0,1.0,2.7536241186061556e-89,hypothetical scenario
gaussian,0.532,0.05,316912.0,7925000.0,4216100.0,15845.6,,168556.0,False,7925000.0,25.0,1.0,2.7536241186061556e-89,hypothetical scenario
gaussian,0.534,0.05,316912.0,7925000.0,4231950.0,15845.6,,169190.0,False,7925000.0,25.0,1.0,2.7536241186061556e-89,hypothetical scenario
gaussian,0.536,0.05,316912.0,7925000.0,4247800.0,15845.6,,169824.0,False,7925000.0,25.0,1.0,2.7536241186061556e-89,hypothetical scenario
gaussian,0.538,0.05,316912.0,7925000.0,4263650.0,15845.6,,170458.0,False,7925000.0,25.0,1.0,2.7536241186061556e-89,hypothetical scenario
gaussian,0.54,0.05,316912.0,7925000.0,4279500.0,15845.6,,171092.0,False,7925000.0,25.0,1.0,2.7536241186061556e-89,hypothetical scenario
gaussian,0.542,0.05,316912.0,7925000.0,4295350.0,15845.6,,171726.0,False,7925000.0,25.0,1.0,2.7536241186061556e-89,hypothetical scenario
gaussian,0.544,0.05,316912.0,7925000.0,4311200.0,15845.6,,172360.0,False,7925000.0,25.0,1.0,2.7536241186061556e-89,hypothetical scenario
gaussian,0.546,0.05,316912.0,7925000.0,4327050.0,15845.6,,172994.0,False,7925000.0,25.0,1.0,2.7536241186061556e-89,hypothetical scenario
gaussian,0.548,0.05,316912.0,7925000.0,4342900.0,15845.6,,173628.0,False,7925000.0,25.0,1.0,2.7536241186061556e-89,hypothetical scenario
gaussian,0.55,0.05,316912.0,7925000.0,4358750.0,15845.6,,174262.0,False,7925000.0,25.0,1.0,2.7536241186061556e-89,hypothetical scenario
gaussian,0.552,0.05,316912.0,7925000.0,4374600.0,15845.6,,174896.0,False,7925000.0,25.0,1.0,2.7536241186061556e-89,hypothetical scenario
gaussian,0.554,0.05,316912.0,7925000.0,4390450.0,15845.6,,175530.0,False,7925000.0,25.0,1.0,2.7536241186061556e-89,hypothetical scenario
gaussian,0.556,0.05,316912.0,7925000.0,4406300.0,15845.6,,176164.0,False,7925000.0,25.0,1.0,2.7536241186061556e-89,hypothetical scenario
gaussian,0.558,0.05,316912.0,7925000.0,4422150.0,15845.6,,176798.0,False,7925000.0,25.0,1.0,2.7536241186061556e-89,hypothetical scenario
gaussian,0.56,0.05,316912.0,7925000.0,4438000.0,15845.6,,177432.0,False,7925000.0,25.0,1.0,2.7536241186061556e-89,hypothetical scenario
gaussian,0.562,0.05,316912.0,7925000.0,4453850.0,15845.6,,178066.0,False,7925000.0,25.0,1.0,2.7536241186061556e-89,hypothetical scenario
gaussian,0.5640000000000001,0.05,316912.0,7925000.0,4469700.0,15845.6,,178700.0,False,7925000.0,25.0,1.0,2.7536241186061556e-89,hypothetical scenario
gaussian,0.5660000000000001,0.05,316912.0,7925000.0,4485550.0,15845.6,,179334.0,False,7925000.0,25.0,1.0,2.7536241186061556e-89,hypothetical scenario
gaussian,0.5680000000000001,0.05,316912.0,7925000.0,4501400.000000001,15845.6,,179968.00000000003,False,7925000.0,25.0,1.0,2.7536241186061556e-89,hypothetical scenario
gaussian,0.5700000000000001,0.05,316912.0,7925000.0,4517250.000000001,15845.6,,180602.00000000003,False,7925000.0,25.0,1.0,2.7536241186061556e-89,hypothetical scenario
gaussian,0.5720000000000001,0.05,316912.0,7925000.0,4533100.000000001,15845.6,,181236.00000000003,False,7925000.0,25.0,1.0,2.7536241186061556e-89,hypothetical scenario
gaussian,0.5740000000000001,0.05,316912.0,7925000.0,4548950.000000001,15845.6,,181870.00000000003,False,7925000.0,25.0,1.0,2.7536241186061556e-89,hypothetical scenario
gaussian,0.5760000000000001,0.05,316912.0,7925000.0,4564800.000000001,15845.6,,182504.00000000003,False,7925000.0,25.0,1.0,2.7536241186061556e-89,hypothetical scenario
gaussian,0.578,0.05,316912.0,7925000.0,4580650.0,15845.6,,183138.0,False,7925000.0,25.0,1.0,2.7536241186061556e-89,hypothetical scenario
gaussian,0.58,0.05,316912.0,7925000.0,4596500.0,15845.6,,183772.0,False,7925000.0,25.0,1.0,2.7536241186061556e-89,hypothetical scenario
gaussian,0.582,0.05,316912.0,7925000.0,4612350.0,15845.6,,184406.0,False,7925000.0,25.0,1.0,2.7536241186061556e-89,hypothetical scenario
gaussian,0.584,0.05,316912.0,7925000.0,4628200.0,15845.6,,185040.0,False,7925000.0,25.0,1.0,2.7536241186061556e-89,hypothetical scenario
gaussian,0.586,0.05,316912.0,7925000.0,4644050.0,15845.6,,185673.99999999997,False,7925000.0,24.999999999999996,0.9999999999999999,2.7536241186061556e-89,hypothetical scenario
gaussian,0.588,0.05,316912.0,7925000.0,4659900.0,15845.6,,186307.99999999997,False,7925000.0,24.999999999999996,0.9999999999999999,2.7536241186061556e-89,hypothetical scenario
gaussian,0.59,0.05,316912.0,7925000.0,4675750.0,15845.6,,186942.0,False,7925000.0,24.999999999999996,0.9999999999999999,2.7536241186061556e-89,hypothetical scenario
gaussian,0.592,0.05,316912.0,7925000.0,4691600.0,15845.6,,187576.0,False,7925000.0,24.999999999999996,0.9999999999999999,2.7536241186061556e-89,hypothetical scenario
gaussian,0.594,0.05,316912.0,7925000.0,4707450.0,15845.6,,188210.0,False,7925000.0,24.999999999999993,0.9999999999999997,2.7536241186061556e-89,hypothetical scenario
gaussian,0.596,0.05,316912.0,7925000.0,4723300.0,15845.6,,188843.99999999997,False,7925000.0,24.999999999999993,0.9999999999999997,2.7536241186061556e-89,hypothetical scenario
gaussian,0.598,0.05,316912.0,7925000.0,4739150.0,15845.6,,189478.0,False,7925000.0,24.99999999999999,0.9999999999999996,2.7536241186061556e-89,hypothetical scenario
gaussian,0.6,0.05,316912.0,7925000.0,4755000.0,15845.6,,190112.0,False,7925000.0,24.999999999999982,0.9999999999999993,2.7536241186061556e-89,hypothetical scenario
gaussian,0.602,0.05,316912.0,7925000.0,4770850.0,15845.6,,190746.0,False,7925000.0,24.99999999999998,0.9999999999999991,2.7536241186061556e-89,hypothetical scenario
gaussian,0.604,0.05,316912.0,7925000.0,4786700.0,15845.6,,191380.0,False,7925000.0,24.999999999999968,0.9999999999999987,2.7536241186061556e-89,hypothetical scenario
gaussian,0.606,0.05,316912.0,7925000.0,4802550.0,15845.6,,192014.0,False,7925000.0,24.99999999999996,0.9999999999999984,2.7536241186061556e-89,hypothetical scenario
gaussian,0.608,0.05,316912.0,7925000.0,4818400.0,15845.6,,192648.0,False,7925000.0,24.999999999999943,0.9999999999999978,2.7536241186061556e-89,hypothetical scenario
gaussian,0.61,0.05,316912.0,7925000.0,4834250.0,15845.6,,193282.0,False,7925000.0,24.999999999999925,0.999999999999997,2.7536241186061556e-89,hypothetical scenario
gaussian,0.612,0.05,316912.0,7925000.0,4850100.0,15845.6,,193916.0,False,7925000.0,24.999999999999893,0.9999999999999958,2.7536241186061556e-89,hypothetical scenario
gaussian,0.614,0.05,316912.0,7925000.0,4865950.0,15845.6,,194550.0,False,7925000.0,24.999999999999854,0.9999999999999942,2.7536241186061556e-89,hypothetical scenario
gaussian,0.616,0.05,316912.0,7925000.0,4881800.0,15845.6,,195184.0,False,7925000.000000001,24.999999999999805,0.9999999999999922,2.7536241186061556e-89,hypothetical scenario
gaussian,0.618,0.05,316912.0,7925000.0,4897650.0,15845.6,,195818.0,False,7925000.0,24.999999999999734,0.9999999999999893,2.7536241186061556e-89,hypothetical scenario
gaussian,0.62,0.05,316912.0,7925000.0,4913500.0,15845.6,,196452.00000000003,False,7925000.0,24.999999999999638,0.9999999999999855,2.7536241186061556e-89,hypothetical scenario
gaussian,0.622,0.05,316912.0,7925000.0,4929350.0,15845.6,,197086.00000000003,False,7925000.0,24.999999999999503,0.9999999999999801,2.7536241186061556e-89,hypothetical scenario
gaussian,0.624,0.05,316912.0,7925000.0,4945200.0,15845.6,,197720.00000000006,False,7925000.0,24.999999999999325,0.999999999999973,2.7536241186061556e-89,hypothetical scenario
gaussian,0.626,0.05,316912.0,7925000.0,4961050.0,15845.6,,198354.00000000006,False,7925000.0,24.999999999999087,0.9999999999999635,2.7536241186061556e-89,hypothetical scenario
gaussian,0.628,0.05,316912.0,7925000.0,4976900.0,15845.6,,198988.0000000001,False,7925000.0,24.999999999998764,0.9999999999999506,2.7536241186061556e-89,hypothetical scenario
gaussian,0.63,0.05,316912.0,7925000.0,4992750.0,15845.6,,199622.00000000012,False,7925000.0,24.999999999998323,0.9999999999999329,2.7536241186061556e-89,hypothetical scenario
gaussian,0.632,0.05,316912.0,7925000.0,5008600.0,15845.6,,200256.00000000017,False,7925000.0,24.999999999997733,0.9999999999999093,2.7536241186061556e-89,hypothetical scenario
gaussian,0.634,0.05,316912.0,7925000.0,5024450.0,15845.6,,200890.00000000023,False,7925000.0,24.999999999996948,0.9999999999998779,2.7536241186061556e-89,hypothetical scenario
gaussian,0.636,0.05,316912.0,7925000.0,5040300.0,15845.6,,201524.00000000035,False,7925000.0,24.99999999999589,0.9999999999998356,2.7536241186061556e-89,hypothetical scenario
gaussian,0.638,0.05,316912.0,7925000.0,5056150.0,15845.6,,202158.00000000047,False,7925000.0,24.999999999994476,0.9999999999997791,2.7536241186061556e-89,hypothetical scenario
gaussian,0.64,0.05,316912.0,7925000.0,5072000.0,15845.6,,202792.00000000064,False,7925000.0,24.999999999992582,0.9999999999997032,2.7536241186061556e-89,hypothetical scenario
gaussian,0.642,0.05,316912.0,7925000.0,5087850.0,15845.6,,203426.00000000081,False,7925000.000000001,24.99999999999006,0.9999999999996024,2.7536241186061556e-89,hypothetical scenario
gaussian,0.644,0.05,316912.0,7925000.0,5103700.0,15845.6,,204060.00000000116,False,7925000.0,24.999999999986702,0.9999999999994681,2.7536241186061556e-89,hypothetical scenario
gaussian,0.646,0.05,316912.0,7925000.0,5119550.0,15845.6,,204694.00000000154,False,7925000.0,24.999999999982233,0.9999999999992893,2.7536241186061556e-89,hypothetical scenario
gaussian,0.648,0.05,316912.0,7925000.0,5135400.0,15845.6,,205328.00000000207,False,7925000.0,24.999999999976303,0.9999999999990521,2.7536241186061556e-89,hypothetical scenario
gaussian,0.65,0.05,316912.0,7925000.0,5151250.0,15845.6,,205962.00000000276,False,7925000.0,24.999999999968445,0.9999999999987378,2.7536241186061556e-89,hypothetical scenario
gaussian,0.652,0.05,316912.0,7925000.0,5167100.0,15845.6,,206596.00000000367,False,7925000.0,24.999999999958046,0.9999999999983218,2.7536241186061556e-89,hypothetical scenario
gaussian,0.654,0.05,316912.0,7925000.0,5182950.0,15845.6,,207230.00000000495,False,7924999.999999999,24.999999999944304,0.9999999999977721,2.7536241186061556e-89,hypothetical scenario
gaussian,0.656,0.05,316912.0,7925000.0,5198800.0,15845.6,,207864.00000000658,False,7924999.999999999,24.99999999992618,0.9999999999970473,2.7536241186061556e-89,hypothetical scenario
gaussian,0.658,0.05,316912.0,7925000.0,5214650.0,15845.6,,208498.00000000876,False,7924999.999999998,24.99999999990231,0.9999999999960925,2.7536241186061556e-89,hypothetical scenario
gaussian,0.66,0.05,316912.0,7925000.0,5230500.0,15845.6,,209132.00000001167,False,7924999.999999996,24.99999999987093,0.9999999999948372,2.7536241186061556e-89,hypothetical scenario
gaussian,0.662,0.05,316912.0,7925000.0,5246350.0,15845.6,,209766.0000000155,False,7924999.999999995,24.99999999982973,0.9999999999931891,2.7536241186061556e-89,hypothetical scenario
gaussian,0.664,0.05,316912.0,7925000.0,5262200.0,15845.6,,210400.00000002055,False,7924999.9999999935,24.999999999775735,0.9999999999910294,2.7536241186061556e-89,hypothetical scenario
gaussian,0.666,0.05,316912.0,7925000.0,5278050.0,15845.6,,211034.00000002646,False,7925000.00000001,24.999999999705082,0.9999999999882033,2.7536241186061556e-89,hypothetical scenario
gaussian,0.668,0.05,316912.0,7925000.0,5293900.0,15845.6,,211668.0000000353,False,7925000.000000004,24.999999999612772,0.9999999999845108,2.7536241186061556e-89,hypothetical scenario
gaussian,0.67,0.05,316912.0,7925000.0,5309750.0,15845.6,,212302.00000004674,False,7925000.0,24.999999999492367,0.9999999999796947,2.7536241186061556e-89,hypothetical scenario
gaussian,0.672,0.05,316912.0,7925000.0,5325600.0,15845.6,,212936.00000006153,False,7925000.0,24.99999999933557,0.9999999999734228,2.7536241186061556e-89,hypothetical scenario
gaussian,0.674,0.05,316912.0,7925000.0,5341450.0,15845.6,,213570.00000008082,False,7925000.0,24.999999999131703,0.9999999999652681,2.7536241186061556e-89,hypothetical scenario
gaussian,0.676,0.05,316912.0,7925000.0,5357300.0,15845.6,,214204.00000010605,False,7925000.0,24.99999999886706,0.9999999999546825,2.7536241186061556e-89,hypothetical scenario
gaussian,0.678,0.05,316912.0,7925000.0,5373150.0,15845.6,,214838.00000013894,False,7925000.0,24.999999998524075,0.999999999940963,2.7536241186061556e-89,hypothetical scenario
gaussian,0.68,0.05,316912.0,7925000.0,5389000.0,15845.6,,215472.00000018178,False,7925000.0,24.999999998080266,0.9999999999232106,2.7536241186061556e-89,hypothetical scenario
gaussian,0.682,0.05,316912.0,7925000.0,5404850.0,15845.6,,216106.0000002374,False,7925000.0,24.99999999750691,0.9999999999002764,2.7536241186061556e-89,hypothetical scenario
gaussian,0.684,0.05,316912.0,7925000.0,5420700.0,15845.6,,216740.0000003096,False,7925000.0,24.999999996767382,0.9999999998706953,2.7536241186061556e-89,hypothetical scenario
gaussian,0.686,0.05,316912.0,7925000.0,5436550.0,15845.6,,217374.00000040315,False,7925000.0,24.99999999581505,0.9999999998326019,2.7536241186061556e-89,hypothetical scenario
gaussian,0.6880000000000001,0.05,316912.0,7925000.0,5452400.0,15845.6,,218008.00000052416,False,7925000.0,24.999999994590624,0.999999999783625,2.7536241186061556e-89,hypothetical scenario
gaussian,0.6900000000000001,0.05,316912.0,7925000.0,5468250.0,15845.6,,218642.00000068045,False,7925000.0,24.9999999930189,0.999999999720756,2.7536241186061556e-89,hypothetical scenario
gaussian,0.6920000000000001,0.05,316912.0,7925000.0,5484100.000000001,15845.6,,219276.00000088202,False,7925000.0,24.999999991004586,0.9999999996401834,2.7536241186061556e-89,hypothetical scenario
gaussian,0.6940000000000001,0.05,316912.0,7925000.0,5499950.000000001,15845.6,,219910.00000114148,False,7925000.0,24.99999998842718,0.9999999995370872,2.7536241186061556e-89,hypothetical scenario
gaussian,0.6960000000000001,0.05,316912.0,7925000.0,5515800.000000001,15845.6,,220544.000001475,False,7925000.0,24.99999998513455,0.999999999405382,2.7536241186061556e-89,hypothetical scenario
gaussian,0.6980000000000001,0.05,316912.0,7925000.0,5531650.000000001,15845.6,,221178.0000019031,False,7925000.0,24.999999980934952,0.999999999237398,2.7536241186061556e-89,hypothetical scenario
gaussian,0.7000000000000001,0.05,316912.0,7925000.0,5547500.000000001,15845.6,,221812.0000024517,False,7925000.0,24.99999997558712,0.9999999990234848,2.7536241186061556e-89,hypothetical scenario
gaussian,0.7020000000000001,0.05,316912.0,7925000.0,5563350.000000001,15845.6,,222446.00000315357,False,7925000.0,24.999999968788007,0.9999999987515202,2.7536241186061556e-89,hypothetical scenario
gaussian,0.704,0.05,316912.0,7925000.0,5579200.0,15845.6,,223080.00000405018,False,7925000.0,24.999999960157588,0.9999999984063035,2.7536241186061556e-89,hypothetical scenario
gaussian,0.706,0.05,316912.0,7925000.0,5595050.0,15845.6,,223714.0000051938,False,7925000.0,24.999999949220136,0.9999999979688055,2.7536241186061556e-89,hypothetical scenario
gaussian,0.708,0.05,316912.0,7925000.0,5610900.0,15845.6,,224348.00000665023,False,7925000.0,24.999999935381116,0.9999999974152446,2.7536241186061556e-89,hypothetical scenario
gaussian,0.71,0.05,316912.0,7925000.0,5626750.0,15845.6,,224982.00000850204,False,7925000.0,24.999999917898784,0.9999999967159513,2.7536241186061556e-89,hypothetical scenario
gaussian,0.712,0.05,316912.0,7925000.0,5642600.0,15845.6,,225616.00001085293,False,7925000.0,24.99999989584931,0.9999999958339724,2.7536241186061556e-89,hypothetical scenario
gaussian,0.714,0.05,316912.0,7925000.0,5658450.0,15845.6,,226250.00001383282,False,7925000.0,24.99999986808404,0.9999999947233615,2.7536241186061556e-89,hypothetical scenario
gaussian,0.716,0.05,316912.0,7925000.0,5674300.0,15845.6,,226884.000017604,False,7925000.0,24.99999983317721,0.9999999933270884,2.7536241186061556e-89,hypothetical scenario
gaussian,0.718,0.05,316912.0,7925000.0,5690150.0,15845.6,,227518.00002236923,False,7925000.0,24.99999978936211,0.9999999915744844,2.7536241186061556e-89,hypothetical scenario
gaussian,0.72,0.05,316912.0,7925000.0,5706000.0,15845.6,,228152.00002838118,False,7925000.0,24.999999734453308,0.9999999893781323,2.7536241186061556e-89,hypothetical scenario
gaussian,0.722,0.05,316912.0,7925000.0,5721850.0,15845.6,,228786.00003595417,False,7925000.0,24.999999665752,0.99999998663008,2.7536241186061556e-89,hypothetical scenario
gaussian,0.724,0.05,316912.0,7925000.0,5737700.0,15845.6,,229420.00004547875,False,7925000.0,24.999999579931142,0.9999999831972457,2.7536241186061556e-89,hypothetical scenario
gaussian,0.726,0.05,316912.0,7925000.0,5753550.0,15845.6,,230054.00005743915,False,7925000.0,24.999999472896206,0.9999999789158482,2.7536241186061556e-89,hypothetical scenario
gaussian,0.728,0.05,316912.0,7925000.0,5769400.0,15845.6,,230688.000072435,False,7924999.999999999,24.99999933961679,0.9999999735846715,2.7536241186061556e-89,hypothetical scenario
gaussian,0.73,0.05,316912.0,7925000.0,5785250.0,15845.6,,231322.0000912074,False,7925000.0,24.99999917392329,0.9999999669569316,2.7536241186061556e-89,hypothetical scenario
gaussian,0.732,0.05,316912.0,7925000.0,5801100.0,15845.6,,231956.000114671,False,7924999.999999999,24.999998968261945,0.9999999587304778,2.7536241186061556e-89,hypothetical scenario
gaussian,0.734,0.05,316912.0,7925000.0,5816950.0,15845.6,,232590.0001439525,False,7925000.0,24.999998713400167,0.9999999485360067,2.7536241186061556e-89,hypothetical scenario
gaussian,0.736,0.05,316912.0,7925000.0,5832800.0,15845.6,,233224.00018043775,False,7925000.0,24.99999839807285,0.999999935922914,2.7536241186061556e-89,hypothetical scenario
gaussian,0.738,0.05,316912.0,7925000.0,5848650.0,15845.6,,233858.00022582852,False,7925000.0,24.999998008558634,0.9999999203423454,2.7536241186061556e-89,hypothetical scenario
gaussian,0.74,0.05,316912.0,7925000.0,5864500.0,15845.6,,234492.00028221085,False,7925000.0,24.999997528173157,0.9999999011269263,2.7536241186061556e-89,hypothetical scenario
gaussian,0.742,0.05,316912.0,7925000.0,5880350.0,15845.6,,235126.00035213775,False,7925000.000000001,24.99999693666428,0.9999998774665713,2.7536241186061556e-89,hypothetical scenario
gaussian,0.744,0.05,316912.0,7925000.0,5896200.0,15845.6,,235760.0004387286,False,7925000.000000001,24.999996209491687,0.9999998483796675,2.7536241186061556e-89,hypothetical scenario
gaussian,0.746,0.05,316912.0,7925000.0,5912050.0,15845.6,,236394.00054578832,False,7925000.000000002,24.99999531697041,0.9999998126788163,2.7536241186061556e-89,hypothetical scenario
gaussian,0.748,0.05,316912.0,7925000.0,5927900.0,15845.6,,237028.0006779505,False,7925000.000000003,24.999994223254586,0.9999997689301834,2.7536241186061556e-89,hypothetical scenario
gaussian,0.75,0.05,316912.0,7925000.0,5943750.0,15845.6,,237662.0008408483,False,7925000.000000006,24.999992885133988,0.9999997154053595,2.7536241186061556e-89,hypothetical scenario
gaussian,0.752,0.05,316912.0,7925000.0,5959600.0,15845.6,,238296.0010413198,False,7924999.999999989,24.999991250611643,0.9999996500244657,2.7536241186061556e-89,hypothetical scenario
gaussian,0.754,0.05,316912.0,7925000.0,5975450.0,15845.6,,238930.00128764787,False,7924999.999999998,24.99998925722606,0.9999995702890423,2.7536241186061556e-89,hypothetical scenario
gaussian,0.756,0.05,316912.0,7925000.0,5991300.0,15845.6,,239564.00158985573,False,7925000.0,24.999986830076082,0.9999994732030433,2.7536241186061556e-89,hypothetical scenario
gaussian,0.758,0.05,316912.0,7925000.0,6007150.0,15845.6,,240198.00196004647,False,7925000.0,24.99998387950036,0.9999993551800144,2.7536241186061556e-89,hypothetical scenario
gaussian,0.76,0.05,316912.0,7925000.0,6023000.0,15845.6,,240832.0024128126,False,7925000.0,24.999980298356476,0.999999211934259,2.7536241186061556e-89,hypothetical scenario
gaussian,0.762,0.05,316912.0,7925000.0,6038850.0,15845.6,,241466.0029657186,False,7925000.0,24.999975958837062,0.9999990383534825,2.7536241186061556e-89,hypothetical scenario
gaussian,0.764,0.05,316912.0,7925000.0,6054700.0,15845.6,,242100.00363987085,False,7925000.0,24.999970708751718,0.9999988283500687,2.7536241186061556e-89,hypothetical scenario
gaussian,0.766,0.05,316912.0,7925000.0,6070550.0,15845.6,,242734.00446058958,False,7925000.0,24.999964367193844,0.9999985746877538,2.7536241186061556e-89,hypothetical scenario
gaussian,0.768,0.05,316912.0,7925000.0,6086400.0,15845.6,,243368.00545819948,False,7925000.0,24.99995671950109,0.9999982687800436,2.7536241186061556e-89,hypothetical scenario
gaussian,0.77,0.05,316912.0,7925000.0,6102250.0,15845.6,,244002.00666895794,False,7925000.0,24.999947511406173,0.9999979004562469,2.7536241186061556e-89,hypothetical scenario
gaussian,0.772,0.05,316912.0,7925000.0,6118100.0,15845.6,,244636.0081361435,False,7925000.000000001,24.999936442262246,0.9999974576904899,2.7536241186061556e-89,hypothetical scenario
gaussian,0.774,0.05,316912.0,7925000.0,6133950.0,15845.6,,245270.00991132882,False,7925000.0,24.999923157212507,0.9999969262885002,2.7536241186061556e-89,hypothetical scenario
gaussian,0.776,0.05,316912.0,7925000.0,6149800.0,15845.6,,245904.01205586735,False,7925000.000000001,24.999907238158688,0.9999962895263476,2.7536241186061556e-89,hypothetical scenario
gaussian,0.778,0.05,316912.0,7925000.0,6165650.0,15845.6,,246538.01464262613,False,7925000.0,24.999888193366075,0.9999955277346431,2.7536241186061556e-89,hypothetical scenario
gaussian,0.78,0.05,316912.0,7925000.0,6181500.0,15845.6,,247172.017758001,False,7925000.0,24.999865445524595,0.9999946178209838,2.7536241186061556e-89,hypothetical scenario
gaussian,0.782,0.05,316912.0,7925000.0,6197350.0,15845.6,,247806.02150425676,False,7924999.999999999,24.999838318066107,0.9999935327226442,2.7536241186061556e-89,hypothetical scenario
gaussian,0.784,0.05,316912.0,7925000.0,6213200.0,15845.6,,248440.0260022385,False,7925000.0,24.999806019516903,0.9999922407806762,2.7536241186061556e-89,hypothetical scenario
gaussian,0.786,0.05,316912.0,7925000.0,6229050.0,15845.6,,249074.0313945076,False,7925000.0,24.99976762564215,0.999990705025686,2.7536241186061556e-89,hypothetical scenario
gaussian,0.788,0.05,316912.0,7925000.0,6244900.0,15845.6,,249708.03784896107,False,7925000.0,24.999722059115363,0.9999888823646146,2.7536241186061556e-89,hypothetical scenario
gaussian,0.79,0.05,316912.0,7925000.0,6260750.0,15845.6,,250342.04556300153,False,7925000.0,24.999668066420824,0.999986722656833,2.7536241186061556e-89,hypothetical scenario
gaussian,0.792,0.05,316912.0,7925000.0,6276600.0,15845.6,,250976.05476833138,False,7925000.0,24.99960419167082,0.9999841676668327,2.7536241186061556e-89,hypothetical scenario
gaussian,0.794,0.05,316912.0,7925000.0,6292450.0,15845.6,,251610.06573645404,False,7925000.0,24.99952874699219,0.9999811498796877,2.7536241186061556e-89,hypothetical scenario
gaussian,0.796,0.05,316912.0,7925000.0,6308300.0,15845.6,,252244.0787849743,False,7925000.000000001,24.999439779108563,0.9999775911643425,2.7536241186061556e-89,hypothetical scenario
gaussian,0.798,0.05,316912.0,7925000.0,6324150.0,15845.6,,252878.09428479907,False,7925000.0,24.99933503171572,0.9999734012686288,2.7536241186061556e-89,hypothetical scenario
gaussian,0.8,0.05,316912.0,7925000.0,6340000.0,15845.6,,253512.112668351,False,7925000.0,24.99921190321832,0.9999684761287329,2.7536241186061556e-89,hypothetical scenario
gaussian,0.802,0.05,316912.0,7925000.0,6355850.0,15845.6,,254146.13443891908,False,7925000.0,24.999067399366826,0.999962695974673,2.7536241186061556e-89,hypothetical scenario
gaussian,0.804,0.05,316912.0,7925000.0,6371700.0,15845.6,,254780.1601812813,False,7925000.0,24.99889808030415,0.9999559232121661,2.7536241186061556e-89,hypothetical scenario
gaussian,0.806,0.05,316912.0,7925000.0,6387550.0,15845.6,,255414.19057374902,False,7925000.0,24.998700001503302,0.9999480000601321,2.7536241186061556e-89,hypothetical scenario
gaussian,0.808,0.05,316912.0,7925000.0,6403400.0,15845.6,,256048.22640179505,False,7925000.0,24.99846864804967,0.9999387459219868,2.7536241186061556e-89,hypothetical scenario
gaussian,0.81,0.05,316912.0,7925000.0,6419250.0,15845.6,,256682.26857344253,False,7924999.999999998,24.99819886169612,0.9999279544678449,2.7536241186061556e-89,hypothetical scenario
gaussian,0.812,0.05,316912.0,7925000.0,6435100.0,15845.6,,257316.3181366063,False,7924999.999999999,24.997884760095392,0.9999153904038157,2.7536241186061556e-89,hypothetical scenario
gaussian,0.8140000000000001,0.05,316912.0,7925000.0,6450950.0,15845.6,,257950.37629859528,False,7924999.999999997,24.997519647593798,0.9999007859037519,2.7536241186061556e-89,hypothetical scenario
gaussian,0.8160000000000001,0.05,316912.0,7925000.0,6466800.0,15845.6,,258584.4444479986,False,7924999.999999993,24.997095916953153,0.9998838366781261,2.7536241186061556e-89,hypothetical scenario
gaussian,0.8180000000000001,0.05,316912.0,7925000.0,6482650.000000001,15845.6,,259218.52417919683,False,7925000.000000004,24.99660494135498,0.9998641976541992,2.7536241186061556e-89,hypothetical scenario
gaussian,0.8200000000000001,0.05,316912.0,7925000.0,6498500.000000001,15845.6,,259852.6173197593,False,7925000.000000005,24.996036956033304,0.9998414782413322,2.7536241186061556e-89,hypothetical scenario
gaussian,0.8220000000000001,0.05,316912.0,7925000.0,6514350.000000001,15845.6,,260486.72596099533,False,7925000.000000009,24.99538092888033,0.9998152371552131,2.7536241186061556e-89,hypothetical scenario
gaussian,0.8240000000000001,0.05,316912.0,7925000.0,6530200.000000001,15845.6,,261120.85249196354,False,7924999.999999998,24.99462441937372,0.9997849767749488,2.7536241186061556e-89,hypothetical scenario
gaussian,0.8260000000000001,0.05,316912.0,7925000.0,6546050.000000001,15845.6,,261754.9996372388,False,7925000.0,24.993753425186213,0.9997501370074485,2.7536241186061556e-89,hypothetical scenario
gaussian,0.8280000000000001,0.05,316912.0,7925000.0,6561900.000000001,15845.6,,262389.17049877916,False,7925000.0,24.992752215857987,0.9997100886343194,2.7536241186061556e-89,hypothetical scenario
gaussian,0.8300000000000001,0.05,316912.0,7925000.0,6577750.000000001,15845.6,,263023.3686022264,False,7925000.0,24.99160315294107,0.9996641261176429,2.7536241186061556e-89,hypothetical scenario
gaussian,0.8320000000000001,0.05,316912.0,7925000.0,6593600.000000001,15845.6,,263657.59794801305,False,7925000.0,24.99028649606289,0.9996114598425155,2.7536241186061556e-89,hypothetical scenario
gaussian,0.834,0.05,316912.0,7925000.0,6609450.0,15845.6,,264291.86306765466,False,7924999.999999999,24.988780194404104,0.9995512077761641,2.7536241186061556e-89,hypothetical scenario
gaussian,0.836,0.05,316912.0,7925000.0,6625300.0,15845.6,,264926.169085624,False,7925000.0,24.987059663144002,0.99948238652576,2.7536241186061556e-89,hypothetical scenario
gaussian,0.838,0.05,316912.0,7925000.0,6641150.0,15845.6,,265560.5217872218,False,7925000.000000001,24.98509754449557,0.9994039017798229,2.7536241186061556e-89,hypothetical scenario
gaussian,0.84,0.05,316912.0,7925000.0,6657000.0,15845.6,,266194.92769287236,False,7925000.0,24.982863453031598,0.9993145381212639,2.7536241186061556e-89,hypothetical scenario
gaussian,0.842,0.05,316912.0,7925000.0,6672850.0,15845.6,,266829.39413928636,False,7925000.0,24.980323705093344,0.9992129482037337,2.7536241186061556e-89,hypothetical scenario
gaussian,0.844,0.05,316912.0,7925000.0,6688700.0,15845.6,,267463.92936794827,False,7924999.999999999,24.977441032173,0.99909764128692,2.7536241186061556e-89,hypothetical scenario
gaussian,0.846,0.05,316912.0,7925000.0,6704550.0,15845.6,,268098.5426213966,False,7925000.0,24.97417427827116,0.9989669711308464,2.7536241186061556e-89,hypothetical scenario
gaussian,0.848,0.05,316912.0,7925000.0,6720400.0,15845.6,,268733.2442477797,False,7924999.999999999,24.97047808134845,0.998819123253938,2.7536241186061556e-89,hypothetical scenario
gaussian,0.85,0.05,316912.0,7925000.0,6736250.0,15845.6,,269368.04581417923,False,7924999.999999999,24.966302539116416,0.9986521015646567,2.7536241186061556e-89,hypothetical scenario
gaussian,0.852,0.05,316912.0,7925000.0,6752100.0,15845.6,,270002.9602292073,False,7925000.0,24.961592859544467,0.9984637143817787,2.7536241186061556e-89,hypothetical scenario
gaussian,0.854,0.05,316912.0,7925000.0,6767950.0,15845.6,,270638.00187539385,False,7924999.999999999,24.956288996595486,0.9982515598638194,2.7536241186061556e-89,hypothetical scenario
gaussian,0.856,0.05,316912.0,7925000.0,6783800.0,15845.6,,271273.1867518929,False,7925000.0,24.95032527184101,0.9980130108736404,2.7536241186061556e-89,hypothetical scenario
gaussian,0.858,0.05,316912.0,7925000.0,6799650.0,15845.6,,271908.5326280524,False,7925000.000000001,24.943629982744433,0.9977451993097773,2.7536241186061556e-89,hypothetical scenario
gaussian,0.86,0.05,316912.0,7925000.0,6815500.0,15845.6,,272544.05920840503,False,7925000.0,24.936124998535636,0.9974449999414254,2.7536241186061556e-89,hypothetical scenario
gaussian,0.862,0.05,316912.0,7925000.0,6831350.0,15845.6,,273179.7883096586,False,7924999.999999998,24.927725344729264,0.9971090137891706,2.7536241186061556e-89,hypothetical scenario
gaussian,0.864,0.05,316912.0,7925000.0,6847200.0,15845.6,,273815.7440502864,False,7924999.999999996,24.91833877745897,0.9967335510983588,2.7536241186061556e-89,hypothetical scenario
gaussian,0.866,0.05,316912.0,7925000.0,6863050.0,15845.6,,274451.9530533463,False,7924999.999999991,24.907865348907254,0.9963146139562902,2.7536241186061556e-89,hypothetical scenario
gaussian,0.868,0.05,316912.0,7925000.0,6878900.0,15845.6,,275088.44466318924,False,7925000.0,24.896196965202765,0.9958478786081106,2.7536241186061556e-89,hypothetical scenario
gaussian,0.87,0.05,316912.0,7925000.0,6894750.0,15845.6,,275725.2511767691,False,7925000.0,24.883216938229143,0.9953286775291658,2.7536241186061556e-89,hypothetical scenario
gaussian,0.872,0.05,316912.0,7925000.0,6910600.0,15845.6,,276362.40809030226,False,7925000.000000001,24.868799532839997,0.9947519813135999,2.7536241186061556e-89,hypothetical scenario
gaussian,0.874,0.05,316912.0,7925000.0,6926450.0,15845.6,,276999.9543621127,False,7925000.0,24.85280951099806,0.9941123804399224,2.7536241186061556e-89,hypothetical scenario
gaussian,0.876,0.05,316912.0,7925000.0,6942300.0,15845.6,,277637.93269255775,False,7924999.999999999,24.835101674351677,0.993404066974067,2.7536241186061556e-89,hypothetical scenario
gaussian,0.878,0.05,316912.0,7925000.0,6958150.0,15845.6,,278276.3898220403,False,7925000.000000001,24.81552040672389,0.9926208162689556,2.7536241186061556e-89,hypothetical scenario
gaussian,0.88,0.05,316912.0,7925000.0,6974000.0,15845.6,,278915.37684822374,False,7925000.000000001,24.793899217916934,0.9917559687166774,2.7536241186061556e-89,hypothetical scenario
gaussian,0.882,0.05,316912.0,7925000.0,6989850.0,15845.6,,279554.9495637099,False,7925000.000000001,24.770060290124757,0.9908024116049903,2.7536241186061556e-89,hypothetical scenario
gaussian,0.884,0.05,316912.0,7925000.0,7005700.0,15845.6,,280195.16881560755,False,7925000.0,24.74381402809663,0.9897525611238652,2.7536241186061556e-89,hypothetical scenario
gaussian,0.886,0.05,316912.0,7925000.0,7021550.0,15845.6,,280836.1008886191,False,7925000.0,24.714958614004026,0.988598344560161,2.7536241186061556e-89,hypothetical scenario
gaussian,0.888,0.05,316912.0,7925000.0,7037400.0,15845.6,,281477.81791350956,False,7925000.000000001,24.683279567729652,0.9873311827091861,2.7536241186061556e-89,hypothetical scenario
gaussian,0.89,0.05,316912.0,7925000.0,7053250.0,15845.6,,282120.3983031,False,7925000.000000001,24.648549313020833,0.9859419725208334,2.7536241186061556e-89,hypothetical scenario
gaussian,0.892,0.05,316912.0,7925000.0,7069100.0,15845.6,,282763.92721825326,False,7924999.999999999,24.610526749628594,0.9844210699851438,2.7536241186061556e-89,hypothetical scenario
gaussian,0.894,0.05,316912.0,7925000.0,7084950.0,15845.6,,283408.49706670194,False,7924999.999999999,24.56895683118873,0.9827582732475492,2.7536241186061556e-89,hypothetical scenario
gaussian,0.896,0.05,316912.0,7925000.0,7100800.0,15845.6,,284054.2080380152,False,7924999.999999995,24.523570148191315,0.9809428059276526,2.7536241186061556e-89,hypothetical scenario
gaussian,0.898,0.05,316912.0,7925000.0,7116650.0,15845.6,,284701.1686785149,False,7925000.000000006,24.474082514931066,0.9789633005972427,2.7536241186061556e-89,hypothetical scenario
gaussian,0.9,0.05,316912.0,7925000.0,7132500.0,15845.6,,285349.4965105663,False,7925000.0,24.420194558830694,0.9768077823532277,2.7536241186061556e-89,hypothetical scenario
gaussian,0.902,0.05,316912.0,7925000.0,7148350.0,15845.6,,285999.31870135287,False,7925000.0,24.36159130998579,0.9744636523994317,2.7536241186061556e-89,hypothetical scenario
gaussian,0.904,0.05,316912.0,7925000.0,7164200.0,15845.6,,286650.77278709004,False,7925000.0,24.297941788185682,0.9719176715274273,2.7536241186061556e-89,hypothetical scenario
gaussian,0.906,0.05,316912.0,7925000.0,7180050.0,15845.6,,287304.0074595615,False,7925000.0,24.22889858402602,0.9691559433610408,2.7536241186061556e-89,hypothetical scenario
gaussian,0.908,0.05,316912.0,7925000.0,7195900.0,15845.6,,287959.18342299265,False,7925000.000000001,24.154097430034422,0.9661638972013769,2.7536241186061556e-89,hypothetical scenario
gaussian,0.91,0.05,316912.0,7925000.0,7211750.0,15845.6,,288616.47433057264,False,7925000.0,24.073156756981422,0.9629262702792569,2.7536241186061556e-89,hypothetical scenario
gaussian,0.912,0.05,316912.0,7925000.0,7227600.0,15845.6,,289276.0678114674,False,7925000.0,23.985677229735668,0.9594270891894268,2.7536241186061556e-89,hypothetical scenario
gaussian,0.914,0.05,316912.0,7925000.0,7243450.0,15845.6,,289938.1666009632,False,7925000.0,23.89124125613665,0.955649650245466,2.7536241186061556e-89,hypothetical scenario
gaussian,0.916,0.05,316912.0,7925000.0,7259300.0,15845.6,,290602.9897885043,False,7925000.0,23.789412461387936,0.9515764984555175,2.7536241186061556e-89,hypothetical scenario
gaussian,0.918,0.05,316912.0,7925000.0,7275150.0,15845.6,,291270.7742009012,False,7924999.999999999,23.67973511940309,0.9471894047761237,2.7536241186061556e-89,hypothetical scenario
gaussian,0.92,0.05,316912.0,7925000.0,7291000.0,15845.6,,291941.7759409786,False,7924999.999999999,23.56173353134462,0.9424693412537848,2.7536241186061556e-89,hypothetical scenario
gaussian,0.922,0.05,316912.0,7925000.0,7306850.0,15845.6,,292616.2721055043,False,7924999.999999994,23.434911340257578,0.9373964536103031,2.7536241186061556e-89,hypothetical scenario
gaussian,0.924,0.05,316912.0,7925000.0,7322700.0,15845.6,,293294.56271052774,False,7925000.0,23.298750769180636,0.9319500307672254,2.7536241186061556e-89,hypothetical scenario
gaussian,0.926,0.05,316912.0,7925000.0,7338550.0,15845.6,,293976.97285743343,False,7925000.0,23.15271176837556,0.9261084707350224,2.7536241186061556e-89,hypothetical scenario
gaussian,0.928,0.05,316912.0,7925000.0,7354400.0,15845.6,,294663.85517927236,False,7925000.0,22.99623105530265,0.9198492422121061,2.7536241186061556e-89,hypothetical scenario
gaussian,0.93,0.05,316912.0,7925000.0,7370250.0,15845.6,,295355.5926145877,False,7925000.0,22.82872102861084,0.9131488411444336,2.7536241186061556e-89,hypothetical scenario
gaussian,0.932,0.05,316912.0,7925000.0,7386100.0,15845.6,,296052.60156529903,False,7925000.0,22.649568534633044,0.9059827413853218,2.7536241186061556e-89,hypothetical scenario
gaussian,0.934,0.05,316912.0,7925000.0,7401950.0,15845.6,,296755.3355067544,False,7925000.0,22.458133461565616,0.8983253384626246,2.7536241186061556e-89,hypothetical scenario
gaussian,0.936,0.05,316912.0,7925000.0,7417800.0,15845.6,,297464.28913236177,False,7925000.000000001,22.253747132537388,0.8901498853014955,2.7536241186061556e-89,hypothetical scenario
gaussian,0.9380000000000001,0.05,316912.0,7925000.0,7433650.0,15845.6,,298180.0031330683,False,7925000.000000001,22.03571046396368,0.8814284185585473,2.7536241186061556e-89,hypothetical scenario
gaussian,0.9400000000000001,0.05,316912.0,7925000.0,7449500.0,15845.6,,298903.06973438535,False,7925000.000000001,21.803291849716626,0.872131673988665,2.7536241186061556e-89,hypothetical scenario
gaussian,0.9420000000000001,0.05,316912.0,7925000.0,7465350.000000001,15845.6,,299634.1391420399,False,7925000.000000002,21.555724724437646,0.8622289889775058,2.7536241186061556e-89,hypothetical scenario
gaussian,0.9440000000000001,0.05,316912.0,7925000.0,7481200.000000001,15845.6,,300373.9270835129,False,7925000.0,21.2922047504024,0.8516881900160961,2.7536241186061556e-89,hypothetical scenario
gaussian,0.9460000000000001,0.05,316912.0,7925000.0,7497050.000000001,15845.6,,301123.22367921047,False,7925000.0,21.011886561232362,0.8404754624492945,2.7536241186061556e-89,hypothetical scenario
gaussian,0.9480000000000001,0.05,316912.0,7925000.0,7512900.000000001,15845.6,,301882.90393724997,False,7925000.0,20.713879981782675,0.828555199271307,2.7536241186061556e-89,hypothetical scenario
gaussian,0.9500000000000001,0.05,316912.0,7925000.0,7528750.000000001,15845.6,,302653.9402445917,False,7924999.999999999,20.397245625856662,0.8158898250342665,2.7536241186061556e-89,hypothetical scenario
gaussian,0.9520000000000001,0.05,316912.0,7925000.0,7544600.000000001,15845.6,,303437.4173312058,False,7925000.0,20.06098975082202,0.8024395900328808,2.7536241186061556e-89,hypothetical scenario
gaussian,0.9540000000000001,0.05,316912.0,7925000.0,7560450.000000001,15845.6,,304234.5503226074,False,7925000.0,19.704058219127575,0.788162328765103,2.7536241186061556e-89,hypothetical scenario
gaussian,0.9560000000000001,0.05,316912.0,7925000.0,7576300.000000001,15845.6,,305046.70668307133,False,7924999.999999999,19.325329378906158,0.7730131751562463,2.7536241186061556e-89,hypothetical scenario
gaussian,0.9580000000000001,0.05,316912.0,7925000.0,7592150.000000001,15845.6,,305875.43310703605,False,7924999.999999995,18.92360562616829,0.7569442250467315,2.7536241186061556e-89,hypothetical scenario
gaussian,0.96,0.05,316912.0,7925000.0,7608000.0,15845.6,,306722.48876906565,False,7925000.0,18.49760334508544,0.7399041338034177,2.7536241186061556e-89,hypothetical scenario
gaussian,0.962,0.05,316912.0,7925000.0,7623850.0,15845.6,,307589.88683758664,False,7925000.000000001,18.045940834090402,0.7218376333636161,2.7536241186061556e-89,hypothetical scenario
gaussian,0.964,0.05,316912.0,7925000.0,7639700.0,15845.6,,308479.94686235074,False,7925000.0,17.56712370454364,0.7026849481817456,2.7536241186061556e-89,hypothetical scenario
gaussian,0.966,0.05,316912.0,7925000.0,7655550.0,15845.6,,309395.3616664054,False,7925000.0,17.059527071386608,0.6823810828554643,2.7536241186061556e-89,hypothetical scenario
gaussian,0.968,0.05,316912.0,7925000.0,7671400.0,15845.6,,310339.2838798056,False,7925000.0,16.521373620035998,0.6608549448014399,2.7536241186061556e-89,hypothetical scenario
gaussian,0.97,0.05,316912.0,7925000.0,7687250.0,15845.6,,311315.43952185835,False,7925000.0,15.950706297251394,0.6380282518900557,2.7536241186061556e-89,hypothetical scenario
gaussian,0.972,0.05,316912.0,7925000.0,7703100.0,15845.6,,312328.2795374381,False,7925000.0,15.345353882454885,0.6138141552981954,2.7536241186061556e-89,hypothetical scenario
gaussian,0.974,0.05,316912.0,7925000.0,7718950.0,15845.6,,313383.1857275224,False,7925000.0,14.702886962595544,0.5881154785038217,2.7536241186061556e-89,hypothetical scenario
gaussian,0.976,0.05,316912.0,7925000.0,7734800.0,15845.6,,314486.7565280429,False,7925000.0,14.020560710736563,0.5608224284294625,2.7536241186061556e-89,hypothetical scenario
gaussian,0.978,0.05,316912.0,7925000.0,7750650.0,15845.6,,315647.21326707257,False,7925000.000000001,13.295239098962734,0.5318095639585093,2.7536241186061556e-89,hypothetical scenario
gaussian,0.98,0.05,316912.0,7925000.0,7766500.0,15845.6,,316874.99407478893,False,7924999.999999997,12.523292293715595,0.5009316917486238,2.7536241186061556e-89,hypothetical scenario
gaussian,0.982,0.05,316912.0,7925000.0,7782350.0,15845.6,,318183.651158389,False,7925000.0,11.700454102255065,0.46801816409020264,2.7536241186061556e-89,hypothetical scenario
gaussian,0.984,0.05,316912.0,7925000.0,7798200.0,15845.6,,319591.2606812104,False,7925000.0,10.82161769659984,0.4328647078639936,2.7536241186061556e-89,hypothetical scenario
gaussian,0.986,0.05,316912.0,7925000.0,7814050.0,15845.6,,321122.7463888407,False,7925000.0,9.88053168203051,0.39522126728122037,2.7536241186061556e-89,hypothetical scenario
gaussian,0.988,0.05,316912.0,7925000.0,7829900.0,15845.6,,322813.94337833044,False,7925000.0,8.869326297593554,0.3547730519037422,2.7536241186061556e-89,hypothetical scenario
gaussian,0.99,0.05,316912.0,7925000.0,7845750.0,15845.6,,324719.26655621163,False,7925000.0,7.777729488082705,0.3111091795233082,2.7536241186061556e-89,hypothetical scenario
gaussian,0.992,0.05,316912.0,7925000.0,7861600.0,15845.6,,326927.72406150005,False,7925000.0,6.591663359382641,0.26366653437530563,2.7536241186061556e-89,hypothetical scenario
gaussian,0.994,0.05,316912.0,7925000.0,7877450.0,15845.6,,329601.49497854366,False,7925000.0,5.290438376149549,0.21161753504598196,2.7536241186061556e-89,hypothetical scenario
gaussian,0.996,0.05,316912.0,7925000.0,7893300.0,15845.6,,333091.8509087965,False,7925000.0,3.840122390456874,0.15360489561827495,2.7536241186061556e-89,hypothetical scenario
gaussian,0.998,0.05,316912.0,7925000.0,7909150.0,15845.6,,338463.7180332668,False,7925000.0,2.1724491922706384,0.08689796769082553,2.7536241186061556e-89,hypothetical scenario
gaussian,1.0,0.05,316912.0,7925000.0,7925000.0,15845.6,,,True,7925000.0,0.0,0.0,2.7536241186061556e-89,hypothetical scenario
gaussian,0.0,0.1,316912.0,7925000.0,0.0,31691.2,,-88.0,False,7925000.0,25.0,1.0,7.61985302416047e-24,hypothetical scenario
gaussian,0.002,0.1,316912.0,7925000.0,15850.0,31691.2,,546.0,False,7924999.999999999,25.0,1.0,7.61985302416047e-24,hypothetical scenario
gaussian,0.004,0.1,316912.0,7925000.0,31700.0,31691.2,,1180.0,False,7925000.0,25.0,1.0,7.61985302416047e-24,hypothetical scenario
gaussian,0.006,0.1,316912.0,7925000.0,47550.0,31691.2,,1814.0,False,7924999.999999999,25.0,1.0,7.61985302416047e-24,hypothetical scenario
gaussian,0.008,0.1,316912.0,7925000.0,63400.0,31691.2,,2448.0,False,7925000.0,25.0,1.0,7.61985302416047e-24,hypothetical scenario
gaussian,0.01,0.1,316912.0,7925000.0,79250.0,31691.2,,3082.0,False,7924999.999999999,25.0,1.0,7.61985302416047e-24,hypothetical scenario
gaussian,0.012,0.1,316912.0,7925000.0,95100.0,31691.2,,3716.0,False,7925000.0,25.0,1.0,7.61985302416047e-24,hypothetical scenario
gaussian,0.014,0.1,316912.0,7925000.0,110950.0,31691.2,,4349.999999999942,False,7925000.000000002,25.0,1.0,7.61985302416047e-24,hypothetical scenario
gaussian,0.016,0.1,316912.0,7925000.0,126800.0,31691.2,,4984.0,False,7925000.0,25.0,1.0,7.61985302416047e-24,hypothetical scenario
gaussian,0.018000000000000002,0.1,316912.0,7925000.0,142650.00000000003,31691.2,,5617.999999999942,False,7925000.000000002,25.0,1.0,7.61985302416047e-24,hypothetical scenario
gaussian,0.02,0.1,316912.0,7925000.0,158500.0,31691.2,,6252.0,False,7925000.0,25.0,1.0,7.61985302416047e-24,hypothetical scenario
gaussian,0.022,0.1,316912.0,7925000.0,174350.0,31691.2,,6885.999999999942,False,7925000.000000002,25.0,1.0,7.61985302416047e-24,hypothetical scenario
gaussian,0.024,0.1,316912.0,7925000.0,190200.0,31691.2,,7520.0,False,7925000.0,25.0,1.0,7.61985302416047e-24,hypothetical scenario
gaussian,0.026000000000000002,0.1,316912.0,7925000.0,206050.00000000003,31691.2,,8153.999999999942,False,7925000.000000002,25.0,1.0,7.61985302416047e-24,hypothetical scenario
gaussian,0.028,0.1,316912.0,7925000.0,221900.0,31691.2,,8788.0,False,7925000.0,25.0,1.0,7.61985302416047e-24,hypothetical scenario
gaussian,0.03,0.1,316912.0,7925000.0,237750.0,31691.2,,9421.999999999942,False,7925000.000000001,25.0,1.0,7.61985302416047e-24,hypothetical scenario
gaussian,0.032,0.1,316912.0,7925000.0,253600.0,31691.2,,10056.0,False,7925000.0,25.0,1.0,7.61985302416047e-24,hypothetical scenario
gaussian,0.034,0.1,316912.0,7925000.0,269450.0,31691.2,,10689.999999999942,False,7925000.000000001,25.0,1.0,7.61985302416047e-24,hypothetical scenario
gaussian,0.036000000000000004,0.1,316912.0,7925000.0,285300.00000000006,31691.2,,11324.0,False,7925000.0,25.0,1.0,7.61985302416047e-24,hypothetical scenario
gaussian,0.038,0.1,316912.0,7925000.0,301150.0,31691.2,,11957.999999999942,False,7925000.000000001,25.0,1.0,7.61985302416047e-24,hypothetical scenario
gaussian,0.04,0.1,316912.0,7925000.0,317000.0,31691.2,,12592.0,False,7925000.0,25.0,1.0,7.61985302416047e-24,hypothetical scenario
gaussian,0.042,0.1,316912.0,7925000.0,332850.0,31691.2,,13225.999999999942,False,7925000.000000001,25.0,1.0,7.61985302416047e-24,hypothetical scenario
gaussian,0.044,0.1,316912.0,7925000.0,348700.0,31691.2,,13860.0,False,7925000.0,25.0,1.0,7.61985302416047e-24,hypothetical scenario
gaussian,0.046,0.1,316912.0,7925000.0,364550.0,31691.2,,14493.999999999942,False,7925000.000000001,25.0,1.0,7.61985302416047e-24,hypothetical scenario
gaussian,0.048,0.1,316912.0,7925000.0,380400.0,31691.2,,15128.0,False,7925000.0,25.0,1.0,7.61985302416047e-24,hypothetical scenario
gaussian,0.05,0.1,316912.0,7925000.0,396250.0,31691.2,,15761.999999999942,False,7925000.000000001,25.0,1.0,7.61985302416047e-24,hypothetical scenario
gaussian,0.052000000000000005,0.1,316912.0,7925000.0,412100.00000000006,31691.2,,16396.0,False,7925000.0,25.0,1.0,7.61985302416047e-24,hypothetical scenario
gaussian,0.054,0.1,316912.0,7925000.0,427950.0,31691.2,,17029.99999999994,False,7925000.000000001,25.0,1.0,7.61985302416047e-24,hypothetical scenario
gaussian,0.056,0.1,316912.0,7925000.0,443800.0,31691.2,,17664.0,False,7925000.0,25.0,1.0,7.61985302416047e-24,hypothetical scenario
gaussian,0.058,0.1,316912.0,7925000.0,459650.0,31691.2,,18297.99999999994,False,7925000.000000001,25.0,1.0,7.61985302416047e-24,hypothetical scenario
gaussian,0.06,0.1,316912.0,7925000.0,475500.0,31691.2,,18932.0,False,7925000.0,25.0,1.0,7.61985302416047e-24,hypothetical scenario
gaussian,0.062,0.1,316912.0,7925000.0,491350.0,31691.2,,19565.99999999994,False,7925000.000000001,25.0,1.0,7.61985302416047e-24,hypothetical scenario
gaussian,0.064,0.1,316912.0,7925000.0,507200.0,31691.2,,20200.0,False,7925000.0,25.0,1.0,7.61985302416047e-24,hypothetical scenario
gaussian,0.066,0.1,316912.0,7925000.0,523050.0,31691.2,,20833.99999999994,False,7925000.000000001,25.0,1.0,7.61985302416047e-24,hypothetical scenario
gaussian,0.068,0.1,316912.0,7925000.0,538900.0,31691.2,,21468.0,False,7925000.0,25.0,1.0,7.61985302416047e-24,hypothetical scenario
gaussian,0.07,0.1,316912.0,7925000.0,554750.0,31691.2,,22101.99999999994,False,7925000.000000001,25.0,1.0,7.61985302416047e-24,hypothetical scenario
gaussian,0.07200000000000001,0.1,316912.0,7925000.0,570600.0000000001,31691.2,,22736.0,False,7925000.0,25.0,1.0,7.61985302416047e-24,hypothetical scenario
gaussian,0.074,0.1,316912.0,7925000.0,586450.0,31691.2,,23369.99999999994,False,7925000.000000001,25.0,1.0,7.61985302416047e-24,hypothetical scenario
gaussian,0.076,0.1,316912.0,7925000.0,602300.0,31691.2,,24004.0,False,7925000.0,25.0,1.0,7.61985302416047e-24,hypothetical scenario
gaussian,0.078,0.1,316912.0,7925000.0,618150.0,31691.2,,24637.99999999994,False,7925000.000000001,25.0,1.0,7.61985302416047e-24,hypothetical scenario
gaussian,0.08,0.1,316912.0,7925000.0,634000.0,31691.2,,25272.0,False,7925000.0,25.0,1.0,7.61985302416047e-24,hypothetical scenario
gaussian,0.082,0.1,316912.0,7925000.0,649850.0,31691.2,,25905.99999999994,False,7925000.000000001,25.0,1.0,7.61985302416047e-24,hypothetical scenario
gaussian,0.084,0.1,316912.0,7925000.0,665700.0,31691.2,,26540.0,False,7925000.0,25.0,1.0,7.61985302416047e-24,hypothetical scenario
gaussian,0.08600000000000001,0.1,316912.0,7925000.0,681550.0,31691.2,,27173.99999999994,False,7925000.000000001,25.0,1.0,7.61985302416047e-24,hypothetical scenario
gaussian,0.088,0.1,316912.0,7925000.0,697400.0,31691.2,,27808.0,False,7925000.0,25.0,1.0,7.61985302416047e-24,hypothetical scenario
gaussian,0.09,0.1,316912.0,7925000.0,713250.0,31691.2,,28441.99999999994,False,7925000.000000001,25.0,1.0,7.61985302416047e-24,hypothetical scenario
gaussian,0.092,0.1,316912.0,7925000.0,729100.0,31691.2,,29076.0,False,7925000.0,25.0,1.0,7.61985302416047e-24,hypothetical scenario
gaussian,0.094,0.1,316912.0,7925000.0,744950.0,31691.2,,29709.99999999994,False,7925000.000000001,25.0,1.0,7.61985302416047e-24,hypothetical scenario
gaussian,0.096,0.1,316912.0,7925000.0,760800.0,31691.2,,30344.0,False,7925000.0,25.0,1.0,7.61985302416047e-24,hypothetical scenario
gaussian,0.098,0.1,316912.0,7925000.0,776650.0,31691.2,,30977.99999999994,False,7925000.000000001,25.0,1.0,7.61985302416047e-24,hypothetical scenario
gaussian,0.1,0.1,316912.0,7925000.0,792500.0,31691.2,,31612.0,False,7925000.0,25.0,1.0,7.61985302416047e-24,hypothetical scenario
gaussian,0.10200000000000001,0.1,316912.0,7925000.0,808350.0,31691.2,,32245.99999999994,False,7925000.000000001,25.0,1.0,7.61985302416047e-24,hypothetical scenario
gaussian,0.10400000000000001,0.1,316912.0,7925000.0,824200.0000000001,31691.2,,32880.0,False,7925000.0,25.0,1.0,7.61985302416047e-24,hypothetical scenario
gaussian,0.106,0.1,316912.0,7925000.0,840050.0,31691.2,,33513.99999999994,False,7925000.000000001,25.0,1.0,7.61985302416047e-24,hypothetical scenario
gaussian,0.108,0.1,316912.0,7925000.0,855900.0,31691.2,,34148.0,False,7925000.0,25.0,1.0,7.61985302416047e-24,hypothetical scenario
gaussian,0.11,0.1,316912.0,7925000.0,871750.0,31691.2,,34782.0,False,7924999.999999999,25.0,1.0,7.61985302416047e-24,hypothetical scenario
gaussian,0.112,0.1,316912.0,7925000.0,887600.0,31691.2,,35416.0,False,7925000.0,25.0,1.0,7.61985302416047e-24,hypothetical scenario
gaussian,0.114,0.1,316912.0,7925000.0,903450.0,31691.2,,36050.0,False,7924999.999999999,25.0,1.0,7.61985302416047e-24,hypothetical scenario
gaussian,0.116,0.1,316912.0,7925000.0,919300.0,31691.2,,36684.0,False,7925000.0,25.0,1.0,7.61985302416047e-24,hypothetical scenario
gaussian,0.11800000000000001,0.1,316912.0,7925000.0,935150.0000000001,31691.2,,37318.0,False,7924999.999999999,25.0,1.0,7.61985302416047e-24,hypothetical scenario
gaussian,0.12,0.1,316912.0,7925000.0,951000.0,31691.2,,37952.0,False,7925000.0,25.0,1.0,7.61985302416047e-24,hypothetical scenario
gaussian,0.122,0.1,316912.0,7925000.0,966850.0,31691.2,,38586.0,False,7924999.999999999,25.0,1.0,7.61985302416047e-24,hypothetical scenario
gaussian,0.124,0.1,316912.0,7925000.0,982700.0,31691.2,,39220.0,False,7925000.0,25.0,1.0,7.61985302416047e-24,hypothetical scenario
gaussian,0.126,0.1,316912.0,7925000.0,998550.0,31691.2,,39854.0,False,7924999.999999999,25.0,1.0,7.61985302416047e-24,hypothetical scenario
gaussian,0.128,0.1,316912.0,7925000.0,1014400.0,31691.2,,40488.0,False,7925000.0,25.0,1.0,7.61985302416047e-24,hypothetical scenario
gaussian,0.13,0.1,316912.0,7925000.0,1030250.0,31691.2,,41122.0,False,7924999.999999999,25.0,1.0,7.61985302416047e-24,hypothetical scenario
gaussian,0.132,0.1,316912.0,7925000.0,1046100.0,31691.2,,41756.0,False,7925000.0,25.0,1.0,7.61985302416047e-24,hypothetical scenario
gaussian,0.134,0.1,316912.0,7925000.0,1061950.0,31691.2,,42390.0,False,7924999.999999999,25.0,1.0,7.61985302416047e-24,hypothetical scenario
gaussian,0.136,0.1,316912.0,7925000.0,1077800.0,31691.2,,43024.0,False,7925000.0,25.0,1.0,7.61985302416047e-24,hypothetical scenario
gaussian,0.138,0.1,316912.0,7925000.0,1093650.0,31691.2,,43658.0,False,7924999.999999999,25.0,1.0,7.61985302416047e-24,hypothetical scenario
gaussian,0.14,0.1,316912.0,7925000.0,1109500.0,31691.2,,44292.0,False,7925000.0,25.0,1.0,7.61985302416047e-24,hypothetical scenario
gaussian,0.14200000000000002,0.1,316912.0,7925000.0,1125350.0000000002,31691.2,,44926.0,False,7924999.999999999,25.0,1.0,7.61985302416047e-24,hypothetical scenario
gaussian,0.14400000000000002,0.1,316912.0,7925000.0,1141200.0000000002,31691.2,,45560.0,False,7925000.0,25.0,1.0,7.61985302416047e-24,hypothetical scenario
gaussian,0.146,0.1,316912.0,7925000.0,1157050.0,31691.2,,46194.0,False,7924999.999999999,25.0,1.0,7.61985302416047e-24,hypothetical scenario
gaussian,0.148,0.1,316912.0,7925000.0,1172900.0,31691.2,,46828.0,False,7925000.0,25.0,1.0,7.61985302416047e-24,hypothetical scenario
gaussian,0.15,0.1,316912.0,7925000.0,1188750.0,31691.2,,47462.0,False,7924999.999999999,25.0,1.0,7.61985302416047e-24,hypothetical scenario
gaussian,0.152,0.1,316912.0,7925000.0,1204600.0,31691.2,,48096.0,False,7925000.0,25.0,1.0,7.61985302416047e-24,hypothetical scenario
gaussian,0.154,0.1,316912.0,7925000.0,1220450.0,31691.2,,48730.0,False,7924999.999999999,25.0,1.0,7.61985302416047e-24,hypothetical scenario
gaussian,0.156,0.1,316912.0,7925000.0,1236300.0,31691.2,,49364.0,False,7925000.0,25.0,1.0,7.61985302416047e-24,hypothetical scenario
gaussian,0.158,0.1,316912.0,7925000.0,1252150.0,31691.2,,49998.0,False,7924999.999999999,25.0,1.0,7.61985302416047e-24,hypothetical scenario
gaussian,0.16,0.1,316912.0,7925000.0,1268000.0,31691.2,,50632.0,False,7925000.0,25.0,1.0,7.61985302416047e-24,hypothetical scenario
gaussian,0.162,0.1,316912.0,7925000.0,1283850.0,31691.2,,51266.0,False,7924999.999999999,25.0,1.0,7.61985302416047e-24,hypothetical scenario
gaussian,0.164,0.1,316912.0,7925000.0,1299700.0,31691.2,,51900.0,False,7925000.0,25.0,1.0,7.61985302416047e-24,hypothetical scenario
gaussian,0.166,0.1,316912.0,7925000.0,1315550.0,31691.2,,52534.0,False,7924999.999999999,25.0,1.0,7.61985302416047e-24,hypothetical scenario
gaussian,0.168,0.1,316912.0,7925000.0,1331400.0,31691.2,,53168.0,False,7925000.0,25.0,1.0,7.61985302416047e-24,hypothetical scenario
gaussian,0.17,0.1,316912.0,7925000.0,1347250.0,31691.2,,53802.0,False,7924999.999999999,25.0,1.0,7.61985302416047e-24,hypothetical scenario
gaussian,0.17200000000000001,0.1,316912.0,7925000.0,1363100.0,31691.2,,54435.99999999994,False,7925000.0,24.999999999999996,0.9999999999999999,7.61985302416047e-24,hypothetical scenario
gaussian,0.17400000000000002,0.1,316912.0,7925000.0,1378950.0000000002,31691.2,,55069.99999999997,False,7924999.999999999,24.999999999999996,0.9999999999999999,7.61985302416047e-24,hypothetical scenario
gaussian,0.176,0.1,316912.0,7925000.0,1394800.0,31691.2,,55703.99999999994,False,7925000.0,24.999999999999996,0.9999999999999999,7.61985302416047e-24,hypothetical scenario
gaussian,0.178,0.1,316912.0,7925000.0,1410650.0,31691.2,,56337.99999999997,False,7924999.999999999,24.999999999999996,0.9999999999999999,7.61985302416047e-24,hypothetical scenario
gaussian,0.18,0.1,316912.0,7925000.0,1426500.0,31691.2,,56972.0,False,7925000.0,24.999999999999996,0.9999999999999999,7.61985302416047e-24,hypothetical scenario
gaussian,0.182,0.1,316912.0,7925000.0,1442350.0,31691.2,,57606.00000000003,False,7924999.999999999,24.999999999999996,0.9999999999999999,7.61985302416047e-24,hypothetical scenario
gaussian,0.184,0.1,316912.0,7925000.0,1458200.0,31691.2,,58240.0,False,7925000.0,24.999999999999996,0.9999999999999999,7.61985302416047e-24,hypothetical scenario
gaussian,0.186,0.1,316912.0,7925000.0,1474050.0,31691.2,,58874.00000000003,False,7924999.999999999,24.999999999999993,0.9999999999999997,7.61985302416047e-24,hypothetical scenario
gaussian,0.188,0.1,316912.0,7925000.0,1489900.0,31691.2,,59508.0,False,7925000.0,24.999999999999993,0.9999999999999997,7.61985302416047e-24,hypothetical scenario
gaussian,0.19,0.1,316912.0,7925000.0,1505750.0,31691.2,,60142.00000000003,False,7924999.999999999,24.999999999999993,0.9999999999999997,7.61985302416047e-24,hypothetical scenario
gaussian,0.192,0.1,316912.0,7925000.0,1521600.0,31691.2,,60775.99999999994,False,7925000.0,24.999999999999993,0.9999999999999997,7.61985302416047e-24,hypothetical scenario
gaussian,0.194,0.1,316912.0,7925000.0,1537450.0,31691.2,,61410.00000000003,False,7924999.999999999,24.999999999999993,0.9999999999999997,7.61985302416047e-24,hypothetical scenario
gaussian,0.196,0.1,316912.0,7925000.0,1553300.0,31691.2,,62044.0,False,7925000.0,24.99999999999999,0.9999999999999996,7.61985302416047e-24,hypothetical scenario
gaussian,0.198,0.1,316912.0,7925000.0,1569150.0,31691.2,,62677.99999999997,False,7924999.999999999,24.999999999999986,0.9999999999999994,7.61985302416047e-24,hypothetical scenario
gaussian,0.2,0.1,316912.0,7925000.0,1585000.0,31691.2,,63312.0,False,7925000.0,24.999999999999982,0.9999999999999993,7.61985302416047e-24,hypothetical scenario
gaussian,0.202,0.1,316912.0,7925000.0,1600850.0,31691.2,,63946.00000000003,False,7925000.0,24.999999999999982,0.9999999999999993,7.61985302416047e-24,hypothetical scenario
gaussian,0.20400000000000001,0.1,316912.0,7925000.0,1616700.0,31691.2,,64580.0,False,7925000.0,24.99999999999998,0.9999999999999991,7.61985302416047e-24,hypothetical scenario
gaussian,0.20600000000000002,0.1,316912.0,7925000.0,1632550.0000000002,31691.2,,65214.0,False,7925000.0,24.999999999999975,0.999999999999999,7.61985302416047e-24,hypothetical scenario
gaussian,0.20800000000000002,0.1,316912.0,7925000.0,1648400.0000000002,31691.2,,65848.0,False,7925000.0,24.999999999999968,0.9999999999999987,7.61985302416047e-24,hypothetical scenario
gaussian,0.21,0.1,316912.0,7925000.0,1664250.0,31691.2,,66482.0,False,7925000.0,24.999999999999968,0.9999999999999987,7.61985302416047e-24,hypothetical scenario
gaussian,0.212,0.1,316912.0,7925000.0,1680100.0,31691.2,,67116.0,False,7925000.0,24.99999999999996,0.9999999999999984,7.61985302416047e-24,hypothetical scenario
gaussian,0.214,0.1,316912.0,7925000.0,1695950.0,31691.2,,67750.0,False,7925000.0,24.999999999999954,0.9999999999999981,7.61985302416047e-24,hypothetical scenario
gaussian,0.216,0.1,316912.0,7925000.0,1711800.0,31691.2,,68384.0,False,7925000.0,24.999999999999943,0.9999999999999978,7.61985302416047e-24,hypothetical scenario
gaussian,0.218,0.1,316912.0,7925000.0,1727650.0,31691.2,,69018.00000000003,False,7925000.0,24.999999999999936,0.9999999999999974,7.61985302416047e-24,hypothetical scenario
gaussian,0.22,0.1,316912.0,7925000.0,1743500.0,31691.2,,69652.00000000003,False,7925000.0,24.999999999999925,0.999999999999997,7.61985302416047e-24,hypothetical scenario
gaussian,0.222,0.1,316912.0,7925000.0,1759350.0,31691.2,,70286.00000000003,False,7925000.0,24.99999999999991,0.9999999999999964,7.61985302416047e-24,hypothetical scenario
gaussian,0.224,0.1,316912.0,7925000.0,1775200.0,31691.2,,70920.0,False,7925000.0,24.999999999999893,0.9999999999999958,7.61985302416047e-24,hypothetical scenario
gaussian,0.226,0.1,316912.0,7925000.0,1791050.0,31691.2,,71554.0,False,7925000.0,24.99999999999988,0.9999999999999951,7.61985302416047e-24,hypothetical scenario
gaussian,0.228,0.1,316912.0,7925000.0,1806900.0,31691.2,,72188.00000000003,False,7925000.0,24.999999999999854,0.9999999999999942,7.61985302416047e-24,hypothetical scenario
gaussian,0.23,0.1,316912.0,7925000.0,1822750.0,31691.2,,72822.00000000003,False,7924999.999999999,24.999999999999833,0.9999999999999933,7.61985302416047e-24,hypothetical scenario
gaussian,0.232,0.1,316912.0,7925000.0,1838600.0,31691.2,,73456.00000000003,False,7925000.0,24.999999999999805,0.9999999999999922,7.61985302416047e-24,hypothetical scenario
gaussian,0.234,0.1,316912.0,7925000.0,1854450.0,31691.2,,74090.00000000003,False,7924999.999999999,24.999999999999773,0.9999999999999909,7.61985302416047e-24,hypothetical scenario
gaussian,0.23600000000000002,0.1,316912.0,7925000.0,1870300.0000000002,31691.2,,74724.00000000003,False,7924999.999999999,24.999999999999734,0.9999999999999893,7.61985302416047e-24,hypothetical scenario
gaussian,0.23800000000000002,0.1,316912.0,7925000.0,1886150.0000000002,31691.2,,75358.00000000003,False,7925000.0,24.999999999999687,0.9999999999999875,7.61985302416047e-24,hypothetical scenario
gaussian,0.24,0.1,316912.0,7925000.0,1902000.0,31691.2,,75992.00000000006,False,7925000.0,24.999999999999638,0.9999999999999855,7.61985302416047e-24,hypothetical scenario
gaussian,0.242,0.1,316912.0,7925000.0,1917850.0,31691.2,,76626.00000000006,False,7925000.0,24.999999999999574,0.9999999999999829,7.61985302416047e-24,hypothetical scenario
gaussian,0.244,0.1,316912.0,7925000.0,1933700.0,31691.2,,77260.00000000006,False,7925000.0,24.999999999999503,0.9999999999999801,7.61985302416047e-24,hypothetical scenario
gaussian,0.246,0.1,316912.0,7925000.0,1949550.0,31691.2,,77894.00000000009,False,7925000.0,24.999999999999424,0.999999999999977,7.61985302416047e-24,hypothetical scenario
gaussian,0.248,0.1,316912.0,7925000.0,1965400.0,31691.2,,78528.00000000009,False,7925000.0,24.999999999999325,0.999999999999973,7.61985302416047e-24,hypothetical scenario
gaussian,0.25,0.1,316912.0,7925000.0,1981250.0,31691.2,,79162.00000000012,False,7925000.0,24.999999999999215,0.9999999999999686,7.61985302416047e-24,hypothetical scenario
gaussian,0.252,0.1,316912.0,7925000.0,1997100.0,31691.2,,79796.00000000012,False,7925000.0,24.999999999999087,0.9999999999999635,7.61985302416047e-24,hypothetical scenario
gaussian,0.254,0.1,316912.0,7925000.0,2012950.0,31691.2,,80430.00000000015,False,7925000.0,24.999999999998934,0.9999999999999574,7.61985302416047e-24,hypothetical scenario
gaussian,0.256,0.1,316912.0,7925000.0,2028800.0,31691.2,,81064.00000000017,False,7925000.000000001,24.999999999998764,0.9999999999999506,7.61985302416047e-24,hypothetical scenario
gaussian,0.258,0.1,316912.0,7925000.0,2044650.0,31691.2,,81698.00000000023,False,7924999.999999999,24.99999999999856,0.9999999999999425,7.61985302416047e-24,hypothetical scenario
gaussian,0.26,0.1,316912.0,7925000.0,2060500.0,31691.2,,82332.00000000026,False,7925000.0,24.999999999998323,0.9999999999999329,7.61985302416047e-24,hypothetical scenario
gaussian,0.262,0.1,316912.0,7925000.0,2076350.0,31691.2,,82966.00000000029,False,7925000.0,24.999999999998053,0.9999999999999222,7.61985302416047e-24,hypothetical scenario
gaussian,0.264,0.1,316912.0,7925000.0,2092200.0,31691.2,,83600.00000000038,False,7925000.0,24.999999999997733,0.9999999999999093,7.61985302416047e-24,hypothetical scenario
gaussian,0.266,0.1,316912.0,7925000.0,2108050.0,31691.2,,84234.00000000044,False,7925000.0,24.99999999999737,0.9999999999998949,7.61985302416047e-24,hypothetical scenario
gaussian,0.268,0.1,316912.0,7925000.0,2123900.0,31691.2,,84868.0000000005,False,7925000.0,24.999999999996948,0.9999999999998779,7.61985302416047e-24,hypothetical scenario
gaussian,0.27,0.1,316912.0,7925000.0,2139750.0,31691.2,,85502.00000000061,False,7924999.999999999,24.999999999996454,0.9999999999998582,7.61985302416047e-24,hypothetical scenario
gaussian,0.272,0.1,316912.0,7925000.0,2155600.0,31691.2,,86136.0000000007,False,7925000.0,24.99999999999589,0.9999999999998356,7.61985302416047e-24,hypothetical scenario
gaussian,0.274,0.1,316912.0,7925000.0,2171450.0,31691.2,,86770.00000000081,False,7924999.999999999,24.999999999995232,0.9999999999998093,7.61985302416047e-24,hypothetical scenario
gaussian,0.276,0.1,316912.0,7925000.0,2187300.0,31691.2,,87404.00000000093,False,7925000.0,24.999999999994476,0.9999999999997791,7.61985302416047e-24,hypothetical scenario
gaussian,0.278,0.1,316912.0,7925000.0,2203150.0,31691.2,,88038.00000000108,False,7925000.0,24.999999999993598,0.9999999999997439,7.61985302416047e-24,hypothetical scenario
gaussian,0.28,0.1,316912.0,7925000.0,2219000.0,31691.2,,88672.00000000125,False,7925000.0,24.999999999992582,0.9999999999997032,7.61985302416047e-24,hypothetical scenario
gaussian,0.28200000000000003,0.1,316912.0,7925000.0,2234850.0,31691.2,,89306.00000000146,False,7925000.0,24.999999999991413,0.9999999999996565,7.61985302416047e-24,hypothetical scenario
gaussian,0.28400000000000003,0.1,316912.0,7925000.0,2250700.0000000005,31691.2,,89940.00000000166,False,7925000.0,24.99999999999006,0.9999999999996024,7.61985302416047e-24,hypothetical scenario
gaussian,0.28600000000000003,0.1,316912.0,7925000.0,2266550.0000000005,31691.2,,90574.00000000195,False,7925000.0,24.9999999999885,0.99999999999954,7.61985302416047e-24,hypothetical scenario
gaussian,0.28800000000000003,0.1,316912.0,7925000.0,2282400.0000000005,31691.2,,91208.0000000023,False,7925000.0,24.999999999986702,0.9999999999994681,7.61985302416047e-24,hypothetical scenario
gaussian,0.29,0.1,316912.0,7925000.0,2298250.0,31691.2,,91842.00000000265,False,7925000.0,24.999999999984627,0.999999999999385,7.61985302416047e-24,hypothetical scenario
gaussian,0.292,0.1,316912.0,7925000.0,2314100.0,31691.2,,92476.00000000309,False,7925000.0,24.999999999982233,0.9999999999992893,7.61985302416047e-24,hypothetical scenario
gaussian,0.294,0.1,316912.0,7925000.0,2329950.0,31691.2,,93110.00000000355,False,7925000.0,24.999999999979476,0.999999999999179,7.61985302416047e-24,hypothetical scenario
gaussian,0.296,0.1,316912.0,7925000.0,2345800.0,31691.2,,93744.00000000413,False,7925000.0,24.999999999976303,0.9999999999990521,7.61985302416047e-24,hypothetical scenario
gaussian,0.298,0.1,316912.0,7925000.0,2361650.0,31691.2,,94378.00000000474,False,7925000.0,24.99999999997265,0.9999999999989061,7.61985302416047e-24,hypothetical scenario
gaussian,0.3,0.1,316912.0,7925000.0,2377500.0,31691.2,,95012.00000000553,False,7924999.999999999,24.999999999968445,0.9999999999987378,7.61985302416047e-24,hypothetical scenario
gaussian,0.302,0.1,316912.0,7925000.0,2393350.0,31691.2,,95646.00000000637,False,7925000.0,24.999999999963606,0.9999999999985443,7.61985302416047e-24,hypothetical scenario
gaussian,0.304,0.1,316912.0,7925000.0,2409200.0,31691.2,,96280.00000000736,False,7925000.0,24.999999999958046,0.9999999999983218,7.61985302416047e-24,hypothetical scenario
gaussian,0.306,0.1,316912.0,7925000.0,2425050.0,31691.2,,96914.00000000856,False,7924999.999999998,24.99999999995165,0.999999999998066,7.61985302416047e-24,hypothetical scenario
gaussian,0.308,0.1,316912.0,7925000.0,2440900.0,31691.2,,97548.0000000099,False,7924999.999999998,24.999999999944304,0.9999999999977721,7.61985302416047e-24,hypothetical scenario
gaussian,0.31,0.1,316912.0,7925000.0,2456750.0,31691.2,,98182.00000001138,False,7924999.999999999,24.999999999935866,0.9999999999974346,7.61985302416047e-24,hypothetical scenario
gaussian,0.312,0.1,316912.0,7925000.0,2472600.0,31691.2,,98816.00000001315,False,7924999.999999998,24.99999999992618,0.9999999999970473,7.61985302416047e-24,hypothetical scenario
gaussian,0.314,0.1,316912.0,7925000.0,2488450.0,31691.2,,99450.00000001519,False,7924999.999999997,24.999999999915065,0.9999999999966026,7.61985302416047e-24,hypothetical scenario
gaussian,0.316,0.1,316912.0,7925000.0,2504300.0,31691.2,,100084.00000001752,False,7924999.999999997,24.99999999990231,0.9999999999960925,7.61985302416047e-24,hypothetical scenario
gaussian,0.318,0.1,316912.0,7925000.0,2520150.0,31691.2,,100718.00000002026,False,7924999.999999995,24.99999999988769,0.9999999999955077,7.61985302416047e-24,hypothetical scenario
gaussian,0.32,0.1,316912.0,7925000.0,2536000.0,31691.2,,101352.00000002334,False,7924999.9999999935,24.99999999987093,0.9999999999948372,7.61985302416047e-24,hypothetical scenario
gaussian,0.322,0.1,316912.0,7925000.0,2551850.0,31691.2,,101986.00000002689,False,7924999.999999993,24.999999999851724,0.999999999994069,7.61985302416047e-24,hypothetical scenario
gaussian,0.324,0.1,316912.0,7925000.0,2567700.0,31691.2,,102620.00000003102,False,7924999.999999991,24.99999999982973,0.9999999999931891,7.61985302416047e-24,hypothetical scenario
gaussian,0.326,0.1,316912.0,7925000.0,2583550.0,31691.2,,103254.00000003574,False,7924999.999999989,24.99999999980455,0.999999999992182,7.61985302416047e-24,hypothetical scenario
gaussian,0.328,0.1,316912.0,7925000.0,2599400.0,31691.2,,103888.00000004112,False,7924999.999999986,24.999999999775735,0.9999999999910294,7.61985302416047e-24,hypothetical scenario
gaussian,0.33,0.1,316912.0,7925000.0,2615250.0,31691.2,,104522.00000004744,False,7924999.999999981,24.999999999742773,0.9999999999897109,7.61985302416047e-24,hypothetical scenario
gaussian,0.332,0.1,316912.0,7925000.0,2631100.0,31691.2,,105156.00000005291,False,7925000.0000000205,24.999999999705082,0.9999999999882033,7.61985302416047e-24,hypothetical scenario
gaussian,0.334,0.1,316912.0,7925000.0,2646950.0,31691.2,,105790.00000006115,False,7925000.000000014,24.999999999661995,0.9999999999864798,7.61985302416047e-24,hypothetical scenario
gaussian,0.336,0.1,316912.0,7925000.0,2662800.0,31691.2,,106424.0000000706,False,7925000.0000000065,24.999999999612772,0.9999999999845108,7.61985302416047e-24,hypothetical scenario
gaussian,0.338,0.1,316912.0,7925000.0,2678650.0,31691.2,,107058.0000000814,False,7925000.0,24.99999999955655,0.999999999982262,7.61985302416047e-24,hypothetical scenario
gaussian,0.34,0.1,316912.0,7925000.0,2694500.0,31691.2,,107692.00000009345,False,7925000.0,24.999999999492367,0.9999999999796947,7.61985302416047e-24,hypothetical scenario
gaussian,0.342,0.1,316912.0,7925000.0,2710350.0,31691.2,,108326.00000010722,False,7925000.0,24.999999999419124,0.9999999999767649,7.61985302416047e-24,hypothetical scenario
gaussian,0.34400000000000003,0.1,316912.0,7925000.0,2726200.0,31691.2,,108960.00000012302,False,7925000.0,24.99999999933557,0.9999999999734228,7.61985302416047e-24,hypothetical scenario
gaussian,0.34600000000000003,0.1,316912.0,7925000.0,2742050.0000000005,31691.2,,109594.00000014104,False,7925000.0,24.999999999240295,0.9999999999696118,7.61985302416047e-24,hypothetical scenario
gaussian,0.34800000000000003,0.1,316912.0,7925000.0,2757900.0000000005,31691.2,,110228.00000016164,False,7925000.0,24.999999999131703,0.9999999999652681,7.61985302416047e-24,hypothetical scenario
gaussian,0.35000000000000003,0.1,316912.0,7925000.0,2773750.0000000005,31691.2,,110862.00000018519,False,7925000.0,24.999999999007976,0.9999999999603191,7.61985302416047e-24,hypothetical scenario
gaussian,0.352,0.1,316912.0,7925000.0,2789600.0,31691.2,,111496.00000021211,False,7925000.0,24.99999999886706,0.9999999999546825,7.61985302416047e-24,hypothetical scenario
gaussian,0.354,0.1,316912.0,7925000.0,2805450.0,31691.2,,112130.00000024281,False,7925000.0,24.999999998706638,0.9999999999482655,7.61985302416047e-24,hypothetical scenario
gaussian,0.356,0.1,316912.0,7925000.0,2821300.0,31691.2,,112764.00000027788,False,7925000.0,24.999999998524075,0.999999999940963,7.61985302416047e-24,hypothetical scenario
gaussian,0.358,0.1,316912.0,7925000.0,2837150.0,31691.2,,113398.0000003179,False,7925000.0,24.999999998316405,0.9999999999326562,7.61985302416047e-24,hypothetical scenario
gaussian,0.36,0.1,316912.0,7925000.0,2853000.0,31691.2,,114032.00000036354,False,7925000.0,24.999999998080266,0.9999999999232106,7.61985302416047e-24,hypothetical scenario
gaussian,0.362,0.1,316912.0,7925000.0,2868850.0,31691.2,,114666.00000041554,False,7925000.0,24.999999997811866,0.9999999999124747,7.61985302416047e-24,hypothetical scenario
gaussian,0.364,0.1,316912.0,7925000.0,2884700.0,31691.2,,115300.0000004748,False,7925000.0,24.99999999750691,0.9999999999002764,7.61985302416047e-24,hypothetical scenario
gaussian,0.366,0.1,316912.0,7925000.0,2900550.0,31691.2,,115934.00000054232,False,7925000.0,24.99999999716057,0.9999999998864229,7.61985302416047e-24,hypothetical scenario
gaussian,0.368,0.1,316912.0,7925000.0,2916400.0,31691.2,,116568.00000061921,False,7925000.0,24.999999996767382,0.9999999998706953,7.61985302416047e-24,hypothetical scenario
gaussian,0.37,0.1,316912.0,7925000.0,2932250.0,31691.2,,117202.00000070673,False,7925000.0,24.99999999632119,0.9999999998528476,7.61985302416047e-24,hypothetical scenario
gaussian,0.372,0.1,316912.0,7925000.0,2948100.0,31691.2,,117836.00000080632,False,7925000.0,24.99999999581505,0.9999999998326019,7.61985302416047e-24,hypothetical scenario
gaussian,0.374,0.1,316912.0,7925000.0,2963950.0,31691.2,,118470.0000009196,False,7925000.0,24.999999995241133,0.9999999998096453,7.61985302416047e-24,hypothetical scenario
gaussian,0.376,0.1,316912.0,7925000.0,2979800.0,31691.2,,119104.00000104832,False,7925000.0,24.999999994590624,0.999999999783625,7.61985302416047e-24,hypothetical scenario
gaussian,0.378,0.1,316912.0,7925000.0,2995650.0,31691.2,,119738.00000119465,False,7925000.0,24.999999993853606,0.9999999997541442,7.61985302416047e-24,hypothetical scenario
gaussian,0.38,0.1,316912.0,7925000.0,3011500.0,31691.2,,120372.00000136087,False,7925000.0,24.9999999930189,0.999999999720756,7.61985302416047e-24,hypothetical scenario
gaussian,0.382,0.1,316912.0,7925000.0,3027350.0,31691.2,,121006.00000154966,False,7925000.0,24.99999999207394,0.9999999996829575,7.61985302416047e-24,hypothetical scenario
gaussian,0.384,0.1,316912.0,7925000.0,3043200.0,31691.2,,121640.00000176395,False,7925000.0,24.999999991004586,0.9999999996401834,7.61985302416047e-24,hypothetical scenario
gaussian,0.386,0.1,316912.0,7925000.0,3059050.0,31691.2,,122274.00000200709,False,7925000.0,24.99999998979495,0.9999999995917981,7.61985302416047e-24,hypothetical scenario
gaussian,0.388,0.1,316912.0,7925000.0,3074900.0,31691.2,,122908.0000022829,False,7925000.0,24.99999998842718,0.9999999995370872,7.61985302416047e-24,hypothetical scenario
gaussian,0.39,0.1,316912.0,7925000.0,3090750.0,31691.2,,123542.0000025956,False,7925000.0,24.999999986881217,0.9999999994752486,7.61985302416047e-24,hypothetical scenario
gaussian,0.392,0.1,316912.0,7925000.0,3106600.0,31691.2,,124176.00000294996,False,7925000.0,24.99999998513455,0.999999999405382,7.61985302416047e-24,hypothetical scenario
gaussian,0.394,0.1,316912.0,7925000.0,3122450.0,31691.2,,124810.00000335145,False,7925000.0,24.999999983161906,0.9999999993264762,7.61985302416047e-24,hypothetical scenario
gaussian,0.396,0.1,316912.0,7925000.0,3138300.0,31691.2,,125444.00000380614,False,7925000.0,24.999999980934952,0.999999999237398,7.61985302416047e-24,hypothetical scenario
gaussian,0.398,0.1,316912.0,7925000.0,3154150.0,31691.2,,126078.00000432087,False,7925000.0,24.999999978421894,0.9999999991368758,7.61985302416047e-24,hypothetical scenario
gaussian,0.4,0.1,316912.0,7925000.0,3170000.0,31691.2,,126712.00000490333,False,7925000.0,24.99999997558712,0.9999999990234848,7.61985302416047e-24,hypothetical scenario
gaussian,0.402,0.1,316912.0,7925000.0,3185850.0,31691.2,,127346.00000556215,False,7925000.0,24.99999997239072,0.9999999988956288,7.61985302416047e-24,hypothetical scenario
gaussian,0.404,0.1,316912.0,7925000.0,3201700.0,31691.2,,127980.00000630712,False,7925000.0,24.999999968788007,0.9999999987515202,7.61985302416047e-24,hypothetical scenario
gaussian,0.406,0.1,316912.0,7925000.0,3217550.0,31691.2,,128614.00000714906,False,7925000.0,24.999999964728953,0.9999999985891581,7.61985302416047e-24,hypothetical scenario
gaussian,0.40800000000000003,0.1,316912.0,7925000.0,3233400.0,31691.2,,129248.00000810035,False,7925000.0,24.999999960157588,0.9999999984063035,7.61985302416047e-24,hypothetical scenario
gaussian,0.41000000000000003,0.1,316912.0,7925000.0,3249250.0000000005,31691.2,,129882.00000917475,False,7925000.0,24.999999955011308,0.9999999982004524,7.61985302416047e-24,hypothetical scenario
gaussian,0.41200000000000003,0.1,316912.0,7925000.0,3265100.0000000005,31691.2,,130516.00001038765,False,7925000.0,24.999999949220136,0.9999999979688055,7.61985302416047e-24,hypothetical scenario
gaussian,0.41400000000000003,0.1,316912.0,7925000.0,3280950.0000000005,31691.2,,131150.0000117564,False,7925000.0,24.999999942705855,0.9999999977082342,7.61985302416047e-24,hypothetical scenario
gaussian,0.41600000000000004,0.1,316912.0,7925000.0,3296800.0000000005,31691.2,,131784.00001330045,False,7925000.0,24.999999935381116,0.9999999974152446,7.61985302416047e-24,hypothetical scenario
gaussian,0.418,0.1,316912.0,7925000.0,3312650.0,31691.2,,132418.00001504156,False,7925000.0,24.999999927148377,0.999999997085935,7.61985302416047e-24,hypothetical scenario
gaussian,0.42,0.1,316912.0,7925000.0,3328500.0,31691.2,,133052.00001700406,False,7925000.0,24.999999917898784,0.9999999967159513,7.61985302416047e-24,hypothetical scenario
gaussian,0.422,0.1,316912.0,7925000.0,3344350.0,31691.2,,133686.00001921534,False,7925000.0,24.999999907510897,0.9999999963004359,7.61985302416047e-24,hypothetical scenario
gaussian,0.424,0.1,316912.0,7925000.0,3360200.0,31691.2,,134320.00002170587,False,7925000.0,24.99999989584931,0.9999999958339724,7.61985302416047e-24,hypothetical scenario
gaussian,0.426,0.1,316912.0,7925000.0,3376050.0,31691.2,,134954.0000245099,False,7925000.0,24.999999882763078,0.9999999953105231,7.61985302416047e-24,hypothetical scenario
gaussian,0.428,0.1,316912.0,7925000.0,3391900.0,31691.2,,135588.0000276656,False,7925000.0,24.99999986808404,0.9999999947233615,7.61985302416047e-24,hypothetical scenario
gaussian,0.43,0.1,316912.0,7925000.0,3407750.0,31691.2,,136222.00003121575,False,7925000.0,24.99999985162491,0.9999999940649964,7.61985302416047e-24,hypothetical scenario
gaussian,0.432,0.1,316912.0,7925000.0,3423600.0,31691.2,,136856.000035208,False,7925000.0,24.99999983317721,0.9999999933270884,7.61985302416047e-24,hypothetical scenario
gaussian,0.434,0.1,316912.0,7925000.0,3439450.0,31691.2,,137490.00003969573,False,7925000.0,24.99999981250895,0.999999992500358,7.61985302416047e-24,hypothetical scenario
gaussian,0.436,0.1,316912.0,7925000.0,3455300.0,31691.2,,138124.00004473847,False,7925000.0,24.99999978936211,0.9999999915744844,7.61985302416047e-24,hypothetical scenario
gaussian,0.438,0.1,316912.0,7925000.0,3471150.0,31691.2,,138758.00005040265,False,7924999.999999999,24.999999763449825,0.999999990537993,7.61985302416047e-24,hypothetical scenario
gaussian,0.44,0.1,316912.0,7925000.0,3487000.0,31691.2,,139392.00005676236,False,7925000.0,24.999999734453308,0.9999999893781323,7.61985302416047e-24,hypothetical scenario
gaussian,0.442,0.1,316912.0,7925000.0,3502850.0,31691.2,,140026.00006390022,False,7925000.000000001,24.99999970201843,0.9999999880807373,7.61985302416047e-24,hypothetical scenario
gaussian,0.444,0.1,316912.0,7925000.0,3518700.0,31691.2,,140660.00007190835,False,7925000.000000001,24.999999665752,0.99999998663008,7.61985302416047e-24,hypothetical scenario
gaussian,0.446,0.1,316912.0,7925000.0,3534550.0,31691.2,,141294.00008088935,False,7925000.0,24.99999962521762,0.9999999850087048,7.61985302416047e-24,hypothetical scenario
gaussian,0.448,0.1,316912.0,7925000.0,3550400.0,31691.2,,141928.0000909575,False,7925000.0,24.999999579931142,0.9999999831972457,7.61985302416047e-24,hypothetical scenario
gaussian,0.45,0.1,316912.0,7925000.0,3566250.0,31691.2,,142562.00010223995,False,7925000.0,24.9999995293557,0.9999999811742281,7.61985302416047e-24,hypothetical scenario
gaussian,0.452,0.1,316912.0,7925000.0,3582100.0,31691.2,,143196.0001148783,False,7925000.000000001,24.999999472896206,0.9999999789158482,7.61985302416047e-24,hypothetical scenario
gaussian,0.454,0.1,316912.0,7925000.0,3597950.0,31691.2,,143830.00012902994,False,7925000.0,24.99999940989331,0.9999999763957323,7.61985302416047e-24,hypothetical scenario
gaussian,0.456,0.1,316912.0,7925000.0,3613800.0,31691.2,,144464.00014487,False,7925000.0,24.99999933961679,0.9999999735846715,7.61985302416047e-24,hypothetical scenario
gaussian,0.458,0.1,316912.0,7925000.0,3629650.0,31691.2,,145098.00016259289,False,7925000.0,24.999999261258278,0.9999999704503311,7.61985302416047e-24,hypothetical scenario
gaussian,0.46,0.1,316912.0,7925000.0,3645500.0,31691.2,,145732.00018241478,False,7925000.000000001,24.99999917392329,0.9999999669569316,7.61985302416047e-24,hypothetical scenario
gaussian,0.462,0.1,316912.0,7925000.0,3661350.0,31691.2,,146366.00020457574,False,7924999.999999999,24.99999907662246,0.9999999630648984,7.61985302416047e-24,hypothetical scenario
gaussian,0.464,0.1,316912.0,7925000.0,3677200.0,31691.2,,147000.000229342,False,7924999.999999999,24.999998968261945,0.9999999587304778,7.61985302416047e-24,hypothetical scenario
gaussian,0.466,0.1,316912.0,7925000.0,3693050.0,31691.2,,147634.00025700915,False,7925000.0,24.999998847632952,0.999999953905318,7.61985302416047e-24,hypothetical scenario
gaussian,0.468,0.1,316912.0,7925000.0,3708900.0,31691.2,,148268.000287905,False,7925000.0,24.999998713400167,0.9999999485360067,7.61985302416047e-24,hypothetical scenario
gaussian,0.47000000000000003,0.1,316912.0,7925000.0,3724750.0,31691.2,,148902.0003223929,False,7925000.000000001,24.99999856408922,0.9999999425635688,7.61985302416047e-24,hypothetical scenario
gaussian,0.47200000000000003,0.1,316912.0,7925000.0,3740600.0000000005,31691.2,,149536.00036087554,False,7925000.0,24.99999839807285,0.999999935922914,7.61985302416047e-24,hypothetical scenario
gaussian,0.47400000000000003,0.1,316912.0,7925000.0,3756450.0000000005,31691.2,,150170.000403799,False,7925000.0,24.999998213555866,0.9999999285422346,7.61985302416047e-24,hypothetical scenario
gaussian,0.47600000000000003,0.1,316912.0,7925000.0,3772300.0000000005,31691.2,,150804.00045165705,False,7925000.0,24.999998008558634,0.9999999203423454,7.61985302416047e-24,hypothetical scenario
gaussian,0.47800000000000004,0.1,316912.0,7925000.0,3788150.0000000005,31691.2,,151438.0005049964,False,7925000.000000001,24.99999778089911,0.9999999112359644,7.61985302416047e-24,hypothetical scenario
gaussian,0.48,0.1,316912.0,7925000.0,3804000.0,31691.2,,152072.0005644217,False,7925000.0,24.999997528173157,0.9999999011269263,7.61985302416047e-24,hypothetical scenario
gaussian,0.482,0.1,316912.0,7925000.0,3819850.0,31691.2,,152706.00063060166,False,7925000.000000002,24.99999724773309,0.9999998899093236,7.61985302416047e-24,hypothetical scenario
gaussian,0.484,0.1,316912.0,7925000.0,3835700.0,31691.2,,153340.0007042755,False,7925000.000000002,24.99999693666428,0.9999998774665713,7.61985302416047e-24,hypothetical scenario
gaussian,0.486,0.1,316912.0,7925000.0,3851550.0,31691.2,,153974.00078625997,False,7925000.000000002,24.999996591759615,0.9999998636703846,7.61985302416047e-24,hypothetical scenario
gaussian,0.488,0.1,316912.0,7925000.0,3867400.0,31691.2,,154608.00087745718,False,7925000.000000002,24.999996209491687,0.9999998483796675,7.61985302416047e-24,hypothetical scenario
gaussian,0.49,0.1,316912.0,7925000.0,3883250.0,31691.2,,155242.00097886304,False,7925000.000000004,24.99999578598249,0.9999998314392997,7.61985302416047e-24,hypothetical scenario
gaussian,0.492,0.1,316912.0,7925000.0,3899100.0,31691.2,,155876.00109157668,False,7925000.000000004,24.99999531697041,0.9999998126788163,7.61985302416047e-24,hypothetical scenario
gaussian,0.494,0.1,316912.0,7925000.0,3914950.0,31691.2,,156510.00121681037,False,7925000.000000005,24.999994797774338,0.9999997919109735,7.61985302416047e-24,hypothetical scenario
gaussian,0.496,0.1,316912.0,7925000.0,3930800.0,31691.2,,157144.001355901,False,7925000.000000006,24.999994223254586,0.9999997689301834,7.61985302416047e-24,hypothetical scenario
gaussian,0.498,0.1,316912.0,7925000.0,3946650.0,31691.2,,157778.00151032195,False,7925000.000000009,24.999993587770437,0.9999997435108174,7.61985302416047e-24,hypothetical scenario
gaussian,0.5,0.1,316912.0,7925000.0,3962500.0,31691.2,,158412.00168169662,False,7925000.000000012,24.999992885133988,0.9999997154053595,7.61985302416047e-24,hypothetical scenario
gaussian,0.502,0.1,316912.0,7925000.0,3978350.0,31691.2,,159046.00187181262,False,7925000.000000017,24.99999210856003,0.9999996843424012,7.61985302416047e-24,hypothetical scenario
gaussian,0.504,0.1,316912.0,7925000.0,3994200.0,31691.2,,159680.00208263958,False,7924999.9999999795,24.999991250611643,0.9999996500244657,7.61985302416047e-24,hypothetical scenario
gaussian,0.506,0.1,316912.0,7925000.0,4010050.0,31691.2,,160314.0023163395,False,7924999.999999987,24.999990303141143,0.9999996121256457,7.61985302416047e-24,hypothetical scenario
gaussian,0.508,0.1,316912.0,7925000.0,4025900.0,31691.2,,160948.00257529574,False,7924999.999999996,24.99998925722606,0.9999995702890423,7.61985302416047e-24,hypothetical scenario
gaussian,0.51,0.1,316912.0,7925000.0,4041750.0,31691.2,,161582.0028621272,False,7925000.0,24.999988103099728,0.9999995241239891,7.61985302416047e-24,hypothetical scenario
gaussian,0.512,0.1,316912.0,7925000.0,4057600.0,31691.2,,162216.00317971146,False,7925000.0,24.999986830076082,0.9999994732030433,7.61985302416047e-24,hypothetical scenario
gaussian,0.514,0.1,316912.0,7925000.0,4073450.0,31691.2,,162850.00353120963,False,7925000.0,24.999985426468243,0.9999994170587297,7.61985302416047e-24,hypothetical scenario
gaussian,0.516,0.1,316912.0,7925000.0,4089300.0,31691.2,,163484.00392009298,False,7925000.0,24.99998387950036,0.9999993551800144,7.61985302416047e-24,hypothetical scenario
gaussian,0.518,0.1,316912.0,7925000.0,4105150.0,31691.2,,164118.00435017145,False,7925000.0,24.99998217521229,0.9999992870084915,7.61985302416047e-24,hypothetical scenario
gaussian,0.52,0.1,316912.0,7925000.0,4121000.0,31691.2,,164752.00482562522,False,7925000.0,24.999980298356476,0.999999211934259,7.61985302416047e-24,hypothetical scenario
gaussian,0.522,0.1,316912.0,7925000.0,4136850.0,31691.2,,165386.00535103865,False,7925000.0,24.99997823228657,0.9999991292914627,7.61985302416047e-24,hypothetical scenario
gaussian,0.524,0.1,316912.0,7925000.0,4152700.0,31691.2,,166020.0059314372,False,7925000.0,24.999975958837062,0.9999990383534825,7.61985302416047e-24,hypothetical scenario
gaussian,0.526,0.1,316912.0,7925000.0,4168550.0,31691.2,,166654.00657232766,False,7925000.0,24.999973458193388,0.9999989383277356,7.61985302416047e-24,hypothetical scenario
gaussian,0.528,0.1,316912.0,7925000.0,4184400.0,31691.2,,167288.00727974167,False,7925000.0,24.999970708751718,0.9999988283500687,7.61985302416047e-24,hypothetical scenario
gaussian,0.53,0.1,316912.0,7925000.0,4200250.0,31691.2,,167922.00806028311,False,7925000.0,24.999967686967768,0.9999987074787107,7.61985302416047e-24,hypothetical scenario
gaussian,0.532,0.1,316912.0,7925000.0,4216100.0,31691.2,,168556.00892117916,False,7925000.0,24.999964367193844,0.9999985746877538,7.61985302416047e-24,hypothetical scenario
gaussian,0.534,0.1,316912.0,7925000.0,4231950.0,31691.2,,169190.00987033604,False,7925000.0,24.99996072150322,0.9999984288601289,7.61985302416047e-24,hypothetical scenario
gaussian,0.536,0.1,316912.0,7925000.0,4247800.0,31691.2,,169824.01091639895,False,7925000.0,24.99995671950109,0.9999982687800436,7.61985302416047e-24,hypothetical scenario
gaussian,0.538,0.1,316912.0,7925000.0,4263650.0,31691.2,,170458.0120688175,False,7924999.999999999,24.999952328121037,0.9999980931248414,7.61985302416047e-24,hypothetical scenario
gaussian,0.54,0.1,316912.0,7925000.0,4279500.0,31691.2,,171092.0133379159,False,7925000.0,24.999947511406173,0.9999979004562469,7.61985302416047e-24,hypothetical scenario
gaussian,0.542,0.1,316912.0,7925000.0,4295350.0,31691.2,,171726.01473496953,False,7924999.999999999,24.999942230273746,0.9999976892109498,7.61985302416047e-24,hypothetical scenario
gaussian,0.544,0.1,316912.0,7925000.0,4311200.0,31691.2,,172360.01627228703,False,7925000.0,24.999936442262246,0.9999974576904899,7.61985302416047e-24,hypothetical scenario
gaussian,0.546,0.1,316912.0,7925000.0,4327050.0,31691.2,,172994.01796329973,False,7925000.0,24.999930101259785,0.9999972040503914,7.61985302416047e-24,hypothetical scenario
gaussian,0.548,0.1,316912.0,7925000.0,4342900.0,31691.2,,173628.01982265763,False,7925000.0,24.999923157212507,0.9999969262885002,7.61985302416047e-24,hypothetical scenario
gaussian,0.55,0.1,316912.0,7925000.0,4358750.0,31691.2,,174262.0218663335,False,7925000.0,24.999915555811768,0.9999966222324708,7.61985302416047e-24,hypothetical scenario
gaussian,0.552,0.1,316912.0,7925000.0,4374600.0,31691.2,,174896.02411173473,False,7925000.000000001,24.999907238158688,0.9999962895263476,7.61985302416047e-24,hypothetical scenario
gaussian,0.554,0.1,316912.0,7925000.0,4390450.0,31691.2,,175530.02657782458,False,7925000.000000001,24.999898140404625,0.999995925616185,7.61985302416047e-24,hypothetical scenario
gaussian,0.556,0.1,316912.0,7925000.0,4406300.0,31691.2,,176164.02928525227,False,7925000.0,24.999888193366075,0.9999955277346431,7.61985302416047e-24,hypothetical scenario
gaussian,0.558,0.1,316912.0,7925000.0,4422150.0,31691.2,,176798.03225649355,False,7925000.0,24.999877322112386,0.9999950928844954,7.61985302416047e-24,hypothetical scenario
gaussian,0.56,0.1,316912.0,7925000.0,4438000.0,31691.2,,177432.03551600198,False,7925000.0,24.999865445524595,0.9999946178209838,7.61985302416047e-24,hypothetical scenario
gaussian,0.562,0.1,316912.0,7925000.0,4453850.0,31691.2,,178066.03909037187,False,7925000.000000001,24.999852475823648,0.9999940990329459,7.61985302416047e-24,hypothetical scenario
gaussian,0.5640000000000001,0.1,316912.0,7925000.0,4469700.0,31691.2,,178700.0430085135,False,7925000.0,24.999838318066107,0.9999935327226442,7.61985302416047e-24,hypothetical scenario
gaussian,0.5660000000000001,0.1,316912.0,7925000.0,4485550.0,31691.2,,179334.04730184135,False,7925000.0,24.999822869605453,0.9999929147842181,7.61985302416047e-24,hypothetical scenario
gaussian,0.5680000000000001,0.1,316912.0,7925000.0,4501400.000000001,31691.2,,179968.05200447707,False,7925000.0,24.999806019516903,0.9999922407806762,7.61985302416047e-24,hypothetical scenario
gaussian,0.5700000000000001,0.1,316912.0,7925000.0,4517250.000000001,31691.2,,180602.0571534668,False,7925000.0,24.999787647983624,0.9999915059193449,7.61985302416047e-24,hypothetical scenario
gaussian,0.5720000000000001,0.1,316912.0,7925000.0,4533100.000000001,31691.2,,181236.0627890152,False,7925000.0,24.99976762564215,0.999990705025686,7.61985302416047e-24,hypothetical scenario
gaussian,0.5740000000000001,0.1,316912.0,7925000.0,4548950.000000001,31691.2,,181870.06895473623,False,7925000.000000001,24.99974581288461,0.9999898325153843,7.61985302416047e-24,hypothetical scenario
gaussian,0.5760000000000001,0.1,316912.0,7925000.0,4564800.000000001,31691.2,,182504.0756979222,False,7925000.0,24.999722059115363,0.9999888823646146,7.61985302416047e-24,hypothetical scenario
gaussian,0.578,0.1,316912.0,7925000.0,4580650.0,31691.2,,183138.0830698325,False,7925000.0,24.99969620195955,0.999987848078382,7.61985302416047e-24,hypothetical scenario
gaussian,0.58,0.1,316912.0,7925000.0,4596500.0,31691.2,,183772.0911260031,False,7925000.0,24.999668066420824,0.999986722656833,7.61985302416047e-24,hypothetical scenario
gaussian,0.582,0.1,316912.0,7925000.0,4612350.0,31691.2,,184406.0999265777,False,7925000.0,24.99963746398558,0.9999854985594232,7.61985302416047e-24,hypothetical scenario
gaussian,0.584,0.1,316912.0,7925000.0,4628200.0,31691.2,,185040.10953666276,False,7925000.0,24.99960419167082,0.9999841676668327,7.61985302416047e-24,hypothetical scenario
gaussian,0.586,0.1,316912.0,7925000.0,4644050.0,31691.2,,185674.1200267071,False,7925000.0,24.99956803101262,0.9999827212405047,7.61985302416047e-24,hypothetical scenario
gaussian,0.588,0.1,316912.0,7925000.0,4659900.0,31691.2,,186308.13147290808,False,7925000.000000001,24.99952874699219,0.9999811498796877,7.61985302416047e-24,hypothetical scenario
gaussian,0.59,0.1,316912.0,7925000.0,4675750.0,31691.2,,186942.14395764616,False,7925000.0,24.999486086896272,0.9999794434758509,7.61985302416047e-24,hypothetical scenario
gaussian,0.592,0.1,316912.0,7925000.0,4691600.0,31691.2,,187576.1575699486,False,7925000.000000001,24.999439779108563,0.9999775911643425,7.61985302416047e-24,hypothetical scenario
gaussian,0.594,0.1,316912.0,7925000.0,4707450.0,31691.2,,188210.1724059854,False,7925000.0,24.999389531828772,0.9999755812731509,7.61985302416047e-24,hypothetical scenario
gaussian,0.596,0.1,316912.0,7925000.0,4723300.0,31691.2,,188844.18856959813,False,7925000.0,24.99933503171572,0.9999734012686288,7.61985302416047e-24,hypothetical scenario
gaussian,0.598,0.1,316912.0,7925000.0,4739150.0,31691.2,,189478.20617286483,False,7925000.000000001,24.999275942450836,0.9999710376980334,7.61985302416047e-24,hypothetical scenario
gaussian,0.6,0.1,316912.0,7925000.0,4755000.0,31691.2,,190112.22533670202,False,7925000.000000001,24.99921190321832,0.9999684761287329,7.61985302416047e-24,hypothetical scenario
gaussian,0.602,0.1,316912.0,7925000.0,4770850.0,31691.2,,190746.24619150627,False,7925000.0,24.999142527097973,0.9999657010839189,7.61985302416047e-24,hypothetical scenario
gaussian,0.604,0.1,316912.0,7925000.0,4786700.0,31691.2,,191380.26887783816,False,7925000.0,24.999067399366826,0.999962695974673,7.61985302416047e-24,hypothetical scenario
gaussian,0.606,0.1,316912.0,7925000.0,4802550.0,31691.2,,192014.29354715042,False,7925000.0,24.99898607570536,0.9999594430282144,7.61985302416047e-24,hypothetical scenario
gaussian,0.608,0.1,316912.0,7925000.0,4818400.0,31691.2,,192648.3203625626,False,7925000.0,24.99889808030415,0.9999559232121661,7.61985302416047e-24,hypothetical scenario
gaussian,0.61,0.1,316912.0,7925000.0,4834250.0,31691.2,,193282.34949968563,False,7925000.0,24.998802903866597,0.9999521161546638,7.61985302416047e-24,hypothetical scenario
gaussian,0.612,0.1,316912.0,7925000.0,4850100.0,31691.2,,193916.38114749803,False,7925000.0,24.998700001503302,0.9999480000601321,7.61985302416047e-24,hypothetical scenario
gaussian,0.614,0.1,316912.0,7925000.0,4865950.0,31691.2,,194550.41550927758,False,7925000.0,24.998588790513608,0.9999435516205444,7.61985302416047e-24,hypothetical scenario
gaussian,0.616,0.1,316912.0,7925000.0,4881800.0,31691.2,,195184.45280359013,False,7925000.0,24.99846864804967,0.9999387459219868,7.61985302416047e-24,hypothetical scenario
gaussian,0.618,0.1,316912.0,7925000.0,4897650.0,31691.2,,195818.4932653402,False,7924999.999999999,24.99833890865834,0.9999335563463336,7.61985302416047e-24,hypothetical scenario
gaussian,0.62,0.1,316912.0,7925000.0,4913500.0,31691.2,,196452.53714688504,False,7924999.999999998,24.99819886169612,0.9999279544678449,7.61985302416047e-24,hypothetical scenario
gaussian,0.622,0.1,316912.0,7925000.0,4929350.0,31691.2,,197086.58471921628,False,7924999.999999997,24.998047748612308,0.9999219099444923,7.61985302416047e-24,hypothetical scenario
gaussian,0.624,0.1,316912.0,7925000.0,4945200.0,31691.2,,197720.63627321264,False,7924999.999999996,24.997884760095392,0.9999153904038157,7.61985302416047e-24,hypothetical scenario
gaussian,0.626,0.1,316912.0,7925000.0,4961050.0,31691.2,,198354.69212096682,False,7924999.999999995,24.997709033077793,0.9999083613231118,7.61985302416047e-24,hypothetical scenario
gaussian,0.628,0.1,316912.0,7925000.0,4976900.0,31691.2,,198988.75259719059,False,7924999.999999993,24.997519647593798,0.9999007859037519,7.61985302416047e-24,hypothetical scenario
gaussian,0.63,0.1,316912.0,7925000.0,4992750.0,31691.2,,199622.81806070177,False,7924999.99999999,24.997315623485726,0.999892624939429,7.61985302416047e-24,hypothetical scenario
gaussian,0.632,0.1,316912.0,7925000.0,5008600.0,31691.2,,200256.88889599722,False,7924999.999999985,24.997095916953153,0.9998838366781261,7.61985302416047e-24,hypothetical scenario
gaussian,0.634,0.1,316912.0,7925000.0,5024450.0,31691.2,,200890.96551491413,False,7925000.000000018,24.99685941694009,0.9998743766776036,7.61985302416047e-24,hypothetical scenario
gaussian,0.636,0.1,316912.0,7925000.0,5040300.0,31691.2,,201525.04835839357,False,7925000.000000007,24.99660494135498,0.9998641976541992,7.61985302416047e-24,hypothetical scenario
gaussian,0.638,0.1,316912.0,7925000.0,5056150.0,31691.2,,202159.1378983264,False,7925000.0,24.9963312331184,0.9998532493247361,7.61985302416047e-24,hypothetical scenario
gaussian,0.64,0.1,316912.0,7925000.0,5072000.0,31691.2,,202793.23463951855,False,7925000.000000009,24.996036956033304,0.9998414782413322,7.61985302416047e-24,hypothetical scenario
gaussian,0.642,0.1,316912.0,7925000.0,5087850.0,31691.2,,203427.3391217578,False,7925000.000000013,24.9957206904728,0.999828827618912,7.61985302416047e-24,hypothetical scenario
gaussian,0.644,0.1,316912.0,7925000.0,5103700.0,31691.2,,204061.4519219906,False,7925000.000000019,24.99538092888033,0.9998152371552131,7.61985302416047e-24,hypothetical scenario
gaussian,0.646,0.1,316912.0,7925000.0,5119550.0,31691.2,,204695.57365662174,False,7924999.999999986,24.995016071077377,0.9998006428430951,7.61985302416047e-24,hypothetical scenario
gaussian,0.648,0.1,316912.0,7925000.0,5135400.0,31691.2,,205329.70498392696,False,7924999.999999998,24.99462441937372,0.9997849767749488,7.61985302416047e-24,hypothetical scenario
gaussian,0.65,0.1,316912.0,7925000.0,5151250.0,31691.2,,205963.8466066105,False,7925000.0,24.994204173475477,0.999768166939019,7.61985302416047e-24,hypothetical scenario
gaussian,0.652,0.1,316912.0,7925000.0,5167100.0,31691.2,,206597.9992744775,False,7925000.0,24.993753425186213,0.9997501370074485,7.61985302416047e-24,hypothetical scenario
gaussian,0.654,0.1,316912.0,7925000.0,5182950.0,31691.2,,207232.16378725567,False,7925000.0,24.993270152896567,0.9997308061158627,7.61985302416047e-24,hypothetical scenario
gaussian,0.656,0.1,316912.0,7925000.0,5198800.0,31691.2,,207866.3409975583,False,7925000.0,24.992752215857987,0.9997100886343194,7.61985302416047e-24,hypothetical scenario
gaussian,0.658,0.1,316912.0,7925000.0,5214650.0,31691.2,,208500.5318139973,False,7925000.0,24.9921973482363,0.999687893929452,7.61985302416047e-24,hypothetical scenario
gaussian,0.66,0.1,316912.0,7925000.0,5230500.0,31691.2,,209134.73720445263,False,7925000.0,24.99160315294107,0.9996641261176429,7.61985302416047e-24,hypothetical scenario
gaussian,0.662,0.1,316912.0,7925000.0,5246350.0,31691.2,,209768.9581995032,False,7925000.0,24.99096709522687,0.9996386838090748,7.61985302416047e-24,hypothetical scenario
gaussian,0.664,0.1,316912.0,7925000.0,5262200.0,31691.2,,210403.19589602598,False,7925000.0,24.99028649606289,0.9996114598425155,7.61985302416047e-24,hypothetical scenario
gaussian,0.666,0.1,316912.0,7925000.0,5278050.0,31691.2,,211037.45146096975,False,7925000.0,24.9895585252674,0.9995823410106961,7.61985302416047e-24,hypothetical scenario
gaussian,0.668,0.1,316912.0,7925000.0,5293900.0,31691.2,,211671.72613530926,False,7925000.0,24.988780194404104,0.9995512077761641,7.61985302416047e-24,hypothetical scenario
gaussian,0.67,0.1,316912.0,7925000.0,5309750.0,31691.2,,212306.0212381868,False,7925000.0,24.987948349437364,0.9995179339774946,7.61985302416047e-24,hypothetical scenario
gaussian,0.672,0.1,316912.0,7925000.0,5325600.0,31691.2,,212940.33817124795,False,7925000.0,24.987059663144002,0.99948238652576,7.61985302416047e-24,hypothetical scenario
gaussian,0.674,0.1,316912.0,7925000.0,5341450.0,31691.2,,213574.67842317754,False,7925000.0,24.986110627279317,0.9994444250911727,7.61985302416047e-24,hypothetical scenario
gaussian,0.676,0.1,316912.0,7925000.0,5357300.0,31691.2,,214209.0435744436,False,7925000.0,24.98509754449557,0.9994039017798229,7.61985302416047e-24,hypothetical scenario
gaussian,0.678,0.1,316912.0,7925000.0,5373150.0,31691.2,,214843.4353022557,False,7925000.0,24.98401652001147,0.9993606608004587,7.61985302416047e-24,hypothetical scenario
gaussian,0.68,0.1,316912.0,7925000.0,5389000.0,31691.2,,215477.8553857447,False,7925000.0,24.982863453031598,0.9993145381212639,7.61985302416047e-24,hypothetical scenario
gaussian,0.682,0.1,316912.0,7925000.0,5404850.0,31691.2,,216112.3057113717,False,7925000.0,24.98163402791509,0.9992653611166036,7.61985302416047e-24,hypothetical scenario
gaussian,0.684,0.1,316912.0,7925000.0,5420700.0,31691.2,,216746.78827857273,False,7925000.0,24.980323705093344,0.9992129482037337,7.61985302416047e-24,hypothetical scenario
gaussian,0.686,0.1,316912.0,7925000.0,5436550.0,31691.2,,217381.30520564708,False,7925000.0,24.97892771173703,0.9991571084694811,7.61985302416047e-24,hypothetical scenario
gaussian,0.6880000000000001,0.1,316912.0,7925000.0,5452400.0,31691.2,,218015.85873589653,False,7924999.999999998,24.977441032173,0.99909764128692,7.61985302416047e-24,hypothetical scenario
gaussian,0.6900000000000001,0.1,316912.0,7925000.0,5468250.0,31691.2,,218650.4512440231,False,7925000.0,24.97585839805235,0.999034335922094,7.61985302416047e-24,hypothetical scenario
gaussian,0.6920000000000001,0.1,316912.0,7925000.0,5484100.000000001,31691.2,,219285.08524279323,False,7925000.0,24.97417427827116,0.9989669711308464,7.61985302416047e-24,hypothetical scenario
gaussian,0.6940000000000001,0.1,316912.0,7925000.0,5499950.000000001,31691.2,,219919.76338997524,False,7925000.0,24.972382868646257,0.9988953147458502,7.61985302416047e-24,hypothetical scenario
gaussian,0.6960000000000001,0.1,316912.0,7925000.0,5515800.000000001,31691.2,,220554.48849555943,False,7925000.0,24.97047808134845,0.998819123253938,7.61985302416047e-24,hypothetical scenario
gaussian,0.6980000000000001,0.1,316912.0,7925000.0,5531650.000000001,31691.2,,221189.26352926722,False,7925000.0,24.96845353409664,0.9987381413638655,7.61985302416047e-24,hypothetical scenario
gaussian,0.7000000000000001,0.1,316912.0,7925000.0,5547500.000000001,31691.2,,221824.09162835847,False,7925000.0,24.966302539116416,0.9986521015646567,7.61985302416047e-24,hypothetical scenario
gaussian,0.7020000000000001,0.1,316912.0,7925000.0,5563350.000000001,31691.2,,222458.97610574437,False,7925000.0,24.964018091867445,0.9985607236746978,7.61985302416047e-24,hypothetical scenario
gaussian,0.704,0.1,316912.0,7925000.0,5579200.0,31691.2,,223093.92045841462,False,7925000.0,24.961592859544467,0.9984637143817787,7.61985302416047e-24,hypothetical scenario
gaussian,0.706,0.1,316912.0,7925000.0,5595050.0,31691.2,,223728.92837618705,False,7925000.0,24.959019169357266,0.9983607667742906,7.61985302416047e-24,hypothetical scenario
gaussian,0.708,0.1,316912.0,7925000.0,5610900.0,31691.2,,224364.00375078764,False,7925000.0,24.956288996595486,0.9982515598638194,7.61985302416047e-24,hypothetical scenario
gaussian,0.71,0.1,316912.0,7925000.0,5626750.0,31691.2,,224999.1506852706,False,7925000.0,24.953393952484745,0.9981357580993898,7.61985302416047e-24,hypothetical scenario
gaussian,0.712,0.1,316912.0,7925000.0,5642600.0,31691.2,,225634.3735037858,False,7925000.0,24.95032527184101,0.9980130108736404,7.61985302416047e-24,hypothetical scenario
gaussian,0.714,0.1,316912.0,7925000.0,5658450.0,31691.2,,226269.6767617036,False,7925000.0,24.947073800530678,0.9978829520212271,7.61985302416047e-24,hypothetical scenario
gaussian,0.716,0.1,316912.0,7925000.0,5674300.0,31691.2,,226905.06525610486,False,7925000.0,24.943629982744433,0.9977451993097773,7.61985302416047e-24,hypothetical scenario
gaussian,0.718,0.1,316912.0,7925000.0,5690150.0,31691.2,,227540.54403664643,False,7924999.999999999,24.939983848093263,0.9975993539237306,7.61985302416047e-24,hypothetical scenario
gaussian,0.72,0.1,316912.0,7925000.0,5706000.0,31691.2,,228176.1184168101,False,7924999.999999999,24.936124998535636,0.9974449999414254,7.61985302416047e-24,hypothetical scenario
gaussian,0.722,0.1,316912.0,7925000.0,5721850.0,31691.2,,228811.7939855457,False,7924999.999999998,24.932042595145276,0.997281703805811,7.61985302416047e-24,hypothetical scenario
gaussian,0.724,0.1,316912.0,7925000.0,5737700.0,31691.2,,229447.57661931711,False,7924999.999999998,24.927725344729268,0.9971090137891707,7.61985302416047e-24,hypothetical scenario
gaussian,0.726,0.1,316912.0,7925000.0,5753550.0,31691.2,,230083.4724945617,False,7924999.999999996,24.92316148630678,0.9969264594522711,7.61985302416047e-24,hypothetical scenario
gaussian,0.728,0.1,316912.0,7925000.0,5769400.0,31691.2,,230719.48810057284,False,7924999.999999993,24.91833877745897,0.9967335510983588,7.61985302416047e-24,hypothetical scenario
gaussian,0.73,0.1,316912.0,7925000.0,5785250.0,31691.2,,231355.63025281654,False,7924999.999999988,24.91324448056099,0.9965297792224397,7.61985302416047e-24,hypothetical scenario
gaussian,0.732,0.1,316912.0,7925000.0,5801100.0,31691.2,,231991.90610669262,False,7924999.999999981,24.907865348907254,0.9963146139562902,7.61985302416047e-24,hypothetical scenario
gaussian,0.734,0.1,316912.0,7925000.0,5816950.0,31691.2,,232628.32317175023,False,7925000.000000011,24.90218761274143,0.9960875045096571,7.61985302416047e-24,hypothetical scenario
gaussian,0.736,0.1,316912.0,7925000.0,5832800.0,31691.2,,233264.88932637853,False,7925000.0,24.896196965202765,0.9958478786081106,7.61985302416047e-24,hypothetical scenario
gaussian,0.738,0.1,316912.0,7925000.0,5848650.0,31691.2,,233901.61283296073,False,7925000.000000001,24.889878548200663,0.9955951419280266,7.61985302416047e-24,hypothetical scenario
gaussian,0.74,0.1,316912.0,7925000.0,5864500.0,31691.2,,234538.50235353815,False,7925000.0,24.883216938229143,0.9953286775291658,7.61985302416047e-24,hypothetical scenario
gaussian,0.742,0.1,316912.0,7925000.0,5880350.0,31691.2,,235175.5669659681,False,7925000.0,24.876196132133373,0.995047845285335,7.61985302416047e-24,hypothetical scenario
gaussian,0.744,0.1,316912.0,7925000.0,5896200.0,31691.2,,235812.81618060457,False,7925000.0,24.868799532839997,0.9947519813135999,7.61985302416047e-24,hypothetical scenario
gaussian,0.746,0.1,316912.0,7925000.0,5912050.0,31691.2,,236450.25995751168,False,7925000.0,24.861009935063187,0.9944403974025274,7.61985302416047e-24,hypothetical scenario
gaussian,0.748,0.1,316912.0,7925000.0,5927900.0,31691.2,,237087.90872422536,False,7925000.0,24.85280951099806,0.9941123804399224,7.61985302416047e-24,hypothetical scenario
gaussian,0.75,0.1,316912.0,7925000.0,5943750.0,31691.2,,237725.77339407988,False,7925000.0,24.84417979601295,0.993767191840518,7.61985302416047e-24,hypothetical scenario
gaussian,0.752,0.1,316912.0,7925000.0,5959600.0,31691.2,,238363.86538511547,False,7925000.0,24.835101674351677,0.993404066974067,7.61985302416047e-24,hypothetical scenario
gaussian,0.754,0.1,316912.0,7925000.0,5975450.0,31691.2,,239002.19663958525,False,7925000.0,24.825555364856775,0.993022214594271,7.61985302416047e-24,hypothetical scenario
gaussian,0.756,0.1,316912.0,7925000.0,5991300.0,31691.2,,239640.7796440806,False,7925000.0,24.81552040672389,0.9926208162689556,7.61985302416047e-24,hypothetical scenario
gaussian,0.758,0.1,316912.0,7925000.0,6007150.0,31691.2,,240279.627450295,False,7925000.0,24.804975645297482,0.9921990258118992,7.61985302416047e-24,hypothetical scenario
gaussian,0.76,0.1,316912.0,7925000.0,6023000.0,31691.2,,240918.75369644753,False,7925000.0,24.79389921791693,0.9917559687166773,7.61985302416047e-24,hypothetical scenario
gaussian,0.762,0.1,316912.0,7925000.0,6038850.0,31691.2,,241558.1726293898,False,7925000.0,24.78226853982191,0.9912907415928764,7.61985302416047e-24,hypothetical scenario
gaussian,0.764,0.1,316912.0,7925000.0,6054700.0,31691.2,,242197.89912741986,False,7925000.0,24.770060290124754,0.9908024116049902,7.61985302416047e-24,hypothetical scenario
gaussian,0.766,0.1,316912.0,7925000.0,6070550.0,31691.2,,242837.94872382982,False,7925000.0,24.757250397857067,0.9902900159142827,7.61985302416047e-24,hypothetical scenario
gaussian,0.768,0.1,316912.0,7925000.0,6086400.0,31691.2,,243478.3376312151,False,7925000.0,24.74381402809663,0.9897525611238652,7.61985302416047e-24,hypothetical scenario
gaussian,0.77,0.1,316912.0,7925000.0,6102250.0,31691.2,,244119.08276657521,False,7925000.0,24.729725568179887,0.9891890227271954,7.61985302416047e-24,hypothetical scenario
gaussian,0.772,0.1,316912.0,7925000.0,6118100.0,31691.2,,244760.20177723817,False,7925000.0,24.714958614004026,0.988598344560161,7.61985302416047e-24,hypothetical scenario
gaussian,0.774,0.1,316912.0,7925000.0,6133950.0,31691.2,,245401.7130676433,False,7925000.0,24.699485956421636,0.9879794382568654,7.61985302416047e-24,hypothetical scenario
gaussian,0.776,0.1,316912.0,7925000.0,6149800.0,31691.2,,246043.63582701917,False,7925000.0,24.68327956772965,0.987331182709186,7.61985302416047e-24,hypothetical scenario
gaussian,0.778,0.1,316912.0,7925000.0,6165650.0,31691.2,,246685.99005799677,False,7925000.0,24.66631058825283,0.9866524235301132,7.61985302416047e-24,hypothetical scenario
gaussian,0.78,0.1,316912.0,7925000.0,6181500.0,31691.2,,247328.7966062001,False,7925000.0,24.648549313020833,0.9859419725208334,7.61985302416047e-24,hypothetical scenario
gaussian,0.782,0.1,316912.0,7925000.0,6197350.0,31691.2,,247972.07719086096,False,7925000.0,24.629965178536104,0.9851986071414441,7.61985302416047e-24,hypothetical scenario
gaussian,0.784,0.1,316912.0,7925000.0,6213200.0,31691.2,,248615.85443650646,False,7924999.999999999,24.610526749628598,0.9844210699851439,7.61985302416047e-24,hypothetical scenario
gaussian,0.786,0.1,316912.0,7925000.0,6229050.0,31691.2,,249260.15190577303,False,7924999.999999999,24.590201706391262,0.9836080682556505,7.61985302416047e-24,hypothetical scenario
gaussian,0.788,0.1,316912.0,7925000.0,6244900.0,31691.2,,249904.99413340387,False,7924999.999999998,24.56895683118873,0.9827582732475492,7.61985302416047e-24,hypothetical scenario
gaussian,0.79,0.1,316912.0,7925000.0,6260750.0,31691.2,,250550.40666149132,False,7924999.999999996,24.546757995729664,0.9818703198291865,7.61985302416047e-24,hypothetical scenario
gaussian,0.792,0.1,316912.0,7925000.0,6276600.0,31691.2,,251196.4160760303,False,7924999.999999993,24.523570148191318,0.9809428059276527,7.61985302416047e-24,hypothetical scenario
gaussian,0.794,0.1,316912.0,7925000.0,6292450.0,31691.2,,251843.05004485446,False,7924999.999999986,24.49935730038273,0.9799742920153092,7.61985302416047e-24,hypothetical scenario
gaussian,0.796,0.1,316912.0,7925000.0,6308300.0,31691.2,,252490.33735702978,False,7925000.000000012,24.474082514931066,0.9789633005972427,7.61985302416047e-24,hypothetical scenario
gaussian,0.798,0.1,316912.0,7925000.0,6324150.0,31691.2,,253138.3079637975,False,7925000.0,24.447707892472827,0.9779083156989131,7.61985302416047e-24,hypothetical scenario
gaussian,0.8,0.1,316912.0,7925000.0,6340000.0,31691.2,,253786.99302113266,False,7925000.0,24.420194558830694,0.9768077823532277,7.61985302416047e-24,hypothetical scenario
gaussian,0.802,0.1,316912.0,7925000.0,6355850.0,31691.2,,254436.42493404602,False,7925000.0,24.391502652152127,0.9756601060860851,7.61985302416047e-24,hypothetical scenario
gaussian,0.804,0.1,316912.0,7925000.0,6371700.0,31691.2,,255086.6374027057,False,7925000.0,24.36159130998579,0.9744636523994317,7.61985302416047e-24,hypothetical scenario
gaussian,0.806,0.1,316912.0,7925000.0,6387550.0,31691.2,,255737.66547050315,False,7925000.0,24.33041865626753,0.9732167462507012,7.61985302416047e-24,hypothetical scenario
gaussian,0.808,0.1,316912.0,7925000.0,6403400.0,31691.2,,256389.54557418005,False,7925000.0,24.297941788185682,0.9719176715274273,7.61985302416047e-24,hypothetical scenario
gaussian,0.81,0.1,316912.0,7925000.0,6419250.0,31691.2,,257042.31559614552,False,7925000.0,24.264116762892574,0.9705646705157029,7.61985302416047e-24,hypothetical scenario
gaussian,0.812,0.1,316912.0,7925000.0,6435100.0,31691.2,,257696.01491912303,False,7925000.0,24.22889858402602,0.9691559433610408,7.61985302416047e-24,hypothetical scenario
gaussian,0.8140000000000001,0.1,316912.0,7925000.0,6450950.0,31691.2,,258350.68448327764,False,7925000.0,24.192241188001752,0.96768964752007,7.61985302416047e-24,hypothetical scenario
gaussian,0.8160000000000001,0.1,316912.0,7925000.0,6466800.0,31691.2,,259006.36684598535,False,7925000.0,24.15409743003442,0.9661638972013767,7.61985302416047e-24,hypothetical scenario
gaussian,0.8180000000000001,0.1,316912.0,7925000.0,6482650.000000001,31691.2,,259663.10624441976,False,7925000.0,24.114419069841546,0.9645767627936618,7.61985302416047e-24,hypothetical scenario
gaussian,0.8200000000000001,0.1,316912.0,7925000.0,6498500.000000001,31691.2,,260320.94866114538,False,7925000.0,24.07315675698142,0.9629262702792567,7.61985302416047e-24,hypothetical scenario
gaussian,0.8220000000000001,0.1,316912.0,7925000.0,6514350.000000001,31691.2,,260979.94189292108,False,7925000.0,24.03026001577216,0.9612104006308865,7.61985302416047e-24,hypothetical scenario
gaussian,0.8240000000000001,0.1,316912.0,7925000.0,6530200.000000001,31691.2,,261640.13562293485,False,7925000.0,23.985677229735664,0.9594270891894265,7.61985302416047e-24,hypothetical scenario
gaussian,0.8260000000000001,0.1,316912.0,7925000.0,6546050.000000001,31691.2,,262301.5814967079,False,7925000.0,23.93935562550582,0.9575742250202327,7.61985302416047e-24,hypothetical scenario
gaussian,0.8280000000000001,0.1,316912.0,7925000.0,6561900.000000001,31691.2,,262964.3332019265,False,7925000.0,23.891241256136645,0.9556496502454658,7.61985302416047e-24,hypothetical scenario
gaussian,0.8300000000000001,0.1,316912.0,7925000.0,6577750.000000001,31691.2,,263628.44655248,False,7925000.0,23.841278983741223,0.953651159349649,7.61985302416047e-24,hypothetical scenario
gaussian,0.8320000000000001,0.1,316912.0,7925000.0,6593600.000000001,31691.2,,264293.9795770087,False,7925000.0,23.789412461387936,0.9515764984555175,7.61985302416047e-24,hypothetical scenario
gaussian,0.834,0.1,316912.0,7925000.0,6609450.0,31691.2,,264960.99261228746,False,7925000.0,23.735584114175502,0.94942336456702,7.61985302416047e-24,hypothetical scenario
gaussian,0.836,0.1,316912.0,7925000.0,6625300.0,31691.2,,265629.54840180237,False,7925000.0,23.679735119403098,0.9471894047761239,7.61985302416047e-24,hypothetical scenario
gaussian,0.838,0.1,316912.0,7925000.0,6641150.0,31691.2,,266299.71219990397,False,7924999.999999998,23.621805385746438,0.9448722154298576,7.61985302416047e-24,hypothetical scenario
gaussian,0.84,0.1,316912.0,7925000.0,6657000.0,31691.2,,266971.5518819572,False,7924999.999999998,23.56173353134462,0.9424693412537848,7.61985302416047e-24,hypothetical scenario
gaussian,0.842,0.1,316912.0,7925000.0,6672850.0,31691.2,,267645.1380609435,False,7924999.999999995,23.499456860696373,0.939978274427855,7.61985302416047e-24,hypothetical scenario
gaussian,0.844,0.1,316912.0,7925000.0,6688700.0,31691.2,,268320.5442110086,False,7924999.999999989,23.434911340257578,0.9373964536103031,7.61985302416047e-24,hypothetical scenario
gaussian,0.846,0.1,316912.0,7925000.0,6704550.0,31691.2,,268997.8467984949,False,7925000.000000015,23.368031572624794,0.9347212629049918,7.61985302416047e-24,hypothetical scenario
gaussian,0.848,0.1,316912.0,7925000.0,6720400.0,31691.2,,269677.1254210555,False,7924999.999999999,23.298750769180636,0.9319500307672254,7.61985302416047e-24,hypothetical scenario
gaussian,0.85,0.1,316912.0,7925000.0,6736250.0,31691.2,,270358.46295546537,False,7924999.999999999,23.227000721071832,0.9290800288428733,7.61985302416047e-24,hypothetical scenario
gaussian,0.852,0.1,316912.0,7925000.0,6752100.0,31691.2,,271041.9457148668,False,7925000.0,23.152711768375568,0.9261084707350227,7.61985302416047e-24,hypothetical scenario
gaussian,0.854,0.1,316912.0,7925000.0,6767950.0,31691.2,,271727.6636161816,False,7925000.0,23.075812767306687,0.9230325106922674,7.61985302416047e-24,hypothetical scenario
gaussian,0.856,0.1,316912.0,7925000.0,6783800.0,31691.2,,272415.7103585447,False,7925000.000000001,22.99623105530265,0.9198492422121061,7.61985302416047e-24,hypothetical scenario
gaussian,0.858,0.1,316912.0,7925000.0,6799650.0,31691.2,,273106.1836136732,False,7925000.0,22.913892413813475,0.916555696552539,7.61985302416047e-24,hypothetical scenario
gaussian,0.86,0.1,316912.0,7925000.0,6815500.0,31691.2,,273799.1852291754,False,7925000.0,22.82872102861084,0.9131488411444336,7.61985302416047e-24,hypothetical scenario
gaussian,0.862,0.1,316912.0,7925000.0,6831350.0,31691.2,,274494.82144590834,False,7925000.0,22.740639447416257,0.9096255778966502,7.61985302416047e-24,hypothetical scenario
gaussian,0.864,0.1,316912.0,7925000.0,6847200.0,31691.2,,275193.20313059806,False,7925000.0,22.649568534633044,0.9059827413853218,7.61985302416047e-24,hypothetical scenario
gaussian,0.866,0.1,316912.0,7925000.0,6863050.0,31691.2,,275894.4460250617,False,7925000.0,22.555427422949954,0.9022170969179981,7.61985302416047e-24,hypothetical scenario
gaussian,0.868,0.1,316912.0,7925000.0,6878900.0,31691.2,,276598.67101350875,False,7925000.0,22.458133461565623,0.898325338462625,7.61985302416047e-24,hypothetical scenario
gaussian,0.87,0.1,316912.0,7925000.0,6894750.0,31691.2,,277306.00440955075,False,7925000.0,22.357602160762653,0.8943040864305061,7.61985302416047e-24,hypothetical scenario
gaussian,0.872,0.1,316912.0,7925000.0,6910600.0,31691.2,,278016.5782647236,False,7924999.999999999,22.253747132537377,0.8901498853014951,7.61985302416047e-24,hypothetical scenario
gaussian,0.874,0.1,316912.0,7925000.0,6926450.0,31691.2,,278730.53070051834,False,7925000.0,22.146480026966504,0.8858592010786601,7.61985302416047e-24,hypothetical scenario
gaussian,0.876,0.1,316912.0,7925000.0,6942300.0,31691.2,,279448.0062661367,False,7925000.0,22.035710463963674,0.881428418558547,7.61985302416047e-24,hypothetical scenario
gaussian,0.878,0.1,316912.0,7925000.0,6958150.0,31691.2,,280169.15632443136,False,7925000.0,21.921345960048594,0.8768538384019438,7.61985302416047e-24,hypothetical scenario
gaussian,0.88,0.1,316912.0,7925000.0,6974000.0,31691.2,,280894.13946877077,False,7925000.0,21.803291849716615,0.8721316739886646,7.61985302416047e-24,hypothetical scenario
gaussian,0.882,0.1,316912.0,7925000.0,6989850.0,31691.2,,281623.1219738817,False,7925000.000000001,21.681451200958563,0.8672580480383425,7.61985302416047e-24,hypothetical scenario
gaussian,0.884,0.1,316912.0,7925000.0,7005700.0,31691.2,,282356.2782840796,False,7925000.000000004,21.555724724437663,0.8622289889775065,7.61985302416047e-24,hypothetical scenario
gaussian,0.886,0.1,316912.0,7925000.0,7021550.0,31691.2,,283093.7915427024,False,7925000.000000013,21.426010675782734,0.8570404270313093,7.61985302416047e-24,hypothetical scenario
gaussian,0.888,0.1,316912.0,7925000.0,7037400.0,31691.2,,283835.85416702565,False,7925000.0,21.292204750402423,0.8516881900160969,7.61985302416047e-24,hypothetical scenario
gaussian,0.89,0.1,316912.0,7925000.0,7053250.0,31691.2,,284582.6684734554,False,7925000.0,21.154199970167106,0.8461679988066843,7.61985302416047e-24,hypothetical scenario
gaussian,0.892,0.1,316912.0,7925000.0,7069100.0,31691.2,,285334.4473584209,False,7925000.0,21.011886561232373,0.8404754624492949,7.61985302416047e-24,hypothetical scenario
gaussian,0.894,0.1,316912.0,7925000.0,7084950.0,31691.2,,286091.4150410455,False,7925000.0,20.86515182220781,0.8346060728883125,7.61985302416047e-24,hypothetical scenario
gaussian,0.896,0.1,316912.0,7925000.0,7100800.0,31691.2,,286853.8078744998,False,7925000.0,20.713879981782696,0.8285551992713078,7.61985302416047e-24,hypothetical scenario
gaussian,0.898,0.1,316912.0,7925000.0,7116650.0,31691.2,,287621.8752338381,False,7924999.999999999,20.557952044824837,0.8223180817929935,7.61985302416047e-24,hypothetical scenario
gaussian,0.9,0.1,316912.0,7925000.0,7132500.0,31691.2,,288395.8804891832,False,7925000.0,20.397245625856698,0.8158898250342679,7.61985302416047e-24,hypothetical scenario
gaussian,0.902,0.1,316912.0,7925000.0,7148350.0,31691.2,,289176.10207434907,False,7925000.0,20.23163476868575,0.8092653907474301,7.61985302416047e-24,hypothetical scenario
gaussian,0.904,0.1,316912.0,7925000.0,7164200.0,31691.2,,289962.8346624115,False,7925000.0,20.060989750822046,0.8024395900328818,7.61985302416047e-24,hypothetical scenario
gaussian,0.906,0.1,316912.0,7925000.0,7180050.0,31691.2,,290756.39046139945,False,7925000.0,19.885176871149362,0.7954070748459745,7.61985302416047e-24,hypothetical scenario
gaussian,0.908,0.1,316912.0,7925000.0,7195900.0,31691.2,,291557.1006452147,False,7925000.0,19.70405821912759,0.7881623287651035,7.61985302416047e-24,hypothetical scenario
gaussian,0.91,0.1,316912.0,7925000.0,7211750.0,31691.2,,292365.31693716155,False,7925000.0,19.517491423584808,0.7806996569433923,7.61985302416047e-24,hypothetical scenario
gaussian,0.912,0.1,316912.0,7925000.0,7227600.0,31691.2,,293181.41336614254,False,7924999.999999998,19.325329378906186,0.7730131751562475,7.61985302416047e-24,hypothetical scenario
gaussian,0.914,0.1,316912.0,7925000.0,7243450.0,31691.2,,294005.788218731,False,7924999.999999996,19.127419946135703,0.7650967978454282,7.61985302416047e-24,hypothetical scenario
gaussian,0.916,0.1,316912.0,7925000.0,7259300.0,31691.2,,294838.86621407204,False,7924999.999999989,18.9236056261683,0.756944225046732,7.61985302416047e-24,hypothetical scenario
gaussian,0.918,0.1,316912.0,7925000.0,7275150.0,31691.2,,295681.1009330062,False,7925000.000000004,18.71372320181809,0.7485489280727237,7.61985302416047e-24,hypothetical scenario
gaussian,0.92,0.1,316912.0,7925000.0,7291000.0,31691.2,,296532.9775381313,False,7925000.0,18.49760334508544,0.7399041338034177,7.61985302416047e-24,hypothetical scenario
gaussian,0.922,0.1,316912.0,7925000.0,7306850.0,31691.2,,297395.0158278522,False,7925000.0,18.275070185414748,0.73100280741659,7.61985302416047e-24,hypothetical scenario
gaussian,0.924,0.1,316912.0,7925000.0,7322700.0,31691.2,,298267.77367517335,False,7925000.0,18.045940834090384,0.7218376333636154,7.61985302416047e-24,hypothetical scenario
gaussian,0.926,0.1,316912.0,7925000.0,7338550.0,31691.2,,299151.85091121285,False,7925000.0,17.810024859180412,0.7124009943672165,7.61985302416047e-24,hypothetical scenario
gaussian,0.928,0.1,316912.0,7925000.0,7354400.0,31691.2,,300047.8937247015,False,7925000.0,17.56712370454364,0.7026849481817456,7.61985302416047e-24,hypothetical scenario
gaussian,0.93,0.1,316912.0,7925000.0,7370250.0,31691.2,,300956.59966247005,False,7925000.0,17.317030045361065,0.6926812018144426,7.61985302416047e-24,hypothetical scenario
gaussian,0.932,0.1,316912.0,7925000.0,7386100.0,31691.2,,301878.72333281086,False,7925000.0,17.059527071386594,0.6823810828554637,7.61985302416047e-24,hypothetical scenario
gaussian,0.934,0.1,316912.0,7925000.0,7401950.0,31691.2,,302815.08293443365,False,7925000.0,16.794387687591282,0.6717755075036513,7.61985302416047e-24,hypothetical scenario
gaussian,0.936,0.1,316912.0,7925000.0,7417800.0,31691.2,,303766.56775961124,False,7925000.0,16.52137362003598,0.6608549448014392,7.61985302416047e-24,hypothetical scenario
gaussian,0.9380000000000001,0.1,316912.0,7925000.0,7433650.0,31691.2,,304734.1468524307,False,7925000.0,16.240234412573603,0.6496093765029441,7.61985302416047e-24,hypothetical scenario
gaussian,0.9400000000000001,0.1,316912.0,7925000.0,7449500.0,31691.2,,305718.8790437167,False,7925000.0,15.950706297251394,0.6380282518900557,7.61985302416047e-24,hypothetical scenario
gaussian,0.9420000000000001,0.1,316912.0,7925000.0,7465350.000000001,31691.2,,306721.9246356639,False,7925000.0,15.65251091792656,0.6261004367170624,7.61985302416047e-24,hypothetical scenario
gaussian,0.9440000000000001,0.1,316912.0,7925000.0,7481200.000000001,31691.2,,307744.55907487636,False,7925000.0,15.345353882454852,0.613814155298194,7.61985302416047e-24,hypothetical scenario
gaussian,0.9460000000000001,0.1,316912.0,7925000.0,7497050.000000001,31691.2,,308788.18903693295,False,7925000.0,15.028923113634818,0.6011569245453927,7.61985302416047e-24,hypothetical scenario
gaussian,0.9480000000000001,0.1,316912.0,7925000.0,7512900.000000001,31691.2,,309854.3714550449,False,7925000.0,14.702886962595526,0.5881154785038211,7.61985302416047e-24,hypothetical scenario
gaussian,0.9500000000000001,0.1,316912.0,7925000.0,7528750.000000001,31691.2,,310944.83616854943,False,7925000.0,14.366892040097682,0.5746756816039073,7.61985302416047e-24,hypothetical scenario
gaussian,0.9520000000000001,0.1,316912.0,7925000.0,7544600.000000001,31691.2,,312061.51305608585,False,7925000.0,14.020560710736547,0.5608224284294618,7.61985302416047e-24,hypothetical scenario
gaussian,0.9540000000000001,0.1,316912.0,7925000.0,7560450.000000001,31691.2,,313206.5647706405,False,7925000.000000001,13.663488181545134,0.5465395272618053,7.61985302416047e-24,hypothetical scenario
gaussian,0.9560000000000001,0.1,316912.0,7925000.0,7576300.000000001,31691.2,,314382.4265341452,False,7925000.000000003,13.295239098962716,0.5318095639585086,7.61985302416047e-24,hypothetical scenario
gaussian,0.9580000000000001,0.1,316912.0,7925000.0,7592150.000000001,31691.2,,315591.85491429653,False,7925000.000000007,12.915343545108726,0.516613741804349,7.61985302416047e-24,hypothetical scenario
gaussian,0.96,0.1,316912.0,7925000.0,7608000.0,31691.2,,316837.98814957787,False,7924999.999999994,12.523292293715595,0.5009316917486238,7.61985302416047e-24,hypothetical scenario
gaussian,0.962,0.1,316912.0,7925000.0,7623850.0,31691.2,,318124.42149115587,False,7925000.0,12.11853114494708,0.4847412457978832,7.61985302416047e-24,hypothetical scenario
gaussian,0.964,0.1,316912.0,7925000.0,7639700.0,31691.2,,319455.30231677793,False,7925000.0,11.700454102255083,0.4680181640902033,7.61985302416047e-24,hypothetical scenario
gaussian,0.966,0.1,316912.0,7925000.0,7655550.0,31691.2,,320835.45163634035,False,7925000.0,11.268395076887906,0.45073580307551625,7.61985302416047e-24,hypothetical scenario
gaussian,0.968,0.1,316912.0,7925000.0,7671400.0,31691.2,,322270.52136242075,False,7925000.0,10.82161769659984,0.4328647078639936,7.61985302416047e-24,hypothetical scenario
gaussian,0.97,0.1,316912.0,7925000.0,7687250.0,31691.2,,323767.20087042224,False,7925000.0,10.359302639009812,0.41437210556039245,7.61985302416047e-24,hypothetical scenario
gaussian,0.972,0.1,316912.0,7925000.0,7703100.0,31691.2,,325333.4927776815,False,7925000.0,9.880531682030494,0.39522126728121976,7.61985302416047e-24,hypothetical scenario
gaussian,0.974,0.1,316912.0,7925000.0,7718950.0,31691.2,,326979.0880105605,False,7925000.0,9.384267323168089,0.37537069292672354,7.61985302416047e-24,hypothetical scenario
gaussian,0.976,0.1,316912.0,7925000.0,7734800.0,31691.2,,328715.8867566608,False,7925000.0,8.869326297593572,0.35477305190374286,7.61985302416047e-24,hypothetical scenario
gaussian,0.978,0.1,316912.0,7925000.0,7750650.0,31691.2,,330558.73975144606,False,7925000.0,8.334344501823976,0.33337378007295904,7.61985302416047e-24,hypothetical scenario
gaussian,0.98,0.1,316912.0,7925000.0,7766500.0,31691.2,,332526.5331124233,False,7925000.0,7.777729488082688,0.3111091795233075,7.61985302416047e-24,hypothetical scenario
gaussian,0.982,0.1,316912.0,7925000.0,7782350.0,31691.2,,334643.8291939226,False,7925000.0,7.197594421143094,0.28790377684572377,7.61985302416047e-24,hypothetical scenario
gaussian,0.984,0.1,316912.0,7925000.0,7798200.0,31691.2,,336943.4481230001,False,7924999.999999999,6.591663359382641,0.26366653437530563,7.61985302416047e-24,hypothetical scenario
gaussian,0.986,0.1,316912.0,7925000.0,7814050.0,31691.2,,339470.7284114533,False,7924999.999999999,5.957130178940615,0.23828520715762458,7.61985302416047e-24,hypothetical scenario
gaussian,0.988,0.1,316912.0,7925000.0,7829900.0,31691.2,,342290.9899570874,False,7924999.999999999,5.2904383761495355,0.2116175350459814,7.61985302416047e-24,hypothetical scenario
gaussian,0.99,0.1,316912.0,7925000.0,7845750.0,31691.2,,345503.641792129,False,7925000.0,4.58691621244948,0.18347664849797918,7.61985302416047e-24,hypothetical scenario
gaussian,0.992,0.1,316912.0,7925000.0,7861600.0,31691.2,,349271.7018175929,False,7925000.0,3.8401223904568864,0.15360489561827545,7.61985302416047e-24,hypothetical scenario
gaussian,0.994,0.1,316912.0,7925000.0,7877450.0,31691.2,,353893.08265407616,False,7925000.0,3.0405354617013285,0.12162141846805313,7.61985302416047e-24,hypothetical scenario
gaussian,0.996,0.1,316912.0,7925000.0,7893300.0,31691.2,,360015.43606653356,False,7925000.0,2.1724491922706384,0.08689796769082553,7.61985302416047e-24,hypothetical scenario
gaussian,0.998,0.1,316912.0,7925000.0,7909150.0,31691.2,,369612.42528538284,False,7925000.0,1.2040665438789389,0.04816266175515756,7.61985302416047e-24,hypothetical scenario
gaussian,1.0,0.1,316912.0,7925000.0,7925000.0,31691.2,,,True,7925000.0,0.0,0.0,7.61985302416047e-24,hypothetical scenario
gaussian,0.0,0.2,316912.0,7925000.0,0.0,63382.4,,-87.99663660675287,False,7925000.000000024,24.999992885133988,0.9999997154053595,2.866515718791933e-07,hypothetical scenario
gaussian,0.002,0.2,316912.0,7925000.0,15850.0,63382.4,,546.0035485867993,False,7925000.000000029,24.99999250653806,0.9999997002615224,2.866515718791933e-07,hypothetical scenario
gaussian,0.004,0.2,316912.0,7925000.0,31700.0,63382.4,,1180.003743625246,False,7925000.000000033,24.99999210856003,0.9999996843424012,2.866515718791933e-07,hypothetical scenario
gaussian,0.006,0.2,316912.0,7925000.0,47550.0,63382.4,,1814.003949012258,False,7925000.000000037,24.999991690249487,0.9999996676099795,2.866515718791933e-07,hypothetical scenario
gaussian,0.008,0.2,316912.0,7925000.0,63400.0,63382.4,,2448.004165279155,False,7924999.999999959,24.999991250611643,0.9999996500244657,2.866515718791933e-07,hypothetical scenario
gaussian,0.01,0.2,316912.0,7925000.0,79250.0,63382.4,,3082.0043929732637,False,7924999.9999999665,24.999990788605366,0.9999996315442147,2.866515718791933e-07,hypothetical scenario
gaussian,0.012,0.2,316912.0,7925000.0,95100.0,63382.4,,3716.004632678989,False,7924999.999999973,24.999990303141143,0.9999996121256457,2.866515718791933e-07,hypothetical scenario
gaussian,0.014,0.2,316912.0,7925000.0,110950.0,63382.4,,4350.004885005415,False,7924999.999999983,24.999989793078953,0.9999995917231581,2.866515718791933e-07,hypothetical scenario
gaussian,0.016,0.2,316912.0,7925000.0,126800.0,63382.4,,4984.005150591489,False,7924999.999999992,24.99998925722606,0.9999995702890423,2.866515718791933e-07,hypothetical scenario
gaussian,0.018000000000000002,0.2,316912.0,7925000.0,142650.00000000003,63382.4,,5618.005430107005,False,7925000.000000001,24.999988694334707,0.9999995477733883,2.866515718791933e-07,hypothetical scenario
gaussian,0.02,0.2,316912.0,7925000.0,158500.0,63382.4,,6252.0057242544135,False,7925000.0,24.999988103099728,0.9999995241239891,2.866515718791933e-07,hypothetical scenario
gaussian,0.022,0.2,316912.0,7925000.0,174350.0,63382.4,,6886.006033769168,False,7925000.000000001,24.99998748215604,0.9999994992862417,2.866515718791933e-07,hypothetical scenario
gaussian,0.024,0.2,316912.0,7925000.0,190200.0,63382.4,,7520.006359422929,False,7925000.0,24.999986830076082,0.9999994732030433,2.866515718791933e-07,hypothetical scenario
gaussian,0.026000000000000002,0.2,316912.0,7925000.0,206050.00000000003,63382.4,,8154.006702023849,False,7925000.000000001,24.999986145367075,0.999999445814683,2.866515718791933e-07,hypothetical scenario
gaussian,0.028,0.2,316912.0,7925000.0,221900.0,63382.4,,8788.00706241926,False,7925000.0,24.999985426468243,0.9999994170587297,2.866515718791933e-07,hypothetical scenario
gaussian,0.03,0.2,316912.0,7925000.0,237750.0,63382.4,,9422.007441496651,False,7925000.000000001,24.99998467174789,0.9999993868699155,2.866515718791933e-07,hypothetical scenario
gaussian,0.032,0.2,316912.0,7925000.0,253600.0,63382.4,,10056.00784018595,False,7925000.0,24.99998387950036,0.9999993551800144,2.866515718791933e-07,hypothetical scenario
gaussian,0.034,0.2,316912.0,7925000.0,269450.0,63382.4,,10690.008259461261,False,7924999.999999999,24.999983047942884,0.9999993219177153,2.866515718791933e-07,hypothetical scenario
gaussian,0.036000000000000004,0.2,316912.0,7925000.0,285300.00000000006,63382.4,,11324.008700342907,False,7925000.0,24.99998217521229,0.9999992870084915,2.866515718791933e-07,hypothetical scenario
gaussian,0.038,0.2,316912.0,7925000.0,301150.0,63382.4,,11958.00916389958,False,7925000.000000001,24.999981259361594,0.9999992503744637,2.866515718791933e-07,hypothetical scenario
gaussian,0.04,0.2,316912.0,7925000.0,317000.0,63382.4,,12592.009651250439,False,7925000.0,24.999980298356476,0.999999211934259,2.866515718791933e-07,hypothetical scenario
gaussian,0.042,0.2,316912.0,7925000.0,332850.0,63382.4,,13226.01016356732,False,7925000.000000001,24.999979290071547,0.9999991716028619,2.866515718791933e-07,hypothetical scenario
gaussian,0.044,0.2,316912.0,7925000.0,348700.0,63382.4,,13860.0107020773,False,7925000.000000001,24.99997823228657,0.9999991292914627,2.866515718791933e-07,hypothetical scenario
gaussian,0.046,0.2,316912.0,7925000.0,364550.0,63382.4,,14494.011268064729,False,7925000.000000001,24.999977122682434,0.9999990849072974,2.866515718791933e-07,hypothetical scenario
gaussian,0.048,0.2,316912.0,7925000.0,380400.0,63382.4,,15128.01186287438,False,7925000.0,24.999975958837062,0.9999990383534825,2.866515718791933e-07,hypothetical scenario
gaussian,0.05,0.2,316912.0,7925000.0,396250.0,63382.4,,15762.01248791354,False,7925000.000000001,24.999974738221084,0.9999989895288434,2.866515718791933e-07,hypothetical scenario
gaussian,0.052000000000000005,0.2,316912.0,7925000.0,412100.00000000006,63382.4,,16396.013144655328,False,7925000.0,24.999973458193388,0.9999989383277356,2.866515718791933e-07,hypothetical scenario
gaussian,0.054,0.2,316912.0,7925000.0,427950.0,63382.4,,17030.013834640908,False,7925000.000000001,24.999972115996492,0.9999988846398596,2.866515718791933e-07,hypothetical scenario
gaussian,0.056,0.2,316912.0,7925000.0,443800.0,63382.4,,17664.01455948333,False,7925000.000000001,24.999970708751718,0.9999988283500687,2.866515718791933e-07,hypothetical scenario
gaussian,0.058,0.2,316912.0,7925000.0,459650.0,63382.4,,18298.015320869978,False,7925000.000000001,24.999969233454216,0.9999987693381687,2.866515718791933e-07,hypothetical scenario
gaussian,0.06,0.2,316912.0,7925000.0,475500.0,63382.4,,18932.01612056623,False,7925000.0,24.999967686967768,0.9999987074787107,2.866515718791933e-07,hypothetical scenario
gaussian,0.062,0.2,316912.0,7925000.0,491350.0,63382.4,,19566.01696041861,False,7925000.000000001,24.999966066019415,0.9999986426407765,2.866515718791933e-07,hypothetical scenario
gaussian,0.064,0.2,316912.0,7925000.0,507200.0,63382.4,,20200.017842358327,False,7925000.0,24.999964367193844,0.9999985746877538,2.866515718791933e-07,hypothetical scenario
gaussian,0.066,0.2,316912.0,7925000.0,523050.0,63382.4,,20834.018768405484,False,7925000.000000001,24.999962586927637,0.9999985034771055,2.866515718791933e-07,hypothetical scenario
gaussian,0.068,0.2,316912.0,7925000.0,538900.0,63382.4,,21468.019740672084,False,7925000.0,24.99996072150322,0.9999984288601289,2.866515718791933e-07,hypothetical scenario
gaussian,0.07,0.2,316912.0,7925000.0,554750.0,63382.4,,22102.020761366584,False,7925000.000000001,24.999958767042642,0.9999983506817057,2.866515718791933e-07,hypothetical scenario
gaussian,0.07200000000000001,0.2,316912.0,7925000.0,570600.0000000001,63382.4,,22736.02183279791,False,7925000.000000001,24.99995671950109,0.9999982687800436,2.866515718791933e-07,hypothetical scenario
gaussian,0.074,0.2,316912.0,7925000.0,586450.0,63382.4,,23370.022957379755,False,7924999.999999999,24.999954574660187,0.9999981829864075,2.866515718791933e-07,hypothetical scenario
gaussian,0.076,0.2,316912.0,7925000.0,602300.0,63382.4,,24004.024137635017,False,7924999.999999998,24.999952328121037,0.9999980931248414,2.866515718791933e-07,hypothetical scenario
gaussian,0.078,0.2,316912.0,7925000.0,618150.0,63382.4,,24638.0253762005,False,7925000.000000001,24.999949975296992,0.9999979990118797,2.866515718791933e-07,hypothetical scenario
gaussian,0.08,0.2,316912.0,7925000.0,634000.0,63382.4,,25272.026675831818,False,7925000.0,24.999947511406173,0.9999979004562469,2.866515718791933e-07,hypothetical scenario
gaussian,0.082,0.2,316912.0,7925000.0,649850.0,63382.4,,25906.0280394085,False,7925000.000000001,24.999944931463723,0.999997797258549,2.866515718791933e-07,hypothetical scenario
gaussian,0.084,0.2,316912.0,7925000.0,665700.0,63382.4,,26540.029469939065,False,7924999.999999998,24.999942230273746,0.9999976892109498,2.866515718791933e-07,hypothetical scenario
gaussian,0.08600000000000001,0.2,316912.0,7925000.0,681550.0,63382.4,,27174.03097056644,False,7925000.000000001,24.999939402421,0.9999975760968399,2.866515718791933e-07,hypothetical scenario
gaussian,0.088,0.2,316912.0,7925000.0,697400.0,63382.4,,27808.03254457406,False,7925000.000000001,24.999936442262246,0.9999974576904899,2.866515718791933e-07,hypothetical scenario
gaussian,0.09,0.2,316912.0,7925000.0,713250.0,63382.4,,28442.03419539117,False,7925000.000000002,24.999933343917302,0.9999973337566921,2.866515718791933e-07,hypothetical scenario
gaussian,0.092,0.2,316912.0,7925000.0,729100.0,63382.4,,29076.035926599463,False,7925000.0,24.999930101259785,0.9999972040503914,2.866515718791933e-07,hypothetical scenario
gaussian,0.094,0.2,316912.0,7925000.0,744950.0,63382.4,,29710.037741939013,False,7925000.000000001,24.9999267079075,0.9999970683163,2.866515718791933e-07,hypothetical scenario
gaussian,0.096,0.2,316912.0,7925000.0,760800.0,63382.4,,30344.039645315264,False,7925000.0,24.999923157212507,0.9999969262885002,2.866515718791933e-07,hypothetical scenario
gaussian,0.098,0.2,316912.0,7925000.0,776650.0,63382.4,,30978.04164080572,False,7925000.000000002,24.999919442250825,0.999996777690033,2.866515718791933e-07,hypothetical scenario
gaussian,0.1,0.2,316912.0,7925000.0,792500.0,63382.4,,31612.043732666993,False,7925000.0,24.999915555811768,0.9999966222324708,2.866515718791933e-07,hypothetical scenario
gaussian,0.10200000000000001,0.2,316912.0,7925000.0,808350.0,63382.4,,32246.04592534236,False,7925000.000000002,24.99991149038692,0.9999964596154769,2.866515718791933e-07,hypothetical scenario
gaussian,0.10400000000000001,0.2,316912.0,7925000.0,824200.0000000001,63382.4,,32880.048223469465,False,7925000.000000002,24.999907238158688,0.9999962895263476,2.866515718791933e-07,hypothetical scenario
gaussian,0.106,0.2,316912.0,7925000.0,840050.0,63382.4,,33514.05063188827,False,7925000.000000001,24.99990279098852,0.9999961116395408,2.866515718791933e-07,hypothetical scenario
gaussian,0.108,0.2,316912.0,7925000.0,855900.0,63382.4,,34148.05315564916,False,7925000.000000002,24.999898140404625,0.999995925616185,2.866515718791933e-07,hypothetical scenario
gaussian,0.11,0.2,316912.0,7925000.0,871750.0,63382.4,,34782.055800021975,False,7925000.000000001,24.99989327758935,0.999995731103574,2.866515718791933e-07,hypothetical scenario
gaussian,0.112,0.2,316912.0,7925000.0,887600.0,63382.4,,35416.05857050454,False,7925000.0,24.999888193366075,0.9999955277346431,2.866515718791933e-07,hypothetical scenario
gaussian,0.114,0.2,316912.0,7925000.0,903450.0,63382.4,,36050.06147283211,False,7925000.000000001,24.999882878185645,0.9999953151274258,2.866515718791933e-07,hypothetical scenario
gaussian,0.116,0.2,316912.0,7925000.0,919300.0,63382.4,,36684.0645129871,False,7925000.0,24.999877322112386,0.9999950928844954,2.866515718791933e-07,hypothetical scenario
gaussian,0.11800000000000001,0.2,316912.0,7925000.0,935150.0000000001,63382.4,,37318.067697208724,False,7924999.999999999,24.9998715148096,0.999994860592384,2.866515718791933e-07,hypothetical scenario
gaussian,0.12,0.2,316912.0,7925000.0,951000.0,63382.4,,37952.071032003965,False,7925000.0,24.999865445524595,0.9999946178209838,2.866515718791933e-07,hypothetical scenario
gaussian,0.122,0.2,316912.0,7925000.0,966850.0,63382.4,,38586.074524157564,False,7924999.999999999,24.999859103073174,0.999994364122927,2.866515718791933e-07,hypothetical scenario
gaussian,0.124,0.2,316912.0,7925000.0,982700.0,63382.4,,39220.07818074373,False,7925000.000000002,24.999852475823648,0.9999940990329459,2.866515718791933e-07,hypothetical scenario
gaussian,0.126,0.2,316912.0,7925000.0,998550.0,63382.4,,39854.08200913761,False,7924999.999999999,24.99984555168026,0.9999938220672103,2.866515718791933e-07,hypothetical scenario
gaussian,0.128,0.2,316912.0,7925000.0,1014400.0,63382.4,,40488.08601702697,False,7924999.999999999,24.999838318066107,0.9999935327226442,2.866515718791933e-07,hypothetical scenario
gaussian,0.13,0.2,316912.0,7925000.0,1030250.0,63382.4,,41122.09021242487,False,7924999.999999998,24.999830761905447,0.9999932304762179,2.866515718791933e-07,hypothetical scenario
gaussian,0.132,0.2,316912.0,7925000.0,1046100.0,63382.4,,41756.09460368269,False,7924999.999999999,24.999822869605453,0.9999929147842181,2.866515718791933e-07,hypothetical scenario
gaussian,0.134,0.2,316912.0,7925000.0,1061950.0,63382.4,,42390.09919950302,False,7924999.999999999,24.999814627037345,0.9999925850814938,2.866515718791933e-07,hypothetical scenario
gaussian,0.136,0.2,316912.0,7925000.0,1077800.0,63382.4,,43024.10400895408,False,7924999.999999999,24.999806019516903,0.9999922407806762,2.866515718791933e-07,hypothetical scenario
gaussian,0.138,0.2,316912.0,7925000.0,1093650.0,63382.4,,43658.10904148343,False,7924999.999999999,24.99979703178436,0.9999918812713744,2.866515718791933e-07,hypothetical scenario
gaussian,0.14,0.2,316912.0,7925000.0,1109500.0,63382.4,,44292.11430693354,False,7925000.0,24.999787647983624,0.9999915059193449,2.866515718791933e-07,hypothetical scenario
gaussian,0.14200000000000002,0.2,316912.0,7925000.0,1125350.0000000002,63382.4,,44926.11981555651,False,7924999.999999999,24.99977785164082,0.9999911140656327,2.866515718791933e-07,hypothetical scenario
gaussian,0.14400000000000002,0.2,316912.0,7925000.0,1141200.0000000002,63382.4,,45560.12557803036,False,7925000.0,24.99976762564215,0.999990705025686,2.866515718791933e-07,hypothetical scenario
gaussian,0.146,0.2,316912.0,7925000.0,1157050.0,63382.4,,46194.13160547573,False,7924999.999999999,24.999756952211055,0.9999902780884422,2.866515718791933e-07,hypothetical scenario
gaussian,0.148,0.2,316912.0,7925000.0,1172900.0,63382.4,,46828.137909472396,False,7925000.000000002,24.99974581288461,0.9999898325153843,2.866515718791933e-07,hypothetical scenario
gaussian,0.15,0.2,316912.0,7925000.0,1188750.0,63382.4,,47462.14450207772,False,7925000.000000001,24.999734188489185,0.9999893675395675,2.866515718791933e-07,hypothetical scenario
gaussian,0.152,0.2,316912.0,7925000.0,1204600.0,63382.4,,48096.151395844354,False,7925000.0,24.999722059115363,0.9999888823646146,2.866515718791933e-07,hypothetical scenario
gaussian,0.154,0.2,316912.0,7925000.0,1220450.0,63382.4,,48730.158603839576,False,7924999.999999998,24.999709404092005,0.9999883761636802,2.866515718791933e-07,hypothetical scenario
gaussian,0.156,0.2,316912.0,7925000.0,1236300.0,63382.4,,49364.166139665,False,7924999.999999999,24.99969620195955,0.999987848078382,2.866515718791933e-07,hypothetical scenario
gaussian,0.158,0.2,316912.0,7925000.0,1252150.0,63382.4,,49998.174017476675,False,7924999.999999998,24.999682430442466,0.9999872972176986,2.866515718791933e-07,hypothetical scenario
gaussian,0.16,0.2,316912.0,7925000.0,1268000.0,63382.4,,50632.1822520062,False,7925000.0,24.999668066420824,0.999986722656833,2.866515718791933e-07,hypothetical scenario
gaussian,0.162,0.2,316912.0,7925000.0,1283850.0,63382.4,,51266.19085858273,False,7925000.000000002,24.999653085901024,0.999986123436041,2.866515718791933e-07,hypothetical scenario
gaussian,0.164,0.2,316912.0,7925000.0,1299700.0,63382.4,,51900.19985315541,False,7925000.0,24.99963746398558,0.9999854985594232,2.866515718791933e-07,hypothetical scenario
gaussian,0.166,0.2,316912.0,7925000.0,1315550.0,63382.4,,52534.209252316505,False,7924999.999999998,24.999621174842027,0.9999848469936811,2.866515718791933e-07,hypothetical scenario
gaussian,0.168,0.2,316912.0,7925000.0,1331400.0,63382.4,,53168.21907332551,False,7925000.0,24.99960419167082,0.9999841676668327,2.866515718791933e-07,hypothetical scenario
gaussian,0.17,0.2,316912.0,7925000.0,1347250.0,63382.4,,53802.22933413478,False,7924999.999999999,24.99958648667229,0.9999834594668916,2.866515718791933e-07,hypothetical scenario
gaussian,0.17200000000000001,0.2,316912.0,7925000.0,1363100.0,63382.4,,54436.24005341419,False,7925000.0,24.99956803101262,0.9999827212405047,2.866515718791933e-07,hypothetical scenario
gaussian,0.17400000000000002,0.2,316912.0,7925000.0,1378950.0000000002,63382.4,,55070.25125057885,False,7925000.000000001,24.99954879478873,0.9999819517915491,2.866515718791933e-07,hypothetical scenario
gaussian,0.176,0.2,316912.0,7925000.0,1394800.0,63382.4,,55704.26294581618,False,7925000.0,24.99952874699219,0.9999811498796877,2.866515718791933e-07,hypothetical scenario
gaussian,0.178,0.2,316912.0,7925000.0,1410650.0,63382.4,,56338.275160114514,False,7924999.999999999,24.999507855471997,0.9999803142188799,2.866515718791933e-07,hypothetical scenario
gaussian,0.18,0.2,316912.0,7925000.0,1426500.0,63382.4,,56972.28791529234,False,7925000.0,24.999486086896272,0.9999794434758509,2.866515718791933e-07,hypothetical scenario
gaussian,0.182,0.2,316912.0,7925000.0,1442350.0,63382.4,,57606.30123402938,False,7924999.999999999,24.999463406712827,0.9999785362685131,2.866515718791933e-07,hypothetical scenario
gaussian,0.184,0.2,316912.0,7925000.0,1458200.0,63382.4,,58240.315139897226,False,7925000.000000002,24.999439779108563,0.9999775911643425,2.866515718791933e-07,hypothetical scenario
gaussian,0.186,0.2,316912.0,7925000.0,1474050.0,63382.4,,58874.32965739275,False,7924999.999999999,24.999415166967704,0.9999766066787081,2.866515718791933e-07,hypothetical scenario
gaussian,0.188,0.2,316912.0,7925000.0,1489900.0,63382.4,,59508.344811970775,False,7924999.999999999,24.999389531828772,0.9999755812731509,2.866515718791933e-07,hypothetical scenario
gaussian,0.19,0.2,316912.0,7925000.0,1505750.0,63382.4,,60142.36063007961,False,7924999.999999999,24.999362833840387,0.9999745133536154,2.866515718791933e-07,hypothetical scenario
gaussian,0.192,0.2,316912.0,7925000.0,1521600.0,63382.4,,60776.377139196265,False,7924999.999999999,24.99933503171572,0.9999734012686288,2.866515718791933e-07,hypothetical scenario
gaussian,0.194,0.2,316912.0,7925000.0,1537450.0,63382.4,,61410.39436786389,False,7924999.999999999,24.999306082685692,0.9999722433074276,2.866515718791933e-07,hypothetical scenario
gaussian,0.196,0.2,316912.0,7925000.0,1553300.0,63382.4,,62044.41234572968,False,7925000.000000002,24.999275942450836,0.9999710376980334,2.866515718791933e-07,hypothetical scenario
gaussian,0.198,0.2,316912.0,7925000.0,1569150.0,63382.4,,62678.431103584735,False,7924999.999999999,24.99924456513178,0.9999697826052711,2.866515718791933e-07,hypothetical scenario
gaussian,0.2,0.2,316912.0,7925000.0,1585000.0,63382.4,,63312.45067340406,False,7925000.0,24.99921190321832,0.9999684761287329,2.866515718791933e-07,hypothetical scenario
gaussian,0.202,0.2,316912.0,7925000.0,1600850.0,63382.4,,63946.47108838949,False,7925000.0,24.99917790751714,0.9999671163006856,2.866515718791933e-07,hypothetical scenario
gaussian,0.20400000000000001,0.2,316912.0,7925000.0,1616700.0,63382.4,,64580.49238301252,False,7925000.0,24.999142527097973,0.9999657010839189,2.866515718791933e-07,hypothetical scenario
gaussian,0.20600000000000002,0.2,316912.0,7925000.0,1632550.0000000002,63382.4,,65214.5145930592,False,7924999.999999999,24.99910570923836,0.9999642283695345,2.866515718791933e-07,hypothetical scenario
gaussian,0.20800000000000002,0.2,316912.0,7925000.0,1648400.0000000002,63382.4,,65848.53775567634,False,7925000.0,24.999067399366826,0.999962695974673,2.866515718791933e-07,hypothetical scenario
gaussian,0.21,0.2,316912.0,7925000.0,1664250.0,63382.4,,66482.56190941931,False,7924999.999999999,24.99902754100454,0.9999611016401816,2.866515718791933e-07,hypothetical scenario
gaussian,0.212,0.2,316912.0,7925000.0,1680100.0,63382.4,,67116.58709430083,False,7925000.0,24.99898607570536,0.9999594430282144,2.866515718791933e-07,hypothetical scenario
gaussian,0.214,0.2,316912.0,7925000.0,1695950.0,63382.4,,67750.61335184224,False,7925000.0,24.99894294299427,0.9999577177197707,2.866515718791933e-07,hypothetical scenario
gaussian,0.216,0.2,316912.0,7925000.0,1711800.0,63382.4,,68384.64072512521,False,7924999.999999999,24.99889808030415,0.9999559232121661,2.866515718791933e-07,hypothetical scenario
gaussian,0.218,0.2,316912.0,7925000.0,1727650.0,63382.4,,69018.66925884609,False,7925000.0,24.998851422910864,0.9999540569164346,2.866515718791933e-07,hypothetical scenario
gaussian,0.22,0.2,316912.0,7925000.0,1743500.0,63382.4,,69652.69899937123,False,7925000.0,24.998802903866597,0.9999521161546638,2.866515718791933e-07,hypothetical scenario
gaussian,0.222,0.2,316912.0,7925000.0,1759350.0,63382.4,,70286.7299947945,False,7924999.999999999,24.998752453931466,0.9999500981572587,2.866515718791933e-07,hypothetical scenario
gaussian,0.224,0.2,316912.0,7925000.0,1775200.0,63382.4,,70920.7622949961,False,7925000.0,24.998700001503302,0.9999480000601321,2.866515718791933e-07,hypothetical scenario
gaussian,0.226,0.2,316912.0,7925000.0,1791050.0,63382.4,,71554.79595170377,False,7924999.999999999,24.998645472545597,0.9999458189018239,2.866515718791933e-07,hypothetical scenario
gaussian,0.228,0.2,316912.0,7925000.0,1806900.0,63382.4,,72188.83101855515,False,7924999.999999999,24.998588790513608,0.9999435516205444,2.866515718791933e-07,hypothetical scenario
gaussian,0.23,0.2,316912.0,7925000.0,1822750.0,63382.4,,72822.86755116275,False,7924999.999999999,24.998529876278518,0.9999411950511408,2.866515718791933e-07,hypothetical scenario
gaussian,0.232,0.2,316912.0,7925000.0,1838600.0,63382.4,,73456.90560718026,False,7924999.999999999,24.99846864804967,0.9999387459219868,2.866515718791933e-07,hypothetical scenario
gaussian,0.234,0.2,316912.0,7925000.0,1854450.0,63382.4,,74090.94524637144,False,7924999.999999998,24.99840502129482,0.9999362008517927,2.866515718791933e-07,hypothetical scenario
gaussian,0.23600000000000002,0.2,316912.0,7925000.0,1870300.0000000002,63382.4,,74724.98653068038,False,7924999.999999998,24.99833890865834,0.9999335563463336,2.866515718791933e-07,hypothetical scenario
gaussian,0.23800000000000002,0.2,316912.0,7925000.0,1886150.0000000002,63382.4,,75359.02952430473,False,7924999.999999998,24.998270219877426,0.9999308087950971,2.866515718791933e-07,hypothetical scenario
gaussian,0.24,0.2,316912.0,7925000.0,1902000.0,63382.4,,75993.07429377007,False,7924999.999999996,24.99819886169612,0.9999279544678449,2.866515718791933e-07,hypothetical scenario
gaussian,0.242,0.2,316912.0,7925000.0,1917850.0,63382.4,,76627.12090800743,False,7924999.999999996,24.99812473777728,0.9999249895110913,2.866515718791933e-07,hypothetical scenario
gaussian,0.244,0.2,316912.0,7925000.0,1933700.0,63382.4,,77261.16943843252,False,7924999.999999995,24.998047748612308,0.9999219099444923,2.866515718791933e-07,hypothetical scenario
gaussian,0.246,0.2,316912.0,7925000.0,1949550.0,63382.4,,77895.2199590276,False,7924999.999999995,24.997967791428714,0.9999187116571485,2.866515718791933e-07,hypothetical scenario
gaussian,0.248,0.2,316912.0,7925000.0,1965400.0,63382.4,,78529.27254642529,False,7924999.9999999935,24.997884760095392,0.9999153904038157,2.866515718791933e-07,hypothetical scenario
gaussian,0.25,0.2,316912.0,7925000.0,1981250.0,63382.4,,79163.32727999534,False,7924999.999999993,24.99779854502564,0.9999119418010255,2.866515718791933e-07,hypothetical scenario
gaussian,0.252,0.2,316912.0,7925000.0,1997100.0,63382.4,,79797.38424193364,False,7924999.999999991,24.997709033077793,0.9999083613231118,2.866515718791933e-07,hypothetical scenario
gaussian,0.254,0.2,316912.0,7925000.0,2012950.0,63382.4,,80431.44351735373,False,7924999.999999991,24.997616107453542,0.9999046442981416,2.866515718791933e-07,hypothetical scenario
gaussian,0.256,0.2,316912.0,7925000.0,2028800.0,63382.4,,81065.50519438117,False,7924999.999999986,24.997519647593798,0.9999007859037519,2.866515718791933e-07,hypothetical scenario
gaussian,0.258,0.2,316912.0,7925000.0,2044650.0,63382.4,,81699.56936425017,False,7924999.999999983,24.99741952907214,0.9998967811628856,2.866515718791933e-07,hypothetical scenario
gaussian,0.26,0.2,316912.0,7925000.0,2060500.0,63382.4,,82333.63612140357,False,7924999.9999999795,24.997315623485726,0.999892624939429,2.866515718791933e-07,hypothetical scenario
gaussian,0.262,0.2,316912.0,7925000.0,2076350.0,63382.4,,82967.70556359497,False,7924999.999999977,24.997207798343734,0.9998883119337494,2.866515718791933e-07,hypothetical scenario
gaussian,0.264,0.2,316912.0,7925000.0,2092200.0,63382.4,,83601.77779199445,False,7924999.99999997,24.997095916953153,0.9998838366781261,2.866515718791933e-07,hypothetical scenario
gaussian,0.266,0.2,316912.0,7925000.0,2108050.0,63382.4,,84235.8529112965,False,7924999.999999963,24.996979838302046,0.9998791935320819,2.866515718791933e-07,hypothetical scenario
gaussian,0.268,0.2,316912.0,7925000.0,2123900.0,63382.4,,84869.93102982824,False,7925000.000000036,24.99685941694009,0.9998743766776036,2.866515718791933e-07,hypothetical scenario
gaussian,0.27,0.2,316912.0,7925000.0,2139750.0,63382.4,,85504.01225967676,False,7925000.000000027,24.99673450285646,0.9998693801142583,2.866515718791933e-07,hypothetical scenario
gaussian,0.272,0.2,316912.0,7925000.0,2155600.0,63382.4,,86138.09671678714,False,7925000.000000014,24.99660494135498,0.9998641976541992,2.866515718791933e-07,hypothetical scenario
gaussian,0.274,0.2,316912.0,7925000.0,2171450.0,63382.4,,86772.18452109623,False,7925000.0,24.996470572926487,0.9998588229170595,2.866515718791933e-07,hypothetical scenario
gaussian,0.276,0.2,316912.0,7925000.0,2187300.0,63382.4,,87406.27579665277,False,7925000.0,24.9963312331184,0.9998532493247361,2.866515718791933e-07,hypothetical scenario
gaussian,0.278,0.2,316912.0,7925000.0,2203150.0,63382.4,,88040.37067174594,False,7925000.000000016,24.996186752401407,0.9998474700960562,2.866515718791933e-07,hypothetical scenario
gaussian,0.28,0.2,316912.0,7925000.0,2219000.0,63382.4,,88674.46927903706,False,7925000.000000019,24.996036956033304,0.9998414782413322,2.866515718791933e-07,hypothetical scenario
gaussian,0.28200000000000003,0.2,316912.0,7925000.0,2234850.0,63382.4,,89308.57175569079,False,7925000.000000022,24.995881663919878,0.9998352665567951,2.866515718791933e-07,hypothetical scenario
gaussian,0.28400000000000003,0.2,316912.0,7925000.0,2250700.0000000005,63382.4,,89942.6782435156,False,7925000.000000026,24.9957206904728,0.999828827618912,2.866515718791933e-07,hypothetical scenario
gaussian,0.28600000000000003,0.2,316912.0,7925000.0,2266550.0000000005,63382.4,,90576.78888910462,False,7925000.000000032,24.995553844464567,0.9998221537785826,2.866515718791933e-07,hypothetical scenario
gaussian,0.28800000000000003,0.2,316912.0,7925000.0,2282400.0000000005,63382.4,,91210.90384398121,False,7925000.000000037,24.99538092888033,0.9998152371552131,2.866515718791933e-07,hypothetical scenario
gaussian,0.29,0.2,316912.0,7925000.0,2298250.0,63382.4,,91845.0232647513,False,7924999.999999964,24.9952017407667,0.9998080696306679,2.866515718791933e-07,hypothetical scenario
gaussian,0.292,0.2,316912.0,7925000.0,2314100.0,63382.4,,92479.14731324345,False,7924999.999999973,24.995016071077377,0.9998006428430951,2.866515718791933e-07,hypothetical scenario
gaussian,0.294,0.2,316912.0,7925000.0,2329950.0,63382.4,,93113.27615668584,False,7924999.999999982,24.994823704515657,0.9997929481806263,2.866515718791933e-07,hypothetical scenario
gaussian,0.296,0.2,316912.0,7925000.0,2345800.0,63382.4,,93747.40996785392,False,7924999.999999995,24.99462441937372,0.9997849767749488,2.866515718791933e-07,hypothetical scenario
gaussian,0.298,0.2,316912.0,7925000.0,2361650.0,63382.4,,94381.54892523983,False,7925000.000000001,24.994417987368706,0.9997767194947482,2.866515718791933e-07,hypothetical scenario
gaussian,0.3,0.2,316912.0,7925000.0,2377500.0,63382.4,,95015.69321322098,False,7925000.0,24.994204173475477,0.999768166939019,2.866515718791933e-07,hypothetical scenario
gaussian,0.302,0.2,316912.0,7925000.0,2393350.0,63382.4,,95649.84302223427,False,7925000.000000001,24.993982735756155,0.9997593094302463,2.866515718791933e-07,hypothetical scenario
gaussian,0.304,0.2,316912.0,7925000.0,2409200.0,63382.4,,96283.99854895502,False,7925000.0,24.993753425186213,0.9997501370074485,2.866515718791933e-07,hypothetical scenario
gaussian,0.306,0.2,316912.0,7925000.0,2425050.0,63382.4,,96918.15999647923,False,7925000.0,24.993515985477295,0.9997406394190917,2.866515718791933e-07,hypothetical scenario
gaussian,0.308,0.2,316912.0,7925000.0,2440900.0,63382.4,,97552.32757451135,False,7925000.0,24.993270152896567,0.9997308061158627,2.866515718791933e-07,hypothetical scenario
gaussian,0.31,0.2,316912.0,7925000.0,2456750.0,63382.4,,98186.50149955638,False,7925000.0,24.993015656082626,0.999720626243305,2.866515718791933e-07,hypothetical scenario
gaussian,0.312,0.2,316912.0,7925000.0,2472600.0,63382.4,,98820.68199511658,False,7925000.0,24.992752215857987,0.9997100886343194,2.866515718791933e-07,hypothetical scenario
gaussian,0.314,0.2,316912.0,7925000.0,2488450.0,63382.4,,99454.86929189347,False,7925000.0,24.992479545038005,0.9996991818015202,2.866515718791933e-07,hypothetical scenario
gaussian,0.316,0.2,316912.0,7925000.0,2504300.0,63382.4,,100089.06362799459,False,7925000.000000001,24.9921973482363,0.999687893929452,2.866515718791933e-07,hypothetical scenario
gaussian,0.318,0.2,316912.0,7925000.0,2520150.0,63382.4,,100723.26524914519,False,7925000.0,24.991905321666618,0.9996762128666647,2.866515718791933e-07,hypothetical scenario
gaussian,0.32,0.2,316912.0,7925000.0,2536000.0,63382.4,,101357.47440890525,False,7925000.000000001,24.99160315294107,0.9996641261176429,2.866515718791933e-07,hypothetical scenario
gaussian,0.322,0.2,316912.0,7925000.0,2551850.0,63382.4,,101991.69136889183,False,7925000.0,24.99129052086478,0.9996516208345912,2.866515718791933e-07,hypothetical scenario
gaussian,0.324,0.2,316912.0,7925000.0,2567700.0,63382.4,,102625.91639900638,False,7925000.0,24.99096709522687,0.9996386838090748,2.866515718791933e-07,hypothetical scenario
gaussian,0.326,0.2,316912.0,7925000.0,2583550.0,63382.4,,103260.14977766803,False,7925000.0,24.990632536587785,0.9996253014635115,2.866515718791933e-07,hypothetical scenario
gaussian,0.328,0.2,316912.0,7925000.0,2599400.0,63382.4,,103894.39179205199,False,7925000.0,24.99028649606289,0.9996114598425155,2.866515718791933e-07,hypothetical scenario
gaussian,0.33,0.2,316912.0,7925000.0,2615250.0,63382.4,,104528.64273833385,False,7925000.000000001,24.989928615102375,0.999597144604095,2.866515718791933e-07,hypothetical scenario
gaussian,0.332,0.2,316912.0,7925000.0,2631100.0,63382.4,,105162.9029219395,False,7925000.000000001,24.9895585252674,0.9995823410106961,2.866515718791933e-07,hypothetical scenario
gaussian,0.334,0.2,316912.0,7925000.0,2646950.0,63382.4,,105797.17265780107,False,7925000.0,24.989175848002493,0.9995670339200997,2.866515718791933e-07,hypothetical scenario
gaussian,0.336,0.2,316912.0,7925000.0,2662800.0,63382.4,,106431.45227061852,False,7925000.0,24.988780194404104,0.9995512077761641,2.866515718791933e-07,hypothetical scenario
gaussian,0.338,0.2,316912.0,7925000.0,2678650.0,63382.4,,107065.74209512753,False,7925000.0,24.98837116498543,0.9995348465994173,2.866515718791933e-07,hypothetical scenario
gaussian,0.34,0.2,316912.0,7925000.0,2694500.0,63382.4,,107700.04247637364,False,7925000.0,24.987948349437364,0.9995179339774946,2.866515718791933e-07,hypothetical scenario
gaussian,0.342,0.2,316912.0,7925000.0,2710350.0,63382.4,,108334.35376999233,False,7925000.0,24.98751132638562,0.9995004530554248,2.866515718791933e-07,hypothetical scenario
gaussian,0.34400000000000003,0.2,316912.0,7925000.0,2726200.0,63382.4,,108968.67634249589,False,7925000.0,24.987059663144002,0.99948238652576,2.866515718791933e-07,hypothetical scenario
gaussian,0.34600000000000003,0.2,316912.0,7925000.0,2742050.0000000005,63382.4,,109603.01057156626,False,7925000.0,24.986592915463802,0.999463716618552,2.866515718791933e-07,hypothetical scenario
gaussian,0.34800000000000003,0.2,316912.0,7925000.0,2757900.0000000005,63382.4,,110237.35684635508,False,7925000.0,24.986110627279317,0.9994444250911727,2.866515718791933e-07,hypothetical scenario
gaussian,0.35000000000000003,0.2,316912.0,7925000.0,2773750.0000000005,63382.4,,110871.7155677898,False,7925000.0,24.985612330449477,0.9994244932179791,2.866515718791933e-07,hypothetical scenario
gaussian,0.352,0.2,316912.0,7925000.0,2789600.0,63382.4,,111506.08714888722,False,7925000.0,24.98509754449557,0.9994039017798229,2.866515718791933e-07,hypothetical scenario
gaussian,0.354,0.2,316912.0,7925000.0,2805450.0,63382.4,,112140.47201507355,False,7924999.999999998,24.984565776335053,0.9993826310534021,2.866515718791933e-07,hypothetical scenario
gaussian,0.356,0.2,316912.0,7925000.0,2821300.0,63382.4,,112774.87060451141,False,7924999.999999999,24.98401652001147,0.9993606608004587,2.866515718791933e-07,hypothetical scenario
gaussian,0.358,0.2,316912.0,7925000.0,2837150.0,63382.4,,113409.28336843458,False,7925000.0,24.98344925642041,0.9993379702568164,2.866515718791933e-07,hypothetical scenario
gaussian,0.36,0.2,316912.0,7925000.0,2853000.0,63382.4,,114043.7107714894,False,7925000.0,24.982863453031598,0.9993145381212639,2.866515718791933e-07,hypothetical scenario
gaussian,0.362,0.2,316912.0,7925000.0,2868850.0,63382.4,,114678.15329208373,False,7925000.0,24.982258563607008,0.9992903425442803,2.866515718791933e-07,hypothetical scenario
gaussian,0.364,0.2,316912.0,7925000.0,2884700.0,63382.4,,115312.61142274344,False,7925000.0,24.98163402791509,0.9992653611166036,2.866515718791933e-07,hypothetical scenario
gaussian,0.366,0.2,316912.0,7925000.0,2900550.0,63382.4,,115947.08567047666,False,7925000.0,24.98098927144107,0.9992395708576428,2.866515718791933e-07,hypothetical scenario
gaussian,0.368,0.2,316912.0,7925000.0,2916400.0,63382.4,,116581.57655714545,False,7925000.0,24.980323705093344,0.9992129482037337,2.866515718791933e-07,hypothetical scenario
gaussian,0.37,0.2,316912.0,7925000.0,2932250.0,63382.4,,117216.08461984561,False,7925000.0,24.97963672490592,0.9991854689962367,2.866515718791933e-07,hypothetical scenario
gaussian,0.372,0.2,316912.0,7925000.0,2948100.0,63382.4,,117850.61041129412,False,7925000.0,24.97892771173703,0.9991571084694811,2.866515718791933e-07,hypothetical scenario
gaussian,0.374,0.2,316912.0,7925000.0,2963950.0,63382.4,,118485.15450022495,False,7925000.0,24.978196030963783,0.9991278412385514,2.866515718791933e-07,hypothetical scenario
gaussian,0.376,0.2,316912.0,7925000.0,2979800.0,63382.4,,119119.71747179303,False,7924999.999999999,24.977441032173,0.99909764128692,2.866515718791933e-07,hypothetical scenario
gaussian,0.378,0.2,316912.0,7925000.0,2995650.0,63382.4,,119754.2999279862,False,7924999.999999999,24.976662048848127,0.9990664819539251,2.866515718791933e-07,hypothetical scenario
gaussian,0.38,0.2,316912.0,7925000.0,3011500.0,63382.4,,120388.90248804624,False,7925000.0,24.97585839805235,0.999034335922094,2.866515718791933e-07,hypothetical scenario
gaussian,0.382,0.2,316912.0,7925000.0,3027350.0,63382.4,,121023.52578889776,False,7925000.0,24.97502938010782,0.9990011752043128,2.866515718791933e-07,hypothetical scenario
gaussian,0.384,0.2,316912.0,7925000.0,3043200.0,63382.4,,121658.1704855864,False,7925000.0,24.97417427827116,0.9989669711308464,2.866515718791933e-07,hypothetical scenario
gaussian,0.386,0.2,316912.0,7925000.0,3059050.0,63382.4,,122292.83725172523,False,7924999.999999999,24.97329235840507,0.9989316943362029,2.866515718791933e-07,hypothetical scenario
gaussian,0.388,0.2,316912.0,7925000.0,3074900.0,63382.4,,122927.52677995042,False,7924999.999999999,24.972382868646257,0.9988953147458502,2.866515718791933e-07,hypothetical scenario
gaussian,0.39,0.2,316912.0,7925000.0,3090750.0,63382.4,,123562.23978238631,False,7924999.999999999,24.971445039069565,0.9988578015627826,2.866515718791933e-07,hypothetical scenario
gaussian,0.392,0.2,316912.0,7925000.0,3106600.0,63382.4,,124196.9769911188,False,7924999.999999999,24.97047808134845,0.998819123253938,2.866515718791933e-07,hypothetical scenario
gaussian,0.394,0.2,316912.0,7925000.0,3122450.0,63382.4,,124831.73915867865,False,7925000.0,24.969481188411713,0.9987792475364685,2.866515718791933e-07,hypothetical scenario
gaussian,0.396,0.2,316912.0,7925000.0,3138300.0,63382.4,,125466.52705853435,False,7925000.0,24.96845353409664,0.9987381413638655,2.866515718791933e-07,hypothetical scenario
gaussian,0.398,0.2,316912.0,7925000.0,3154150.0,63382.4,,126101.34148559388,False,7925000.0,24.96739427279849,0.9986957709119396,2.866515718791933e-07,hypothetical scenario
gaussian,0.4,0.2,316912.0,7925000.0,3170000.0,63382.4,,126736.18325671685,False,7925000.0,24.96630253911642,0.9986521015646568,2.866515718791933e-07,hypothetical scenario
gaussian,0.402,0.2,316912.0,7925000.0,3185850.0,63382.4,,127371.05321123594,False,7925000.0,24.96517744749587,0.9986070978998347,2.866515718791933e-07,hypothetical scenario
gaussian,0.404,0.2,316912.0,7925000.0,3201700.0,63382.4,,128005.95221148868,False,7924999.999999999,24.964018091867445,0.9985607236746978,2.866515718791933e-07,hypothetical scenario
gaussian,0.406,0.2,316912.0,7925000.0,3217550.0,63382.4,,128640.88114335903,False,7924999.999999999,24.96282354528237,0.9985129418112948,2.866515718791933e-07,hypothetical scenario
gaussian,0.40800000000000003,0.2,316912.0,7925000.0,3233400.0,63382.4,,129275.84091682924,False,7925000.0,24.961592859544467,0.9984637143817787,2.866515718791933e-07,hypothetical scenario
gaussian,0.41000000000000003,0.2,316912.0,7925000.0,3249250.0000000005,63382.4,,129910.83246654228,False,7925000.0,24.960325064838855,0.9984130025935543,2.866515718791933e-07,hypothetical scenario
gaussian,0.41200000000000003,0.2,316912.0,7925000.0,3265100.0000000005,63382.4,,130545.85675237406,False,7925000.000000002,24.959019169357266,0.9983607667742906,2.866515718791933e-07,hypothetical scenario
gaussian,0.41400000000000003,0.2,316912.0,7925000.0,3280950.0000000005,63382.4,,131180.9147600174,False,7925000.0,24.95767415892014,0.9983069663568055,2.866515718791933e-07,hypothetical scenario
gaussian,0.41600000000000004,0.2,316912.0,7925000.0,3296800.0000000005,63382.4,,131816.0075015753,False,7925000.0,24.956288996595486,0.9982515598638194,2.866515718791933e-07,hypothetical scenario
gaussian,0.418,0.2,316912.0,7925000.0,3312650.0,63382.4,,132451.13601616657,False,7924999.999999999,24.954862622314614,0.9981945048925845,2.866515718791933e-07,hypothetical scenario
gaussian,0.42,0.2,316912.0,7925000.0,3328500.0,63382.4,,133086.3013705412,False,7925000.0,24.953393952484745,0.9981357580993898,2.866515718791933e-07,hypothetical scenario
gaussian,0.422,0.2,316912.0,7925000.0,3344350.0,63382.4,,133721.50465970777,False,7925000.0,24.9518818795986,0.9980752751839439,2.866515718791933e-07,hypothetical scenario
gaussian,0.424,0.2,316912.0,7925000.0,3360200.0,63382.4,,134356.74700757163,False,7925000.0,24.95032527184101,0.9980130108736404,2.866515718791933e-07,hypothetical scenario
gaussian,0.426,0.2,316912.0,7925000.0,3376050.0,63382.4,,134992.0295675848,False,7924999.999999999,24.948722972692604,0.9979489189077042,2.866515718791933e-07,hypothetical scenario
gaussian,0.428,0.2,316912.0,7925000.0,3391900.0,63382.4,,135627.3535234072,False,7925000.0,24.947073800530678,0.9978829520212271,2.866515718791933e-07,hypothetical scenario
gaussian,0.43,0.2,316912.0,7925000.0,3407750.0,63382.4,,136262.72008957985,False,7925000.0,24.94537654822725,0.9978150619290901,2.866515718791933e-07,hypothetical scenario
gaussian,0.432,0.2,316912.0,7925000.0,3423600.0,63382.4,,136898.13051220973,False,7925000.0,24.943629982744433,0.9977451993097773,2.866515718791933e-07,hypothetical scenario
gaussian,0.434,0.2,316912.0,7925000.0,3439450.0,63382.4,,137533.5860696668,False,7924999.999999999,24.941832844727145,0.9976733137890857,2.866515718791933e-07,hypothetical scenario
gaussian,0.436,0.2,316912.0,7925000.0,3455300.0,63382.4,,138169.08807329286,False,7924999.999999998,24.939983848093263,0.9975993539237306,2.866515718791933e-07,hypothetical scenario
gaussian,0.438,0.2,316912.0,7925000.0,3471150.0,63382.4,,138804.63786812316,False,7924999.999999998,24.9380816796213,0.997523267184852,2.866515718791933e-07,hypothetical scenario
gaussian,0.44,0.2,316912.0,7925000.0,3487000.0,63382.4,,139440.23683362018,False,7924999.999999998,24.936124998535636,0.9974449999414254,2.866515718791933e-07,hypothetical scenario
gaussian,0.442,0.2,316912.0,7925000.0,3502850.0,63382.4,,140075.88638441995,False,7924999.999999997,24.934112436089436,0.9973644974435775,2.866515718791933e-07,hypothetical scenario
gaussian,0.444,0.2,316912.0,7925000.0,3518700.0,63382.4,,140711.58797109136,False,7924999.999999996,24.932042595145276,0.997281703805811,2.866515718791933e-07,hypothetical scenario
gaussian,0.446,0.2,316912.0,7925000.0,3534550.0,63382.4,,141347.34308090818,False,7924999.999999995,24.92991404975364,0.9971965619901456,2.866515718791933e-07,hypothetical scenario
gaussian,0.448,0.2,316912.0,7925000.0,3550400.0,63382.4,,141983.15323863426,False,7924999.999999994,24.927725344729268,0.9971090137891707,2.866515718791933e-07,hypothetical scenario
gaussian,0.45,0.2,316912.0,7925000.0,3566250.0,63382.4,,142619.02000732181,False,7924999.999999993,24.92547499522551,0.9970189998090204,2.866515718791933e-07,hypothetical scenario
gaussian,0.452,0.2,316912.0,7925000.0,3582100.0,63382.4,,143254.94498912338,False,7924999.999999992,24.92316148630678,0.9969264594522711,2.866515718791933e-07,hypothetical scenario
gaussian,0.454,0.2,316912.0,7925000.0,3597950.0,63382.4,,143890.92982611712,False,7924999.999999989,24.9207832725191,0.9968313309007639,2.866515718791933e-07,hypothetical scenario
gaussian,0.456,0.2,316912.0,7925000.0,3613800.0,63382.4,,144526.97620114565,False,7924999.999999986,24.91833877745897,0.9967335510983588,2.866515718791933e-07,hypothetical scenario
gaussian,0.458,0.2,316912.0,7925000.0,3629650.0,63382.4,,145163.08583866933,False,7924999.999999981,24.9158263933405,0.9966330557336199,2.866515718791933e-07,hypothetical scenario
gaussian,0.46,0.2,316912.0,7925000.0,3645500.0,63382.4,,145799.26050563305,False,7924999.999999977,24.91324448056099,0.9965297792224397,2.866515718791933e-07,hypothetical scenario
gaussian,0.462,0.2,316912.0,7925000.0,3661350.0,63382.4,,146435.50201234757,False,7924999.999999972,24.910591367265052,0.9964236546906021,2.866515718791933e-07,hypothetical scenario
gaussian,0.464,0.2,316912.0,7925000.0,3677200.0,63382.4,,147071.81221338524,False,7924999.999999964,24.907865348907254,0.9963146139562902,2.866515718791933e-07,hypothetical scenario
gaussian,0.466,0.2,316912.0,7925000.0,3693050.0,63382.4,,147708.19300848703,False,7925000.000000035,24.905064687813564,0.9962025875125425,2.866515718791933e-07,hypothetical scenario
gaussian,0.468,0.2,316912.0,7925000.0,3708900.0,63382.4,,148344.64634350047,False,7925000.000000023,24.90218761274143,0.9960875045096571,2.866515718791933e-07,hypothetical scenario
gaussian,0.47000000000000003,0.2,316912.0,7925000.0,3724750.0,63382.4,,148981.17421130056,False,7925000.0000000065,24.89923231843894,0.9959692927375576,2.866515718791933e-07,hypothetical scenario
gaussian,0.47200000000000003,0.2,316912.0,7925000.0,3740600.0000000005,63382.4,,149617.77865275703,False,7925000.0,24.896196965202765,0.9958478786081106,2.866515718791933e-07,hypothetical scenario
gaussian,0.47400000000000003,0.2,316912.0,7925000.0,3756450.0000000005,63382.4,,150254.4617577032,False,7925000.000000001,24.893079678435253,0.9957231871374101,2.866515718791933e-07,hypothetical scenario
gaussian,0.47600000000000003,0.2,316912.0,7925000.0,3772300.0000000005,63382.4,,150891.2256659215,False,7925000.0,24.889878548200663,0.9955951419280266,2.866515718791933e-07,hypothetical scenario
gaussian,0.47800000000000004,0.2,316912.0,7925000.0,3788150.0000000005,63382.4,,151528.07256814514,False,7925000.0,24.886591628780664,0.9954636651512265,2.866515718791933e-07,hypothetical scenario
gaussian,0.48,0.2,316912.0,7925000.0,3804000.0,63382.4,,152165.0047070763,False,7925000.0,24.883216938229143,0.9953286775291658,2.866515718791933e-07,hypothetical scenario
gaussian,0.482,0.2,316912.0,7925000.0,3819850.0,63382.4,,152802.0243784203,False,7925000.0,24.879752457926493,0.9951900983170597,2.866515718791933e-07,hypothetical scenario
gaussian,0.484,0.2,316912.0,7925000.0,3835700.0,63382.4,,153439.13393193617,False,7925000.0,24.876196132133373,0.995047845285335,2.866515718791933e-07,hypothetical scenario
gaussian,0.486,0.2,316912.0,7925000.0,3851550.0,63382.4,,154076.33577250404,False,7924999.999999999,24.872545867544147,0.9949018347017659,2.866515718791933e-07,hypothetical scenario
gaussian,0.488,0.2,316912.0,7925000.0,3867400.0,63382.4,,154713.63236120914,False,7925000.0,24.868799532839997,0.9947519813135999,2.866515718791933e-07,hypothetical scenario
gaussian,0.49,0.2,316912.0,7925000.0,3883250.0,63382.4,,155351.02621644322,False,7925000.0,24.864954958241846,0.9945981983296739,2.866515718791933e-07,hypothetical scenario
gaussian,0.492,0.2,316912.0,7925000.0,3899100.0,63382.4,,155988.51991502332,False,7925000.0,24.861009935063187,0.9944403974025274,2.866515718791933e-07,hypothetical scenario
gaussian,0.494,0.2,316912.0,7925000.0,3914950.0,63382.4,,156626.1160933278,False,7924999.999999999,24.856962215262886,0.9942784886105155,2.866515718791933e-07,hypothetical scenario
gaussian,0.496,0.2,316912.0,7925000.0,3930800.0,63382.4,,157263.81744845072,False,7925000.0,24.85280951099806,0.9941123804399224,2.866515718791933e-07,hypothetical scenario
gaussian,0.498,0.2,316912.0,7925000.0,3946650.0,63382.4,,157901.62673937436,False,7925000.0,24.8485494941771,0.993941979767084,2.866515718791933e-07,hypothetical scenario
gaussian,0.5,0.2,316912.0,7925000.0,3962500.0,63382.4,,158539.5467881598,False,7924999.999999999,24.84417979601295,0.993767191840518,2.866515718791933e-07,hypothetical scenario
gaussian,0.502,0.2,316912.0,7925000.0,3978350.0,63382.4,,159177.5804811565,False,7925000.0,24.839698006576715,0.9935879202630686,2.866515718791933e-07,hypothetical scenario
gaussian,0.504,0.2,316912.0,7925000.0,3994200.0,63382.4,,159815.73077023093,False,7924999.999999999,24.835101674351677,0.993404066974067,2.866515718791933e-07,hypothetical scenario
gaussian,0.506,0.2,316912.0,7925000.0,4010050.0,63382.4,,160454.0006740144,False,7925000.0,24.8303883057878,0.9932155322315119,2.866515718791933e-07,hypothetical scenario
gaussian,0.508,0.2,316912.0,7925000.0,4025900.0,63382.4,,161092.39327917047,False,7925000.0,24.825555364856775,0.993022214594271,2.866515718791933e-07,hypothetical scenario
gaussian,0.51,0.2,316912.0,7925000.0,4041750.0,63382.4,,161730.9117416825,False,7925000.0,24.82060027260778,0.9928240109043113,2.866515718791933e-07,hypothetical scenario
gaussian,0.512,0.2,316912.0,7925000.0,4057600.0,63382.4,,162369.5592881612,False,7925000.0,24.81552040672389,0.9926208162689556,2.866515718791933e-07,hypothetical scenario
gaussian,0.514,0.2,316912.0,7925000.0,4073450.0,63382.4,,163008.33921717317,False,7925000.0,24.810313101079316,0.9924125240431727,2.866515718791933e-07,hypothetical scenario
gaussian,0.516,0.2,316912.0,7925000.0,4089300.0,63382.4,,163647.25490059,False,7925000.0,24.804975645297482,0.9921990258118992,2.866515718791933e-07,hypothetical scenario
gaussian,0.518,0.2,316912.0,7925000.0,4105150.0,63382.4,,164286.30978495884,False,7924999.999999999,24.79950528431005,0.991980211372402,2.866515718791933e-07,hypothetical scenario
gaussian,0.52,0.2,316912.0,7925000.0,4121000.0,63382.4,,164925.50739289503,False,7925000.0,24.79389921791693,0.9917559687166773,2.866515718791933e-07,hypothetical scenario
gaussian,0.522,0.2,316912.0,7925000.0,4136850.0,63382.4,,165564.8513244963,False,7925000.0,24.78815460034733,0.9915261840138931,2.866515718791933e-07,hypothetical scenario
gaussian,0.524,0.2,316912.0,7925000.0,4152700.0,63382.4,,166204.34525877962,False,7925000.0,24.78226853982191,0.9912907415928764,2.866515718791933e-07,hypothetical scenario
gaussian,0.526,0.2,316912.0,7925000.0,4168550.0,63382.4,,166843.99295514126,False,7924999.999999999,24.776238098116128,0.9910495239246451,2.866515718791933e-07,hypothetical scenario
gaussian,0.528,0.2,316912.0,7925000.0,4184400.0,63382.4,,167483.79825483973,False,7924999.999999999,24.770060290124754,0.9908024116049902,2.866515718791933e-07,hypothetical scenario
gaussian,0.53,0.2,316912.0,7925000.0,4200250.0,63382.4,,168123.76508250306,False,7925000.0,24.763732083427698,0.9905492833371079,2.866515718791933e-07,hypothetical scenario
gaussian,0.532,0.2,316912.0,7925000.0,4216100.0,63382.4,,168763.89744765963,False,7925000.0,24.757250397857067,0.9902900159142827,2.866515718791933e-07,hypothetical scenario
gaussian,0.534,0.2,316912.0,7925000.0,4231950.0,63382.4,,169404.1994462945,False,7925000.0,24.750612105065635,0.9900244842026253,2.866515718791933e-07,hypothetical scenario
gaussian,0.536,0.2,316912.0,7925000.0,4247800.0,63382.4,,170044.67526243022,False,7925000.0,24.74381402809663,0.9897525611238652,2.866515718791933e-07,hypothetical scenario
gaussian,0.538,0.2,316912.0,7925000.0,4263650.0,63382.4,,170685.3291697339,False,7925000.0,24.73685294095497,0.9894741176381988,2.866515718791933e-07,hypothetical scenario
gaussian,0.54,0.2,316912.0,7925000.0,4279500.0,63382.4,,171326.16553315043,False,7924999.999999999,24.729725568179887,0.9891890227271954,2.866515718791933e-07,hypothetical scenario
gaussian,0.542,0.2,316912.0,7925000.0,4295350.0,63382.4,,171967.1888105621,False,7925000.0,24.72242858441903,0.9888971433767613,2.866515718791933e-07,hypothetical scenario
gaussian,0.544,0.2,316912.0,7925000.0,4311200.0,63382.4,,172608.4035544763,False,7925000.0,24.714958614004026,0.988598344560161,2.866515718791933e-07,hypothetical scenario
gaussian,0.546,0.2,316912.0,7925000.0,4327050.0,63382.4,,173249.81441374056,False,7925000.0,24.707312230527506,0.9882924892211002,2.866515718791933e-07,hypothetical scenario
gaussian,0.548,0.2,316912.0,7925000.0,4342900.0,63382.4,,173891.42613528654,False,7925000.0,24.699485956421636,0.9879794382568654,2.866515718791933e-07,hypothetical scenario
gaussian,0.55,0.2,316912.0,7925000.0,4358750.0,63382.4,,174533.24356590287,False,7925000.0,24.691476262538117,0.9876590505015247,2.866515718791933e-07,hypothetical scenario
gaussian,0.552,0.2,316912.0,7925000.0,4374600.0,63382.4,,175175.2716540383,False,7925000.0,24.68327956772965,0.987331182709186,2.866515718791933e-07,hypothetical scenario
gaussian,0.554,0.2,316912.0,7925000.0,4390450.0,63382.4,,175817.51545163506,False,7925000.0,24.67489223843289,0.9869956895373155,2.866515718791933e-07,hypothetical scenario
gaussian,0.556,0.2,316912.0,7925000.0,4406300.0,63382.4,,176459.9801159935,False,7925000.000000001,24.666310588252834,0.9866524235301134,2.866515718791933e-07,hypothetical scenario
gaussian,0.558,0.2,316912.0,7925000.0,4422150.0,63382.4,,177102.67091166874,False,7925000.000000001,24.657530877548638,0.9863012351019456,2.866515718791933e-07,hypothetical scenario
gaussian,0.56,0.2,316912.0,7925000.0,4438000.0,63382.4,,177745.5932124002,False,7925000.0,24.648549313020833,0.9859419725208334,2.866515718791933e-07,hypothetical scenario
gaussian,0.562,0.2,316912.0,7925000.0,4453850.0,63382.4,,178388.75250307436,False,7925000.0,24.63936204729988,0.9855744818919951,2.866515718791933e-07,hypothetical scenario
gaussian,0.5640000000000001,0.2,316912.0,7925000.0,4469700.0,63382.4,,179032.15438172192,False,7925000.0,24.629965178536104,0.9851986071414441,2.866515718791933e-07,hypothetical scenario
gaussian,0.5660000000000001,0.2,316912.0,7925000.0,4485550.0,63382.4,,179675.80456155055,False,7924999.999999998,24.620354749990785,0.9848141899996314,2.866515718791933e-07,hypothetical scenario
gaussian,0.5680000000000001,0.2,316912.0,7925000.0,4501400.000000001,63382.4,,180319.70887301295,False,7924999.999999999,24.610526749628598,0.9844210699851439,2.866515718791933e-07,hypothetical scenario
gaussian,0.5700000000000001,0.2,316912.0,7925000.0,4517250.000000001,63382.4,,180963.87326591235,False,7925000.0,24.60047710971108,0.9840190843884432,2.866515718791933e-07,hypothetical scenario
gaussian,0.5720000000000001,0.2,316912.0,7925000.0,4533100.000000001,63382.4,,181608.30381154612,False,7924999.999999998,24.590201706391262,0.9836080682556505,2.866515718791933e-07,hypothetical scenario
gaussian,0.5740000000000001,0.2,316912.0,7925000.0,4548950.000000001,63382.4,,182253.0067048874,False,7924999.999999996,24.579696359309246,0.9831878543723698,2.866515718791933e-07,hypothetical scenario
gaussian,0.5760000000000001,0.2,316912.0,7925000.0,4564800.000000001,63382.4,,182897.9882668078,False,7924999.999999996,24.568956831188725,0.982758273247549,2.866515718791933e-07,hypothetical scenario
gaussian,0.578,0.2,316912.0,7925000.0,4580650.0,63382.4,,183543.2549463399,False,7924999.999999994,24.557978827434333,0.9823191530973733,2.866515718791933e-07,hypothetical scenario
gaussian,0.58,0.2,316912.0,7925000.0,4596500.0,63382.4,,184188.81332298263,False,7924999.999999992,24.546757995729664,0.9818703198291865,2.866515718791933e-07,hypothetical scenario
gaussian,0.582,0.2,316912.0,7925000.0,4612350.0,63382.4,,184834.67010904936,False,7924999.999999989,24.535289925635972,0.9814115970254389,2.866515718791933e-07,hypothetical scenario
gaussian,0.584,0.2,316912.0,7925000.0,4628200.0,63382.4,,185480.8321520606,False,7924999.999999985,24.523570148191318,0.9809428059276527,2.866515718791933e-07,hypothetical scenario
gaussian,0.586,0.2,316912.0,7925000.0,4644050.0,63382.4,,186127.30643718183,False,7924999.9999999795,24.51159413551008,0.9804637654204033,2.866515718791933e-07,hypothetical scenario
gaussian,0.588,0.2,316912.0,7925000.0,4659900.0,63382.4,,186774.10008970893,False,7924999.999999972,24.49935730038273,0.9799742920153092,2.866515718791933e-07,hypothetical scenario
gaussian,0.59,0.2,316912.0,7925000.0,4675750.0,63382.4,,187421.22037759767,False,7925000.00000004,24.48685499587573,0.9794741998350293,2.866515718791933e-07,hypothetical scenario
gaussian,0.592,0.2,316912.0,7925000.0,4691600.0,63382.4,,188068.67471405957,False,7925000.000000024,24.474082514931066,0.9789633005972427,2.866515718791933e-07,hypothetical scenario
gaussian,0.594,0.2,316912.0,7925000.0,4707450.0,63382.4,,188716.47066017572,False,7925000.000000004,24.461035089966167,0.9784414035986466,2.866515718791933e-07,hypothetical scenario
gaussian,0.596,0.2,316912.0,7925000.0,4723300.0,63382.4,,189364.615927595,False,7925000.0,24.447707892472827,0.9779083156989131,2.866515718791933e-07,hypothetical scenario
gaussian,0.598,0.2,316912.0,7925000.0,4739150.0,63382.4,,190013.11838127294,False,7925000.000000001,24.43409603261582,0.9773638413046328,2.866515718791933e-07,hypothetical scenario
gaussian,0.6,0.2,316912.0,7925000.0,4755000.0,63382.4,,190661.9860422653,False,7925000.0,24.420194558830698,0.976807782353228,2.866515718791933e-07,hypothetical scenario
gaussian,0.602,0.2,316912.0,7925000.0,4770850.0,63382.4,,191311.22709058062,False,7925000.0,24.405998457420644,0.9762399382968258,2.866515718791933e-07,hypothetical scenario
gaussian,0.604,0.2,316912.0,7925000.0,4786700.0,63382.4,,191960.84986809205,False,7925000.0,24.391502652152127,0.9756601060860851,2.866515718791933e-07,hypothetical scenario
gaussian,0.606,0.2,316912.0,7925000.0,4802550.0,63382.4,,192610.8628815089,False,7925000.0,24.37670200384914,0.9750680801539656,2.866515718791933e-07,hypothetical scenario
gaussian,0.608,0.2,316912.0,7925000.0,4818400.0,63382.4,,193261.2748054114,False,7925000.0,24.36159130998579,0.9744636523994317,2.866515718791933e-07,hypothetical scenario
gaussian,0.61,0.2,316912.0,7925000.0,4834250.0,63382.4,,193912.0944853491,False,7925000.0,24.346165304277097,0.9738466121710839,2.866515718791933e-07,hypothetical scenario
gaussian,0.612,0.2,316912.0,7925000.0,4850100.0,63382.4,,194563.3309410063,False,7925000.0,24.33041865626753,0.9732167462507012,2.866515718791933e-07,hypothetical scenario
gaussian,0.614,0.2,316912.0,7925000.0,4865950.0,63382.4,,195214.9933694352,False,7924999.999999999,24.314345970917255,0.9725738388366902,2.866515718791933e-07,hypothetical scenario
gaussian,0.616,0.2,316912.0,7925000.0,4881800.0,63382.4,,195867.0911483601,False,7925000.0,24.297941788185682,0.9719176715274273,2.866515718791933e-07,hypothetical scenario
gaussian,0.618,0.2,316912.0,7925000.0,4897650.0,63382.4,,196519.63383955415,False,7925000.0,24.28120058261201,0.9712480233044803,2.866515718791933e-07,hypothetical scenario
gaussian,0.62,0.2,316912.0,7925000.0,4913500.0,63382.4,,197172.631192291,False,7925000.0,24.264116762892574,0.9705646705157029,2.866515718791933e-07,hypothetical scenario
gaussian,0.622,0.2,316912.0,7925000.0,4929350.0,63382.4,,197826.09314687416,False,7925000.000000001,24.246684671454595,0.9698673868581839,2.866515718791933e-07,hypothetical scenario
gaussian,0.624,0.2,316912.0,7925000.0,4945200.0,63382.4,,198480.02983824606,False,7925000.0,24.22889858402602,0.9691559433610408,2.866515718791933e-07,hypothetical scenario
gaussian,0.626,0.2,316912.0,7925000.0,4961050.0,63382.4,,199134.45159967965,False,7925000.0,24.210752709201167,0.9684301083680467,2.866515718791933e-07,hypothetical scenario
gaussian,0.628,0.2,316912.0,7925000.0,4976900.0,63382.4,,199789.36896655528,False,7925000.0,24.192241188001752,0.96768964752007,2.866515718791933e-07,hypothetical scenario
gaussian,0.63,0.2,316912.0,7925000.0,4992750.0,63382.4,,200444.79268022554,False,7925000.0,24.173358093433002,0.9669343237373201,2.866515718791933e-07,hypothetical scenario
gaussian,0.632,0.2,316912.0,7925000.0,5008600.0,63382.4,,201100.73369197067,False,7925000.0,24.154097430034422,0.9661638972013769,2.866515718791933e-07,hypothetical scenario
gaussian,0.634,0.2,316912.0,7925000.0,5024450.0,63382.4,,201757.20316704822,False,7925000.0,24.134453133424877,0.9653781253369951,2.866515718791933e-07,hypothetical scenario
gaussian,0.636,0.2,316912.0,7925000.0,5040300.0,63382.4,,202414.21248883946,False,7925000.0,24.11441906984155,0.964576762793662,2.866515718791933e-07,hypothetical scenario
gaussian,0.638,0.2,316912.0,7925000.0,5056150.0,63382.4,,203071.7732630961,False,7925000.0,24.093989035672358,0.9637595614268943,2.866515718791933e-07,hypothetical scenario
gaussian,0.64,0.2,316912.0,7925000.0,5072000.0,63382.4,,203729.89732229066,False,7925000.0,24.07315675698142,0.9629262702792567,2.866515718791933e-07,hypothetical scenario
gaussian,0.642,0.2,316912.0,7925000.0,5087850.0,63382.4,,204388.59673007362,False,7925000.0,24.051915889027097,0.9620766355610839,2.866515718791933e-07,hypothetical scenario
gaussian,0.644,0.2,316912.0,7925000.0,5103700.0,63382.4,,205047.88378584204,False,7925000.0,24.030260015772164,0.9612104006308866,2.866515718791933e-07,hypothetical scenario
gaussian,0.646,0.2,316912.0,7925000.0,5119550.0,63382.4,,205707.7710294219,False,7925000.0,24.008182649385628,0.9603273059754251,2.866515718791933e-07,hypothetical scenario
gaussian,0.648,0.2,316912.0,7925000.0,5135400.0,63382.4,,206368.27124586963,False,7925000.0,23.985677229735668,0.9594270891894268,2.866515718791933e-07,hypothetical scenario
gaussian,0.65,0.2,316912.0,7925000.0,5151250.0,63382.4,,207029.39747039572,False,7925000.0,23.96273712387325,0.95850948495493,2.866515718791933e-07,hypothetical scenario
gaussian,0.652,0.2,316912.0,7925000.0,5167100.0,63382.4,,207691.16299341578,False,7925000.0,23.93935562550582,0.9575742250202327,2.866515718791933e-07,hypothetical scenario
gaussian,0.654,0.2,316912.0,7925000.0,5182950.0,63382.4,,208353.5813657323,False,7925000.0,23.915525954460566,0.9566210381784227,2.866515718791933e-07,hypothetical scenario
gaussian,0.656,0.2,316912.0,7925000.0,5198800.0,63382.4,,209016.6664038529,False,7925000.0,23.89124125613665,0.955649650245466,2.866515718791933e-07,hypothetical scenario
gaussian,0.658,0.2,316912.0,7925000.0,5214650.0,63382.4,,209680.43219544887,False,7925000.0,23.866494600945888,0.9546597840378355,2.866515718791933e-07,hypothetical scenario
gaussian,0.66,0.2,316912.0,7925000.0,5230500.0,63382.4,,210344.89310495992,False,7925000.0,23.841278983741226,0.9536511593496491,2.866515718791933e-07,hypothetical scenario
gaussian,0.662,0.2,316912.0,7925000.0,5246350.0,63382.4,,211010.06377934958,False,7925000.0,23.815587323232357,0.9526234929292943,2.866515718791933e-07,hypothetical scenario
gaussian,0.664,0.2,316912.0,7925000.0,5262200.0,63382.4,,211675.95915401724,False,7925000.000000001,23.78941246138794,0.9515764984555176,2.866515718791933e-07,hypothetical scenario
gaussian,0.666,0.2,316912.0,7925000.0,5278050.0,63382.4,,212342.59445887204,False,7925000.0,23.76274716282366,0.9505098865129464,2.866515718791933e-07,hypothetical scenario
gaussian,0.668,0.2,316912.0,7925000.0,5293900.0,63382.4,,213009.98522457492,False,7925000.0,23.735584114175502,0.94942336456702,2.866515718791933e-07,hypothetical scenario
gaussian,0.67,0.2,316912.0,7925000.0,5309750.0,63382.4,,213678.14728895473,False,7925000.0,23.707915923457463,0.9483166369382985,2.866515718791933e-07,hypothetical scenario
gaussian,0.672,0.2,316912.0,7925000.0,5325600.0,63382.4,,214347.09680360477,False,7925000.0,23.679735119403098,0.9471894047761239,2.866515718791933e-07,hypothetical scenario
gaussian,0.674,0.2,316912.0,7925000.0,5341450.0,63382.4,,215016.8502406666,False,7924999.999999999,23.651034150789975,0.946041366031599,2.866515718791933e-07,hypothetical scenario
gaussian,0.676,0.2,316912.0,7925000.0,5357300.0,63382.4,,215687.42439980787,False,7924999.999999998,23.621805385746438,0.9448722154298576,2.866515718791933e-07,hypothetical scenario
gaussian,0.678,0.2,316912.0,7925000.0,5373150.0,63382.4,,216358.8364154016,False,7924999.999999997,23.592041111039705,0.9436816444415882,2.866515718791933e-07,hypothetical scenario
gaussian,0.68,0.2,316912.0,7925000.0,5389000.0,63382.4,,217031.1037639144,False,7924999.999999996,23.56173353134462,0.9424693412537848,2.866515718791933e-07,hypothetical scenario
gaussian,0.682,0.2,316912.0,7925000.0,5404850.0,63382.4,,217704.24427151162,False,7924999.999999993,23.530874768492087,0.9412349907396834,2.866515718791933e-07,hypothetical scenario
gaussian,0.684,0.2,316912.0,7925000.0,5420700.0,63382.4,,218378.27612188703,False,7924999.999999991,23.499456860696373,0.939978274427855,2.866515718791933e-07,hypothetical scenario
gaussian,0.686,0.2,316912.0,7925000.0,5436550.0,63382.4,,219053.21786432716,False,7924999.999999986,23.46747176176033,0.9386988704704131,2.866515718791933e-07,hypothetical scenario
gaussian,0.6880000000000001,0.2,316912.0,7925000.0,5452400.0,63382.4,,219729.08842201714,False,7924999.9999999795,23.43491134025758,0.9373964536103032,2.866515718791933e-07,hypothetical scenario
gaussian,0.6900000000000001,0.2,316912.0,7925000.0,5468250.0,63382.4,,220405.90710059926,False,7924999.999999969,23.401767378690746,0.9360706951476299,2.866515718791933e-07,hypothetical scenario
gaussian,0.6920000000000001,0.2,316912.0,7925000.0,5484100.000000001,63382.4,,221083.6935969899,False,7925000.00000003,23.36803157262479,0.9347212629049916,2.866515718791933e-07,hypothetical scenario
gaussian,0.6940000000000001,0.2,316912.0,7925000.0,5499950.000000001,63382.4,,221762.46800848423,False,7925000.000000007,23.333695529793523,0.933347821191741,2.866515718791933e-07,hypothetical scenario
gaussian,0.6960000000000001,0.2,316912.0,7925000.0,5515800.000000001,63382.4,,222442.25084211095,False,7925000.0,23.298750769180636,0.9319500307672254,2.866515718791933e-07,hypothetical scenario
gaussian,0.6980000000000001,0.2,316912.0,7925000.0,5531650.000000001,63382.4,,223123.06302431566,False,7925000.0,23.263188720070723,0.930527548802829,2.866515718791933e-07,hypothetical scenario
gaussian,0.7000000000000001,0.2,316912.0,7925000.0,5547500.000000001,63382.4,,223804.92591093073,False,7925000.0,23.227000721071832,0.9290800288428733,2.866515718791933e-07,hypothetical scenario
gaussian,0.7020000000000001,0.2,316912.0,7925000.0,5563350.000000001,63382.4,,224487.86129746638,False,7925000.000000001,23.19017801910729,0.9276071207642915,2.866515718791933e-07,hypothetical scenario
gaussian,0.704,0.2,316912.0,7925000.0,5579200.0,63382.4,,225171.89142973366,False,7925000.0,23.152711768375564,0.9261084707350226,2.866515718791933e-07,hypothetical scenario
gaussian,0.706,0.2,316912.0,7925000.0,5595050.0,63382.4,,225857.03901480994,False,7925000.0,23.114593029277106,0.9245837211710842,2.866515718791933e-07,hypothetical scenario
gaussian,0.708,0.2,316912.0,7925000.0,5610900.0,63382.4,,226543.32723236317,False,7925000.0,23.075812767306687,0.9230325106922674,2.866515718791933e-07,hypothetical scenario
gaussian,0.71,0.2,316912.0,7925000.0,5626750.0,63382.4,,227230.7797463479,False,7925000.0,23.03636185190994,0.9214544740763977,2.866515718791933e-07,hypothetical scenario
gaussian,0.712,0.2,316912.0,7925000.0,5642600.0,63382.4,,227919.4207170895,False,7925000.0,22.996231055302648,0.919849242212106,2.866515718791933e-07,hypothetical scenario
gaussian,0.714,0.2,316912.0,7925000.0,5658450.0,63382.4,,228609.27481377195,False,7925000.0,22.955411051251314,0.9182164420500526,2.866515718791933e-07,hypothetical scenario
gaussian,0.716,0.2,316912.0,7925000.0,5674300.0,63382.4,,229300.3672273464,False,7925000.0,22.913892413813475,0.916555696552539,2.866515718791933e-07,hypothetical scenario
gaussian,0.718,0.2,316912.0,7925000.0,5690150.0,63382.4,,229992.72368387826,False,7925000.0,22.871665616036154,0.9148666246414462,2.866515718791933e-07,hypothetical scenario
gaussian,0.72,0.2,316912.0,7925000.0,5706000.0,63382.4,,230686.37045835075,False,7925000.0,22.82872102861084,0.9131488411444336,2.866515718791933e-07,hypothetical scenario
gaussian,0.722,0.2,316912.0,7925000.0,5721850.0,63382.4,,231381.33438894496,False,7925000.0,22.785048918483287,0.9114019567393314,2.866515718791933e-07,hypothetical scenario
gaussian,0.724,0.2,316912.0,7925000.0,5737700.0,63382.4,,232077.64289181668,False,7925000.0,22.740639447416257,0.9096255778966502,2.866515718791933e-07,hypothetical scenario
gaussian,0.726,0.2,316912.0,7925000.0,5753550.0,63382.4,,232775.32397639065,False,7925000.0,22.695482670503516,0.9078193068201407,2.866515718791933e-07,hypothetical scenario
gaussian,0.728,0.2,316912.0,7925000.0,5769400.0,63382.4,,233474.40626119613,False,7925000.0,22.649568534633044,0.9059827413853218,2.866515718791933e-07,hypothetical scenario
gaussian,0.73,0.2,316912.0,7925000.0,5785250.0,63382.4,,234174.91899026567,False,7925000.0,22.60288687689751,0.9041154750759004,2.866515718791933e-07,hypothetical scenario
gaussian,0.732,0.2,316912.0,7925000.0,5801100.0,63382.4,,234876.89205012348,False,7924999.999999999,22.55542742294995,0.902217096917998,2.866515718791933e-07,hypothetical scenario
gaussian,0.734,0.2,316912.0,7925000.0,5816950.0,63382.4,,235580.355987388,False,7925000.0,22.50717978530245,0.900287191412098,2.866515718791933e-07,hypothetical scenario
gaussian,0.736,0.2,316912.0,7925000.0,5832800.0,63382.4,,236285.34202701753,False,7925000.0,22.458133461565623,0.898325338462625,2.866515718791933e-07,hypothetical scenario
gaussian,0.738,0.2,316912.0,7925000.0,5848650.0,63382.4,,236991.8820912261,False,7925000.0,22.408277832626535,0.8963311133050614,2.866515718791933e-07,hypothetical scenario
gaussian,0.74,0.2,316912.0,7925000.0,5864500.0,63382.4,,237700.00881910152,False,7925000.0,22.357602160762646,0.8943040864305059,2.866515718791933e-07,hypothetical scenario
gaussian,0.742,0.2,316912.0,7925000.0,5880350.0,63382.4,,238409.7555869566,False,7925000.0,22.306095587689185,0.8922438235075674,2.866515718791933e-07,hypothetical scenario
gaussian,0.744,0.2,316912.0,7925000.0,5896200.0,63382.4,,239121.15652944712,False,7925000.0,22.253747132537384,0.8901498853014954,2.866515718791933e-07,hypothetical scenario
gaussian,0.746,0.2,316912.0,7925000.0,5912050.0,63382.4,,239834.24656149265,False,7925000.0,22.20054568976074,0.8880218275904297,2.866515718791933e-07,hypothetical scenario
gaussian,0.748,0.2,316912.0,7925000.0,5927900.0,63382.4,,240549.06140103668,False,7925000.0,22.146480026966504,0.8858592010786601,2.866515718791933e-07,hypothetical scenario
gaussian,0.75,0.2,316912.0,7925000.0,5943750.0,63382.4,,241265.63759268651,False,7925000.0,22.09153878266928,0.8836615513067712,2.866515718791933e-07,hypothetical scenario
gaussian,0.752,0.2,316912.0,7925000.0,5959600.0,63382.4,,241984.01253227342,False,7925000.0,22.035710463963674,0.881428418558547,2.866515718791933e-07,hypothetical scenario
gaussian,0.754,0.2,316912.0,7925000.0,5975450.0,63382.4,,242704.22449237737,False,7925000.0,21.978983444112725,0.8791593377645089,2.866515718791933e-07,hypothetical scenario
gaussian,0.756,0.2,316912.0,7925000.0,5991300.0,63382.4,,243426.31264886272,False,7925000.0,21.921345960048594,0.8768538384019438,2.866515718791933e-07,hypothetical scenario
gaussian,0.758,0.2,316912.0,7925000.0,6007150.0,63382.4,,244150.31710847386,False,7925000.0,21.862786109781997,0.8745114443912798,2.866515718791933e-07,hypothetical scenario
gaussian,0.76,0.2,316912.0,7925000.0,6023000.0,63382.4,,244876.27893754153,False,7925000.0,21.803291849716615,0.8721316739886646,2.866515718791933e-07,hypothetical scenario
gaussian,0.762,0.2,316912.0,7925000.0,6038850.0,63382.4,,245604.240191856,False,7925000.0,21.742850991864533,0.8697140396745813,2.866515718791933e-07,hypothetical scenario
gaussian,0.764,0.2,316912.0,7925000.0,6054700.0,63382.4,,246334.24394776337,False,7925000.000000001,21.68145120095856,0.8672580480383424,2.866515718791933e-07,hypothetical scenario
gaussian,0.766,0.2,316912.0,7925000.0,6070550.0,63382.4,,247066.33433454717,False,7925000.000000003,21.619079991457202,0.8647631996582881,2.866515718791933e-07,hypothetical scenario
gaussian,0.768,0.2,316912.0,7925000.0,6086400.0,63382.4,,247800.5565681593,False,7925000.000000006,21.55572472443766,0.8622289889775064,2.866515718791933e-07,hypothetical scenario
gaussian,0.77,0.2,316912.0,7925000.0,6102250.0,63382.4,,248536.95698636945,False,7925000.000000012,21.491372604372177,0.8596549041748871,2.866515718791933e-07,hypothetical scenario
gaussian,0.772,0.2,316912.0,7925000.0,6118100.0,63382.4,,249275.5830854048,False,7925000.000000027,21.426010675782734,0.8570404270313093,2.866515718791933e-07,hypothetical scenario
gaussian,0.774,0.2,316912.0,7925000.0,6133950.0,63382.4,,250016.48355816145,False,7924999.999999991,21.359625819768553,0.8543850327907421,2.866515718791933e-07,hypothetical scenario
gaussian,0.776,0.2,316912.0,7925000.0,6149800.0,63382.4,,250759.7083340513,False,7925000.0,21.292204750402423,0.8516881900160969,2.866515718791933e-07,hypothetical scenario
gaussian,0.778,0.2,316912.0,7925000.0,6165650.0,63382.4,,251505.3086206104,False,7925000.0,21.223734010986682,0.8489493604394673,2.866515718791933e-07,hypothetical scenario
gaussian,0.78,0.2,316912.0,7925000.0,6181500.0,63382.4,,252253.33694691083,False,7925000.0,21.154199970167106,0.8461679988066843,2.866515718791933e-07,hypothetical scenario
gaussian,0.782,0.2,316912.0,7925000.0,6197350.0,63382.4,,253003.8472089126,False,7925000.0,21.08358881789503,0.8433435527158012,2.866515718791933e-07,hypothetical scenario
gaussian,0.784,0.2,316912.0,7925000.0,6213200.0,63382.4,,253756.89471684175,False,7925000.0,21.011886561232373,0.8404754624492949,2.866515718791933e-07,hypothetical scenario
gaussian,0.786,0.2,316912.0,7925000.0,6229050.0,63382.4,,254512.53624470963,False,7925000.0,20.939079019992292,0.8375631607996916,2.866515718791933e-07,hypothetical scenario
gaussian,0.788,0.2,316912.0,7925000.0,6244900.0,63382.4,,255270.83008209104,False,7925000.0,20.86515182220781,0.8346060728883125,2.866515718791933e-07,hypothetical scenario
gaussian,0.79,0.2,316912.0,7925000.0,6260750.0,63382.4,,256031.836088286,False,7925000.0,20.790090399420798,0.831603615976832,2.866515718791933e-07,hypothetical scenario
gaussian,0.792,0.2,316912.0,7925000.0,6276600.0,63382.4,,256795.61574899964,False,7925000.0,20.713879981782696,0.8285551992713078,2.866515718791933e-07,hypothetical scenario
gaussian,0.794,0.2,316912.0,7925000.0,6292450.0,63382.4,,257562.23223568127,False,7925000.0,20.636505592958564,0.8254602237183426,2.866515718791933e-07,hypothetical scenario
gaussian,0.796,0.2,316912.0,7925000.0,6308300.0,63382.4,,258331.75046767615,False,7924999.999999999,20.55795204482484,0.8223180817929936,2.866515718791933e-07,hypothetical scenario
gaussian,0.798,0.2,316912.0,7925000.0,6324150.0,63382.4,,259104.237177351,False,7924999.999999997,20.478203931951295,0.8191281572780518,2.866515718791933e-07,hypothetical scenario
gaussian,0.8,0.2,316912.0,7925000.0,6340000.0,63382.4,,259879.7609783664,False,7925000.0,20.397245625856698,0.8158898250342679,2.866515718791933e-07,hypothetical scenario
gaussian,0.802,0.2,316912.0,7925000.0,6355850.0,63382.4,,260658.39243728342,False,7925000.0,20.31506126902713,0.8126024507610852,2.866515718791933e-07,hypothetical scenario
gaussian,0.804,0.2,316912.0,7925000.0,6371700.0,63382.4,,261440.2041486981,False,7925000.0,20.23163476868576,0.8092653907474303,2.866515718791933e-07,hypothetical scenario
gaussian,0.806,0.2,316912.0,7925000.0,6387550.0,63382.4,,262225.27081412065,False,7925000.0,20.146949790301218,0.8058779916120486,2.866515718791933e-07,hypothetical scenario
gaussian,0.808,0.2,316912.0,7925000.0,6403400.0,63382.4,,263013.66932482296,False,7925000.0,20.060989750822046,0.8024395900328818,2.866515718791933e-07,hypothetical scenario
gaussian,0.81,0.2,316912.0,7925000.0,6419250.0,63382.4,,263805.478848899,False,7925000.0,19.973737811623092,0.7989495124649237,2.866515718791933e-07,hypothetical scenario
gaussian,0.812,0.2,316912.0,7925000.0,6435100.0,63382.4,,264600.78092279896,False,7924999.999999999,19.88517687114936,0.7954070748459743,2.866515718791933e-07,hypothetical scenario
gaussian,0.8140000000000001,0.2,316912.0,7925000.0,6450950.0,63382.4,,265399.6595476162,False,7925000.0,19.795289557241674,0.791811582289667,2.866515718791933e-07,hypothetical scenario
gaussian,0.8160000000000001,0.2,316912.0,7925000.0,6466800.0,63382.4,,266202.20129042945,False,7924999.999999999,19.70405821912759,0.7881623287651035,2.866515718791933e-07,hypothetical scenario
gaussian,0.8180000000000001,0.2,316912.0,7925000.0,6482650.000000001,63382.4,,267008.4953910215,False,7924999.999999998,19.61146491906002,0.7844585967624007,2.866515718791933e-07,hypothetical scenario
gaussian,0.8200000000000001,0.2,316912.0,7925000.0,6498500.000000001,63382.4,,267818.63387432316,False,7924999.999999999,19.517491423584797,0.7806996569433919,2.866515718791933e-07,hypothetical scenario
gaussian,0.8220000000000001,0.2,316912.0,7925000.0,6514350.000000001,63382.4,,268632.7116689575,False,7924999.999999997,19.42211919441718,0.7768847677766872,2.866515718791933e-07,hypothetical scenario
gaussian,0.8240000000000001,0.2,316912.0,7925000.0,6530200.000000001,63382.4,,269450.8267322851,False,7924999.999999996,19.325329378906186,0.7730131751562475,2.866515718791933e-07,hypothetical scenario
gaussian,0.8260000000000001,0.2,316912.0,7925000.0,6546050.000000001,63382.4,,270273.0801823885,False,7924999.999999995,19.227102800063896,0.7690841120025559,2.866515718791933e-07,hypothetical scenario
gaussian,0.8280000000000001,0.2,316912.0,7925000.0,6561900.000000001,63382.4,,271099.5764374621,False,7924999.999999992,19.127419946135692,0.7650967978454277,2.866515718791933e-07,hypothetical scenario
gaussian,0.8300000000000001,0.2,316912.0,7925000.0,6577750.000000001,63382.4,,271930.4233631165,False,7924999.999999987,19.02626095968548,0.7610504383874193,2.866515718791933e-07,hypothetical scenario
gaussian,0.8320000000000001,0.2,316912.0,7925000.0,6593600.000000001,63382.4,,272765.7324281441,False,7924999.9999999795,18.9236056261683,0.756944225046732,2.866515718791933e-07,hypothetical scenario
gaussian,0.834,0.2,316912.0,7925000.0,6609450.0,63382.4,,273605.6188693361,False,7925000.000000027,18.819433361961163,0.7527773344784465,2.866515718791933e-07,hypothetical scenario
gaussian,0.836,0.2,316912.0,7925000.0,6625300.0,63382.4,,274450.2018660124,False,7925000.000000008,18.71372320181809,0.7485489280727237,2.866515718791933e-07,hypothetical scenario
gaussian,0.838,0.2,316912.0,7925000.0,6641150.0,63382.4,,275299.60472491133,False,7925000.0,18.606453785721556,0.7442581514288622,2.866515718791933e-07,hypothetical scenario
gaussian,0.84,0.2,316912.0,7925000.0,6657000.0,63382.4,,276153.95507626265,False,7924999.999999999,18.497603345085434,0.7399041338034174,2.866515718791933e-07,hypothetical scenario
gaussian,0.842,0.2,316912.0,7925000.0,6672850.0,63382.4,,277013.3850818111,False,7925000.0,18.387149688277223,0.735485987531089,2.866515718791933e-07,hypothetical scenario
gaussian,0.844,0.2,316912.0,7925000.0,6688700.0,63382.4,,277878.03165570437,False,7925000.0,18.275070185414748,0.73100280741659,2.866515718791933e-07,hypothetical scenario
gaussian,0.846,0.2,316912.0,7925000.0,6704550.0,63382.4,,278748.0366992139,False,7925000.0,18.161341752392683,0.7264536700957074,2.866515718791933e-07,hypothetical scenario
gaussian,0.848,0.2,316912.0,7925000.0,6720400.0,63382.4,,279623.5473503467,False,7925000.0,18.045940834090384,0.7218376333636154,2.866515718791933e-07,hypothetical scenario
gaussian,0.85,0.2,316912.0,7925000.0,6736250.0,63382.4,,280504.71624950063,False,7925000.0,17.928843386708863,0.7171537354683545,2.866515718791933e-07,hypothetical scenario
gaussian,0.852,0.2,316912.0,7925000.0,6752100.0,63382.4,,281391.70182242576,False,7925000.0,17.810024859180405,0.7124009943672163,2.866515718791933e-07,hypothetical scenario
gaussian,0.854,0.2,316912.0,7925000.0,6767950.0,63382.4,,282284.66858186777,False,7925000.0,17.689460173590135,0.7075784069436054,2.866515718791933e-07,hypothetical scenario
gaussian,0.856,0.2,316912.0,7925000.0,6783800.0,63382.4,,283183.78744940297,False,7925000.0,17.56712370454364,0.7026849481817456,2.866515718791933e-07,hypothetical scenario
gaussian,0.858,0.2,316912.0,7925000.0,6799650.0,63382.4,,284089.23609911685,False,7925000.0,17.442989257409703,0.6977195702963881,2.866515718791933e-07,hypothetical scenario
gaussian,0.86,0.2,316912.0,7925000.0,6815500.0,63382.4,,285001.19932494016,False,7925000.0,17.317030045361058,0.6926812018144424,2.866515718791933e-07,hypothetical scenario
gaussian,0.862,0.2,316912.0,7925000.0,6831350.0,63382.4,,285919.8694336349,False,7925000.0,17.189218665129747,0.6875687466051899,2.866515718791933e-07,hypothetical scenario
gaussian,0.864,0.2,316912.0,7925000.0,6847200.0,63382.4,,286845.4466656217,False,7925000.0,17.059527071386594,0.6823810828554637,2.866515718791933e-07,hypothetical scenario
gaussian,0.866,0.2,316912.0,7925000.0,6863050.0,63382.4,,287778.1396460632,False,7925000.0,16.927926549646305,0.6771170619858522,2.866515718791933e-07,hypothetical scenario
gaussian,0.868,0.2,316912.0,7925000.0,6878900.0,63382.4,,288718.1658688673,False,7925000.0,16.794387687591282,0.6717755075036513,2.866515718791933e-07,hypothetical scenario
gaussian,0.87,0.2,316912.0,7925000.0,6894750.0,63382.4,,289665.7522165511,False,7925000.0,16.6588803446976,0.666355213787904,2.866515718791933e-07,hypothetical scenario
gaussian,0.872,0.2,316912.0,7925000.0,6910600.0,63382.4,,290621.1355192224,False,7925000.0,16.52137362003599,0.6608549448014397,2.866515718791933e-07,hypothetical scenario
gaussian,0.874,0.2,316912.0,7925000.0,6926450.0,63382.4,,291584.56315628375,False,7925000.0,16.381835818109124,0.655273432724365,2.866515718791933e-07,hypothetical scenario
gaussian,0.876,0.2,316912.0,7925000.0,6942300.0,63382.4,,292556.29370486137,False,7925000.0,16.240234412573614,0.6496093765029446,2.866515718791933e-07,hypothetical scenario
gaussian,0.878,0.2,316912.0,7925000.0,6958150.0,63382.4,,293536.5976394083,False,7925000.0,16.09653600768035,0.6438614403072139,2.866515718791933e-07,hypothetical scenario
gaussian,0.88,0.2,316912.0,7925000.0,6974000.0,63382.4,,294525.75808743347,False,7924999.999999999,15.950706297251385,0.6380282518900554,2.866515718791933e-07,hypothetical scenario
gaussian,0.882,0.2,316912.0,7925000.0,6989850.0,63382.4,,295524.0716468805,False,7924999.999999999,15.80271002099321,0.6321084008397284,2.866515718791933e-07,hypothetical scenario
gaussian,0.884,0.2,316912.0,7925000.0,7005700.0,63382.4,,296531.8492713277,False,7924999.999999999,15.652510917926577,0.6261004367170631,2.866515718791933e-07,hypothetical scenario
gaussian,0.886,0.2,316912.0,7925000.0,7021550.0,63382.4,,297549.4172299165,False,7924999.999999998,15.500071676690725,0.620002867067629,2.866515718791933e-07,hypothetical scenario
gaussian,0.888,0.2,316912.0,7925000.0,7037400.0,63382.4,,298577.11814975255,False,7925000.0,15.345353882454877,0.613814155298195,2.866515718791933e-07,hypothetical scenario
gaussian,0.89,0.2,316912.0,7925000.0,7053250.0,63382.4,,299615.3121494862,False,7924999.999999999,15.188317960141468,0.6075327184056587,2.866515718791933e-07,hypothetical scenario
gaussian,0.892,0.2,316912.0,7925000.0,7069100.0,63382.4,,300664.37807386584,False,7925000.0,15.028923113634828,0.6011569245453932,2.866515718791933e-07,hypothetical scenario
gaussian,0.894,0.2,316912.0,7925000.0,7084950.0,63382.4,,301724.7148403235,False,7925000.0,14.867127260612307,0.5946850904244922,2.866515718791933e-07,hypothetical scenario
gaussian,0.896,0.2,316912.0,7925000.0,7100800.0,63382.4,,302796.74291008967,False,7925000.0,14.702886962595544,0.5881154785038217,2.866515718791933e-07,hypothetical scenario
gaussian,0.898,0.2,316912.0,7925000.0,7116650.0,63382.4,,303880.9058980022,False,7925000.0,14.536157349773566,0.5814462939909426,2.866515718791933e-07,hypothetical scenario
gaussian,0.9,0.2,316912.0,7925000.0,7132500.0,63382.4,,304977.67233709875,False,7925000.000000001,14.366892040097701,0.574675681603908,2.866515718791933e-07,hypothetical scenario
gaussian,0.902,0.2,316912.0,7925000.0,7148350.0,63382.4,,306087.53761631105,False,7925000.0,14.195043052089613,0.5678017220835845,2.866515718791933e-07,hypothetical scenario
gaussian,0.904,0.2,316912.0,7925000.0,7164200.0,63382.4,,307211.02611217153,False,7925000.0,14.020560710736573,0.560822428429463,2.866515718791933e-07,hypothetical scenario
gaussian,0.906,0.2,316912.0,7925000.0,7180050.0,63382.4,,308348.69353846414,False,7925000.000000001,13.84339354577118,0.5537357418308472,2.866515718791933e-07,hypothetical scenario
gaussian,0.908,0.2,316912.0,7925000.0,7195900.0,63382.4,,309501.1295412809,False,7925000.000000002,13.66348818154515,0.546539527261806,2.866515718791933e-07,hypothetical scenario
gaussian,0.91,0.2,316912.0,7925000.0,7211750.0,63382.4,,310668.9605710894,False,7925000.000000003,13.48078921760523,0.5392315687042092,2.866515718791933e-07,hypothetical scenario
gaussian,0.912,0.2,316912.0,7925000.0,7227600.0,63382.4,,311852.8530682902,False,7925000.000000006,13.295239098962744,0.5318095639585098,2.866515718791933e-07,hypothetical scenario
gaussian,0.914,0.2,316912.0,7925000.0,7243450.0,63382.4,,313053.5170044967,False,7925000.000000009,13.106777974913625,0.524271118996545,2.866515718791933e-07,hypothetical scenario
gaussian,0.916,0.2,316912.0,7925000.0,7259300.0,63382.4,,314271.70982859295,False,7925000.000000013,12.915343545108746,0.5166137418043498,2.866515718791933e-07,hypothetical scenario
gaussian,0.918,0.2,316912.0,7925000.0,7275150.0,63382.4,,315508.2408747348,False,7925000.0000000205,12.720870891392764,0.5088348356557105,2.866515718791933e-07,hypothetical scenario
gaussian,0.92,0.2,316912.0,7925000.0,7291000.0,63382.4,,316763.97629915574,False,7924999.99999999,12.523292293715595,0.5009316917486238,2.866515718791933e-07,hypothetical scenario
gaussian,0.922,0.2,316912.0,7925000.0,7306850.0,63382.4,,318039.84462423035,False,7925000.0,12.322537028175386,0.49290148112701543,2.866515718791933e-07,hypothetical scenario
gaussian,0.924,0.2,316912.0,7925000.0,7322700.0,63382.4,,319336.8429823117,False,7925000.0,12.11853114494709,0.4847412457978836,2.866515718791933e-07,hypothetical scenario
gaussian,0.926,0.2,316912.0,7925000.0,7338550.0,63382.4,,320656.0441686695,False,7925000.0,11.911197223522283,0.4764478889408913,2.866515718791933e-07,hypothetical scenario
gaussian,0.928,0.2,316912.0,7925000.0,7354400.0,63382.4,,321998.6046335559,False,7925000.0,11.700454102255073,0.4680181640902029,2.866515718791933e-07,hypothetical scenario
gaussian,0.93,0.2,316912.0,7925000.0,7370250.0,63382.4,,323365.7735684805,False,7925000.0,11.48621657873152,0.4594486631492608,2.866515718791933e-07,hypothetical scenario
gaussian,0.932,0.2,316912.0,7925000.0,7386100.0,63382.4,,324758.90327268076,False,7925000.0,11.268395076887897,0.45073580307551586,2.866515718791933e-07,hypothetical scenario
gaussian,0.934,0.2,316912.0,7925000.0,7401950.0,63382.4,,326179.461023888,False,7925000.0,11.04689527609844,0.4418758110439376,2.866515718791933e-07,hypothetical scenario
gaussian,0.936,0.2,316912.0,7925000.0,7417800.0,63382.4,,327629.04272484145,False,7925000.0,10.82161769659985,0.432864707863994,2.866515718791933e-07,hypothetical scenario
gaussian,0.9380000000000001,0.2,316912.0,7925000.0,7433650.0,63382.4,,329109.3886561861,False,7925000.0,10.592457234582406,0.42369828938329623,2.866515718791933e-07,hypothetical scenario
gaussian,0.9400000000000001,0.2,316912.0,7925000.0,7449500.0,63382.4,,330622.4017408444,False,7925000.0,10.35930263900982,0.41437210556039283,2.866515718791933e-07,hypothetical scenario
gaussian,0.9420000000000001,0.2,316912.0,7925000.0,7465350.000000001,63382.4,,332170.1688192704,False,7925000.0,10.122035920670205,0.4048814368268082,2.866515718791933e-07,hypothetical scenario
gaussian,0.9440000000000001,0.2,316912.0,7925000.0,7481200.000000001,63382.4,,333754.98555536306,False,7925000.0,9.880531682030485,0.3952212672812194,2.866515718791933e-07,hypothetical scenario
gaussian,0.9460000000000001,0.2,316912.0,7925000.0,7497050.000000001,63382.4,,335379.3857476445,False,7925000.0,9.634656354059873,0.3853862541623949,2.866515718791933e-07,hypothetical scenario
gaussian,0.9480000000000001,0.2,316912.0,7925000.0,7512900.000000001,63382.4,,337046.17602112103,False,7925000.0,9.384267323168078,0.37537069292672315,2.866515718791933e-07,hypothetical scenario
gaussian,0.9500000000000001,0.2,316912.0,7925000.0,7528750.000000001,63382.4,,338758.47713807534,False,7925000.0,9.129211927580256,0.3651684771032102,2.866515718791933e-07,hypothetical scenario
gaussian,0.9520000000000001,0.2,316912.0,7925000.0,7544600.000000001,63382.4,,340519.77351332176,False,7925000.0,8.869326297593554,0.3547730519037422,2.866515718791933e-07,hypothetical scenario
gaussian,0.9540000000000001,0.2,316912.0,7925000.0,7560450.000000001,63382.4,,342333.97298312024,False,7925000.0,8.604434007878686,0.34417736031514745,2.866515718791933e-07,hypothetical scenario
gaussian,0.9560000000000001,0.2,316912.0,7925000.0,7576300.000000001,63382.4,,344205.4795028922,False,7925000.0,8.334344501823967,0.3333737800729587,2.866515718791933e-07,hypothetical scenario
gaussian,0.9580000000000001,0.2,316912.0,7925000.0,7592150.000000001,63382.4,,346139.28230413847,False,7925000.0,8.058851237189723,0.3223540494875889,2.866515718791933e-07,hypothetical scenario
gaussian,0.96,0.2,316912.0,7925000.0,7608000.0,63382.4,,348141.06622484664,False,7925000.0,7.777729488082688,0.3111091795233075,2.866515718791933e-07,hypothetical scenario
gaussian,0.962,0.2,316912.0,7925000.0,7623850.0,63382.4,,350217.34958986455,False,7925000.0,7.490733719076373,0.2996293487630549,2.866515718791933e-07,hypothetical scenario
gaussian,0.964,0.2,316912.0,7925000.0,7639700.0,63382.4,,352375.65838784515,False,7924999.999999999,7.197594421143094,0.28790377684572377,2.866515718791933e-07,hypothetical scenario
gaussian,0.966,0.2,316912.0,7925000.0,7655550.0,63382.4,,354624.7489288208,False,7925000.0,6.89801426285578,0.2759205705142312,2.866515718791933e-07,hypothetical scenario
gaussian,0.968,0.2,316912.0,7925000.0,7671400.0,63382.4,,356974.89624600013,False,7924999.999999999,6.591663359382649,0.26366653437530596,2.866515718791933e-07,hypothetical scenario
gaussian,0.97,0.2,316912.0,7925000.0,7687250.0,63382.4,,359438.2731685468,False,7924999.999999999,6.278173388839583,0.25112693555358334,2.866515718791933e-07,hypothetical scenario
gaussian,0.972,0.2,316912.0,7925000.0,7703100.0,63382.4,,362029.45682290656,False,7924999.999999999,5.957130178940622,0.23828520715762486,2.866515718791933e-07,hypothetical scenario
gaussian,0.974,0.2,316912.0,7925000.0,7718950.0,63382.4,,364766.11806399625,False,7924999.999999999,5.628064227517976,0.22512256910071904,2.866515718791933e-07,hypothetical scenario
gaussian,0.976,0.2,316912.0,7925000.0,7734800.0,63382.4,,367669.9799141747,False,7924999.999999999,5.2904383761495435,0.21161753504598174,2.866515718791933e-07,hypothetical scenario
gaussian,0.978,0.2,316912.0,7925000.0,7750650.0,63382.4,,370768.18265554693,False,7925000.0,4.943631470557802,0.1977452588223121,2.866515718791933e-07,hypothetical scenario
gaussian,0.98,0.2,316912.0,7925000.0,7766500.0,63382.4,,374095.28358425805,False,7925000.0,4.58691621244948,0.18347664849797918,2.866515718791933e-07,hypothetical scenario
gaussian,0.982,0.2,316912.0,7925000.0,7782350.0,63382.4,,377696.28499309276,False,7925000.0,4.2194283410376645,0.1687771336415066,2.866515718791933e-07,hypothetical scenario
gaussian,0.984,0.2,316912.0,7925000.0,7798200.0,63382.4,,381631.40363518585,False,7925000.0,3.840122390456878,0.15360489561827512,2.866515718791933e-07,hypothetical scenario
gaussian,0.986,0.2,316912.0,7925000.0,7814050.0,63382.4,,385983.9523758833,False,7924999.999999999,3.447705725161565,0.1379082290064626,2.866515718791933e-07,hypothetical scenario
gaussian,0.988,0.2,316912.0,7925000.0,7829900.0,63382.4,,390874.1653081524,False,7925000.0,3.0405354617013254,0.12162141846805302,2.866515718791933e-07,hypothetical scenario
gaussian,0.99,0.2,316912.0,7925000.0,7845750.0,63382.4,,396485.3731973388,False,7925000.0,2.6164474582131225,0.1046578983285249,2.866515718791933e-07,hypothetical scenario
gaussian,0.992,0.2,316912.0,7925000.0,7861600.0,63382.4,,403118.87213306717,False,7925000.0,2.172449192270634,0.08689796769082536,2.866515718791933e-07,hypothetical scenario
gaussian,0.994,0.2,316912.0,7925000.0,7877450.0,63382.4,,411326.7011385249,False,7925000.0,1.7041035958655142,0.06816414383462056,2.866515718791933e-07,hypothetical scenario
gaussian,0.996,0.2,316912.0,7925000.0,7893300.0,63382.4,,422312.8505707657,False,7925000.0,1.2040665438789389,0.04816266175515756,2.866515718791933e-07,hypothetical scenario
gaussian,0.998,0.2,316912.0,7925000.0,7909150.0,63382.4,,439762.9810405077,False,7925000.0,0.6574080522211593,0.02629632208884637,2.866515718791933e-07,hypothetical scenario
gaussian,1.0,0.2,316912.0,7925000.0,7925000.0,63382.4,,,True,7925000.0,0.0,0.0,2.866515718791933e-07,hypothetical scenario
gaussian,0.0,0.3,316912.0,7925000.0,0.0,95073.59999999999,,-77.37750303070061,False,7925000.0,24.989304829485025,0.999572193179401,0.0004290603331968372,hypothetical scenario
gaussian,0.002,0.3,316912.0,7925000.0,15850.0,95073.59999999999,,556.8971224694396,False,7925000.000000001,24.989045424792227,0.9995618169916891,0.0004290603331968372,hypothetical scenario
gaussian,0.004,0.3,316912.0,7925000.0,31700.0,95073.59999999999,,1191.1784059277852,False,7924999.999999999,24.988780194404104,0.9995512077761641,0.0004290603331968372,hypothetical scenario
gaussian,0.006,0.3,316912.0,7925000.0,47550.0,95073.59999999999,,1825.4664968623547,False,7924999.999999999,24.98850901942963,0.9995403607771852,0.0004290603331968372,hypothetical scenario
gaussian,0.008,0.3,316912.0,7925000.0,63400.0,95073.59999999999,,2459.76154784573,False,7925000.0,24.988231778840138,0.9995292711536056,0.0004290603331968372,hypothetical scenario
gaussian,0.01,0.3,316912.0,7925000.0,79250.0,95073.59999999999,,3094.0637145604705,False,7924999.999999999,24.987948349437364,0.9995179339774946,0.0004290603331968372,hypothetical scenario
gaussian,0.012,0.3,316912.0,7925000.0,95100.0,95073.59999999999,,3728.373155854584,False,7925000.000000001,24.98765860582126,0.9995063442328503,0.0004290603331968372,hypothetical scenario
gaussian,0.014,0.3,316912.0,7925000.0,110950.0,95073.59999999999,,4362.690033798746,False,7925000.0,24.987362420357382,0.9994944968142953,0.0004290603331968372,hypothetical scenario
gaussian,0.016,0.3,316912.0,7925000.0,126800.0,95073.59999999999,,4997.014513743867,False,7924999.999999999,24.987059663144002,0.99948238652576,0.0004290603331968372,hypothetical scenario
gaussian,0.018000000000000002,0.3,316912.0,7925000.0,142650.00000000003,95073.59999999999,,5631.34676437953,False,7925000.0,24.98675020197884,0.9994700080791535,0.0004290603331968372,hypothetical scenario
gaussian,0.02,0.3,316912.0,7925000.0,158500.0,95073.59999999999,,6265.6869577936595,False,7925000.0,24.98643390232545,0.9994573560930181,0.0004290603331968372,hypothetical scenario
gaussian,0.022,0.3,316912.0,7925000.0,174350.0,95073.59999999999,,6900.035269532644,False,7924999.999999999,24.986110627279317,0.9994444250911727,0.0004290603331968372,hypothetical scenario
gaussian,0.024,0.3,316912.0,7925000.0,190200.0,95073.59999999999,,7534.391878662398,False,7925000.000000001,24.985780237533543,0.9994312095013417,0.0004290603331968372,hypothetical scenario
gaussian,0.026000000000000002,0.3,316912.0,7925000.0,206050.00000000003,95073.59999999999,,8168.756967830937,False,7925000.0,24.985442591344245,0.9994177036537698,0.0004290603331968372,hypothetical scenario
gaussian,0.028,0.3,316912.0,7925000.0,221900.0,95073.59999999999,,8803.13072333089,False,7924999.999999999,24.98509754449557,0.9994039017798229,0.0004290603331968372,hypothetical scenario
gaussian,0.03,0.3,316912.0,7925000.0,237750.0,95073.59999999999,,9437.513335163647,False,7925000.0,24.9847449502644,0.999389798010576,0.0004290603331968372,hypothetical scenario
gaussian,0.032,0.3,316912.0,7925000.0,253600.0,95073.59999999999,,10071.904997104197,False,7925000.0,24.984384659384688,0.9993753863753875,0.0004290603331968372,hypothetical scenario
gaussian,0.034,0.3,316912.0,7925000.0,269450.0,95073.59999999999,,10706.305906767142,False,7924999.999999998,24.98401652001147,0.9993606608004587,0.0004290603331968372,hypothetical scenario
gaussian,0.036000000000000004,0.3,316912.0,7925000.0,285300.00000000006,95073.59999999999,,11340.716265672934,False,7925000.000000001,24.983640377684505,0.9993456151073802,0.0004290603331968372,hypothetical scenario
gaussian,0.038,0.3,316912.0,7925000.0,301150.0,95073.59999999999,,11975.13627931627,False,7925000.0,24.983256075291607,0.9993302430116643,0.0004290603331968372,hypothetical scenario
gaussian,0.04,0.3,316912.0,7925000.0,317000.0,95073.59999999999,,12609.566157234134,False,7925000.000000001,24.982863453031598,0.9993145381212639,0.0004290603331968372,hypothetical scenario
gaussian,0.042,0.3,316912.0,7925000.0,332850.0,95073.59999999999,,13244.006113076,False,7925000.0,24.982462348376945,0.9992984939350777,0.0004290603331968372,hypothetical scenario
gaussian,0.044,0.3,316912.0,7925000.0,348700.0,95073.59999999999,,13878.456364674028,False,7925000.0,24.98205259603603,0.9992821038414412,0.0004290603331968372,hypothetical scenario
gaussian,0.046,0.3,316912.0,7925000.0,364550.0,95073.59999999999,,14512.917134115181,False,7925000.0,24.98163402791509,0.9992653611166036,0.0004290603331968372,hypothetical scenario
gaussian,0.048,0.3,316912.0,7925000.0,380400.0,95073.59999999999,,15147.388647813525,False,7925000.0,24.981206473079805,0.9992482589231922,0.0004290603331968372,hypothetical scenario
gaussian,0.05,0.3,316912.0,7925000.0,396250.0,95073.59999999999,,15781.87113658432,False,7925000.0,24.980769757716565,0.9992307903086626,0.0004290603331968372,hypothetical scenario
gaussian,0.052000000000000005,0.3,316912.0,7925000.0,412100.00000000006,95073.59999999999,,16416.36483571818,False,7925000.000000001,24.980323705093344,0.9992129482037337,0.0004290603331968372,hypothetical scenario
gaussian,0.054,0.3,316912.0,7925000.0,427950.0,95073.59999999999,,17050.869985057623,False,7924999.999999998,24.979868135520285,0.9991947254208113,0.0004290603331968372,hypothetical scenario
gaussian,0.056,0.3,316912.0,7925000.0,443800.0,95073.59999999999,,17685.38682907296,False,7925000.0,24.979402866309915,0.9991761146523966,0.0004290603331968372,hypothetical scenario
gaussian,0.058,0.3,316912.0,7925000.0,459650.0,95073.59999999999,,18319.91561694123,False,7925000.0,24.97892771173703,0.9991571084694811,0.0004290603331968372,hypothetical scenario
gaussian,0.06,0.3,316912.0,7925000.0,475500.0,95073.59999999999,,18954.456602624152,False,7925000.000000002,24.97844248299821,0.9991376993199285,0.0004290603331968372,hypothetical scenario
gaussian,0.062,0.3,316912.0,7925000.0,491350.0,95073.59999999999,,19589.01004494913,False,7925000.0,24.977946988171055,0.9991178795268422,0.0004290603331968372,hypothetical scenario
gaussian,0.064,0.3,316912.0,7925000.0,507200.0,95073.59999999999,,20223.576207689533,False,7925000.0,24.977441032173,0.99909764128692,0.0004290603331968372,hypothetical scenario
gaussian,0.066,0.3,316912.0,7925000.0,523050.0,95073.59999999999,,20858.15535964747,False,7925000.0,24.976924416719875,0.999076976668795,0.0004290603331968372,hypothetical scenario
gaussian,0.068,0.3,316912.0,7925000.0,538900.0,95073.59999999999,,21492.74777473719,False,7925000.000000001,24.97639694028406,0.9990558776113625,0.0004290603331968372,hypothetical scenario
gaussian,0.07,0.3,316912.0,7925000.0,554750.0,95073.59999999999,,22127.353732069372,False,7925000.0,24.97585839805235,0.999034335922094,0.0004290603331968372,hypothetical scenario
gaussian,0.07200000000000001,0.3,316912.0,7925000.0,570600.0000000001,95073.59999999999,,22761.973516036524,False,7925000.000000001,24.975308581883436,0.9990123432753374,0.0004290603331968372,hypothetical scenario
gaussian,0.074,0.3,316912.0,7925000.0,586450.0,95073.59999999999,,23396.607416400453,False,7925000.0,24.974747280265127,0.9989898912106051,0.0004290603331968372,hypothetical scenario
gaussian,0.076,0.3,316912.0,7925000.0,602300.0,95073.59999999999,,24031.25572837959,False,7925000.000000001,24.97417427827116,0.9989669711308464,0.0004290603331968372,hypothetical scenario
gaussian,0.078,0.3,316912.0,7925000.0,618150.0,95073.59999999999,,24665.918752738507,False,7924999.999999998,24.973589357517728,0.9989435743007091,0.0004290603331968372,hypothetical scenario
gaussian,0.08,0.3,316912.0,7925000.0,634000.0,95073.59999999999,,25300.596795877675,False,7924999.999999999,24.972992296119656,0.9989196918447862,0.0004290603331968372,hypothetical scenario
gaussian,0.082,0.3,316912.0,7925000.0,649850.0,95073.59999999999,,25935.29016992566,False,7925000.0,24.972382868646257,0.9988953147458502,0.0004290603331968372,hypothetical scenario
gaussian,0.084,0.3,316912.0,7925000.0,665700.0,95073.59999999999,,26569.999192831398,False,7925000.0,24.97176084607687,0.9988704338430747,0.0004290603331968372,hypothetical scenario
gaussian,0.08600000000000001,0.3,316912.0,7925000.0,681550.0,95073.59999999999,,27204.72418845794,False,7925000.000000001,24.971125995756047,0.9988450398302419,0.0004290603331968372,hypothetical scenario
gaussian,0.088,0.3,316912.0,7925000.0,697400.0,95073.59999999999,,27839.465486678237,False,7924999.999999998,24.97047808134845,0.998819123253938,0.0004290603331968372,hypothetical scenario
gaussian,0.09,0.3,316912.0,7925000.0,713250.0,95073.59999999999,,28474.223423470452,False,7925000.0,24.969816862793397,0.9987926745117359,0.0004290603331968372,hypothetical scenario
gaussian,0.092,0.3,316912.0,7925000.0,729100.0,95073.59999999999,,29108.99834101682,False,7925000.0,24.969142096259116,0.9987656838503647,0.0004290603331968372,hypothetical scenario
gaussian,0.094,0.3,316912.0,7925000.0,744950.0,95073.59999999999,,29743.790587801603,False,7925000.0,24.96845353409664,0.9987381413638655,0.0004290603331968372,hypothetical scenario
gaussian,0.096,0.3,316912.0,7925000.0,760800.0,95073.59999999999,,30378.600518711377,False,7924999.999999999,24.96775092479345,0.998710036991738,0.0004290603331968372,hypothetical scenario
gaussian,0.098,0.3,316912.0,7925000.0,776650.0,95073.59999999999,,31013.428495136846,False,7925000.000000001,24.967034012926742,0.9986813605170697,0.0004290603331968372,hypothetical scenario
gaussian,0.1,0.3,316912.0,7925000.0,792500.0,95073.59999999999,,31648.274885075283,False,7925000.000000002,24.96630253911642,0.9986521015646568,0.0004290603331968372,hypothetical scenario
gaussian,0.10200000000000001,0.3,316912.0,7925000.0,808350.0,95073.59999999999,,32283.140063234547,False,7924999.999999999,24.965556239977765,0.9986222495991106,0.0004290603331968372,hypothetical scenario
gaussian,0.10400000000000001,0.3,316912.0,7925000.0,824200.0000000001,95073.59999999999,,32918.024411138205,False,7925000.0,24.964794848073822,0.9985917939229529,0.0004290603331968372,hypothetical scenario
gaussian,0.106,0.3,316912.0,7925000.0,840050.0,95073.59999999999,,33552.92831723305,False,7925000.0,24.964018091867445,0.9985607236746978,0.0004290603331968372,hypothetical scenario
gaussian,0.108,0.3,316912.0,7925000.0,855900.0,95073.59999999999,,34187.85217699577,False,7925000.0,24.963225695673067,0.9985290278269227,0.0004290603331968372,hypothetical scenario
gaussian,0.11,0.3,316912.0,7925000.0,871750.0,95073.59999999999,,34822.796393043536,False,7924999.999999999,24.962417379608173,0.9984966951843269,0.0004290603331968372,hypothetical scenario
gaussian,0.112,0.3,316912.0,7925000.0,887600.0,95073.59999999999,,35457.76137524389,False,7925000.0,24.961592859544467,0.9984637143817787,0.0004290603331968372,hypothetical scenario
gaussian,0.114,0.3,316912.0,7925000.0,903450.0,95073.59999999999,,36092.747540827375,False,7925000.0,24.960751847058756,0.9984300738823503,0.0004290603331968372,hypothetical scenario
gaussian,0.116,0.3,316912.0,7925000.0,919300.0,95073.59999999999,,36727.75531450054,False,7924999.999999999,24.959894049383525,0.998395761975341,0.0004290603331968372,hypothetical scenario
gaussian,0.11800000000000001,0.3,316912.0,7925000.0,935150.0000000001,95073.59999999999,,37362.78512856114,False,7925000.000000001,24.959019169357266,0.9983607667742906,0.0004290603331968372,hypothetical scenario
gaussian,0.12,0.3,316912.0,7925000.0,951000.0,95073.59999999999,,37997.83742301428,False,7925000.000000001,24.95812690537447,0.9983250762149788,0.0004290603331968372,hypothetical scenario
gaussian,0.122,0.3,316912.0,7925000.0,966850.0,95073.59999999999,,38632.912645690085,False,7925000.000000002,24.95721695133539,0.9982886780534156,0.0004290603331968372,hypothetical scenario
gaussian,0.124,0.3,316912.0,7925000.0,982700.0,95073.59999999999,,39268.01125236298,False,7925000.0,24.956288996595486,0.9982515598638194,0.0004290603331968372,hypothetical scenario
gaussian,0.126,0.3,316912.0,7925000.0,998550.0,95073.59999999999,,39903.133706871944,False,7924999.999999999,24.95534272591462,0.9982137090365848,0.0004290603331968372,hypothetical scenario
gaussian,0.128,0.3,316912.0,7925000.0,1014400.0,95073.59999999999,,40538.280481242866,False,7924999.999999998,24.954377819405988,0.9981751127762395,0.0004290603331968372,hypothetical scenario
gaussian,0.13,0.3,316912.0,7925000.0,1030250.0,95073.59999999999,,41173.452055811824,False,7925000.0,24.953393952484745,0.9981357580993898,0.0004290603331968372,hypothetical scenario
gaussian,0.132,0.3,316912.0,7925000.0,1046100.0,95073.59999999999,,41808.648919350235,False,7924999.999999999,24.952390795816427,0.998095631832657,0.0004290603331968372,hypothetical scenario
gaussian,0.134,0.3,316912.0,7925000.0,1061950.0,95073.59999999999,,42443.87156919122,False,7924999.999999999,24.95136801526505,0.998054720610602,0.0004290603331968372,hypothetical scenario
gaussian,0.136,0.3,316912.0,7925000.0,1077800.0,95073.59999999999,,43079.1205113575,False,7925000.0,24.95032527184101,0.9980130108736404,0.0004290603331968372,hypothetical scenario
gaussian,0.138,0.3,316912.0,7925000.0,1093650.0,95073.59999999999,,43714.39626069093,False,7925000.0,24.949262221648684,0.9979704888659474,0.0004290603331968372,hypothetical scenario
gaussian,0.14,0.3,316912.0,7925000.0,1109500.0,95073.59999999999,,44349.69934098376,False,7925000.0,24.948178515833828,0.9979271406333531,0.0004290603331968372,hypothetical scenario
gaussian,0.14200000000000002,0.3,316912.0,7925000.0,1125350.0000000002,95073.59999999999,,44985.03028511081,False,7925000.0,24.947073800530678,0.9978829520212271,0.0004290603331968372,hypothetical scenario
gaussian,0.14400000000000002,0.3,316912.0,7925000.0,1141200.0000000002,95073.59999999999,,45620.389635163825,False,7924999.999999999,24.945947716808874,0.997837908672355,0.0004290603331968372,hypothetical scenario
gaussian,0.146,0.3,316912.0,7925000.0,1157050.0,95073.59999999999,,46255.77794258704,False,7924999.999999999,24.94479990062008,0.9977919960248032,0.0004290603331968372,hypothetical scenario
gaussian,0.148,0.3,316912.0,7925000.0,1172900.0,95073.59999999999,,46891.19576831459,False,7925000.000000001,24.943629982744433,0.9977451993097773,0.0004290603331968372,hypothetical scenario
gaussian,0.15,0.3,316912.0,7925000.0,1188750.0,95073.59999999999,,47526.64368290943,False,7924999.999999998,24.942437588736734,0.9976975035494694,0.0004290603331968372,hypothetical scenario
gaussian,0.152,0.3,316912.0,7925000.0,1204600.0,95073.59999999999,,48162.12226670323,False,7924999.999999998,24.941222338872407,0.9976488935548963,0.0004290603331968372,hypothetical scenario
gaussian,0.154,0.3,316912.0,7925000.0,1220450.0,95073.59999999999,,48797.632109939295,False,7924999.999999997,24.939983848093263,0.9975993539237306,0.0004290603331968372,hypothetical scenario
gaussian,0.156,0.3,316912.0,7925000.0,1236300.0,95073.59999999999,,49433.17381291563,False,7924999.999999999,24.93872172595303,0.9975488690381212,0.0004290603331968372,hypothetical scenario
gaussian,0.158,0.3,316912.0,7925000.0,1252150.0,95073.59999999999,,50068.747986130766,False,7924999.999999997,24.9374355765627,0.997497423062508,0.0004290603331968372,hypothetical scenario
gaussian,0.16,0.3,316912.0,7925000.0,1268000.0,95073.59999999999,,50704.35525043029,False,7924999.999999996,24.936124998535636,0.9974449999414254,0.0004290603331968372,hypothetical scenario
gaussian,0.162,0.3,316912.0,7925000.0,1283850.0,95073.59999999999,,51339.99623715598,False,7924999.999999996,24.934789584932492,0.9973915833972997,0.0004290603331968372,hypothetical scenario
gaussian,0.164,0.3,316912.0,7925000.0,1299700.0,95073.59999999999,,51975.67158829601,False,7924999.999999995,24.93342892320596,0.9973371569282383,0.0004290603331968372,hypothetical scenario
gaussian,0.166,0.3,316912.0,7925000.0,1315550.0,95073.59999999999,,52611.38195663702,False,7924999.999999995,24.932042595145276,0.997281703805811,0.0004290603331968372,hypothetical scenario
gaussian,0.168,0.3,316912.0,7925000.0,1331400.0,95073.59999999999,,53247.12800591794,False,7924999.999999994,24.930630176820603,0.9972252070728241,0.0004290603331968372,hypothetical scenario
gaussian,0.17,0.3,316912.0,7925000.0,1347250.0,95073.59999999999,,53882.91041098541,False,7924999.999999995,24.929191238527167,0.9971676495410867,0.0004290603331968372,hypothetical scenario
gaussian,0.17200000000000001,0.3,316912.0,7925000.0,1363100.0,95073.59999999999,,54518.7298579514,False,7924999.999999992,24.927725344729268,0.9971090137891707,0.0004290603331968372,hypothetical scenario
gaussian,0.17400000000000002,0.3,316912.0,7925000.0,1378950.0000000002,95073.59999999999,,55154.58704435153,False,7924999.999999991,24.926232054004085,0.9970492821601634,0.0004290603331968372,hypothetical scenario
gaussian,0.176,0.3,316912.0,7925000.0,1394800.0,95073.59999999999,,55790.482679306704,False,7924999.999999989,24.92471091898534,0.9969884367594136,0.0004290603331968372,hypothetical scenario
gaussian,0.178,0.3,316912.0,7925000.0,1410650.0,95073.59999999999,,56426.4174836851,False,7924999.999999987,24.92316148630678,0.9969264594522711,0.0004290603331968372,hypothetical scenario
gaussian,0.18,0.3,316912.0,7925000.0,1426500.0,95073.59999999999,,57062.39219026681,False,7924999.999999985,24.921583296545503,0.9968633318618201,0.0004290603331968372,hypothetical scenario
gaussian,0.182,0.3,316912.0,7925000.0,1442350.0,95073.59999999999,,57698.40754390988,False,7924999.999999982,24.919975884165158,0.9967990353666063,0.0004290603331968372,hypothetical scenario
gaussian,0.184,0.3,316912.0,7925000.0,1458200.0,95073.59999999999,,58334.464301718486,False,7924999.9999999795,24.91833877745897,0.9967335510983588,0.0004290603331968372,hypothetical scenario
gaussian,0.186,0.3,316912.0,7925000.0,1474050.0,95073.59999999999,,58970.563233212684,False,7924999.999999974,24.916671498492622,0.9966668599397049,0.0004290603331968372,hypothetical scenario
gaussian,0.188,0.3,316912.0,7925000.0,1489900.0,95073.59999999999,,59606.70512050003,False,7924999.999999971,24.914973563047045,0.9965989425218819,0.0004290603331968372,hypothetical scenario
gaussian,0.19,0.3,316912.0,7925000.0,1505750.0,95073.59999999999,,60242.89075844959,False,7924999.999999965,24.91324448056099,0.9965297792224397,0.0004290603331968372,hypothetical scenario
gaussian,0.192,0.3,316912.0,7925000.0,1521600.0,95073.59999999999,,60879.12095486696,False,7924999.99999996,24.9114837540736,0.9964593501629441,0.0004290603331968372,hypothetical scenario
gaussian,0.194,0.3,316912.0,7925000.0,1537450.0,95073.59999999999,,61515.39653067198,False,7924999.999999954,24.909690880166735,0.9963876352066694,0.0004290603331968372,hypothetical scenario
gaussian,0.196,0.3,316912.0,7925000.0,1553300.0,95073.59999999999,,62151.718320077896,False,7924999.999999945,24.907865348907254,0.9963146139562902,0.0004290603331968372,hypothetical scenario
gaussian,0.198,0.3,316912.0,7925000.0,1569150.0,95073.59999999999,,62788.08717076783,False,7925000.000000056,24.9060066437892,0.9962402657515681,0.0004290603331968372,hypothetical scenario
gaussian,0.2,0.3,316912.0,7925000.0,1585000.0,95073.59999999999,,63424.50394409732,False,7925000.000000048,24.90411424167579,0.9961645696670316,0.0004290603331968372,hypothetical scenario
gaussian,0.202,0.3,316912.0,7925000.0,1600850.0,95073.59999999999,,64060.969515250734,False,7925000.000000034,24.90218761274143,0.9960875045096571,0.0004290603331968372,hypothetical scenario
gaussian,0.20400000000000001,0.3,316912.0,7925000.0,1616700.0,95073.59999999999,,64697.48477344736,False,7925000.000000018,24.90022622041357,0.9960090488165427,0.0004290603331968372,hypothetical scenario
gaussian,0.20600000000000002,0.3,316912.0,7925000.0,1632550.0000000002,95073.59999999999,,65334.05062212603,False,7925000.000000002,24.898229521314434,0.9959291808525773,0.0004290603331968372,hypothetical scenario
gaussian,0.20800000000000002,0.3,316912.0,7925000.0,1648400.0000000002,95073.59999999999,,65970.66797913559,False,7925000.0,24.896196965202765,0.9958478786081106,0.0004290603331968372,hypothetical scenario
gaussian,0.21,0.3,316912.0,7925000.0,1664250.0,95073.59999999999,,66607.3377769301,False,7925000.0,24.8941279949154,0.9957651197966161,0.0004290603331968372,hypothetical scenario
gaussian,0.212,0.3,316912.0,7925000.0,1680100.0,95073.59999999999,,67244.06096276251,False,7925000.000000001,24.892022046308824,0.9956808818523529,0.0004290603331968372,hypothetical scenario
gaussian,0.214,0.3,316912.0,7925000.0,1695950.0,95073.59999999999,,67880.83849888228,False,7925000.0,24.889878548200663,0.9955951419280266,0.0004290603331968372,hypothetical scenario
gaussian,0.216,0.3,316912.0,7925000.0,1711800.0,95073.59999999999,,68517.67136273501,False,7924999.999999999,24.88769692231108,0.9955078768924431,0.0004290603331968372,hypothetical scenario
gaussian,0.218,0.3,316912.0,7925000.0,1727650.0,95073.59999999999,,69154.56054716412,False,7924999.999999999,24.88547658320414,0.9954190633281657,0.0004290603331968372,hypothetical scenario
gaussian,0.22,0.3,316912.0,7925000.0,1743500.0,95073.59999999999,,69791.50706061447,False,7925000.0,24.883216938229143,0.9953286775291658,0.0004290603331968372,hypothetical scenario
gaussian,0.222,0.3,316912.0,7925000.0,1759350.0,95073.59999999999,,70428.51192733849,False,7925000.0,24.880917387461867,0.9952366954984747,0.0004290603331968372,hypothetical scenario
gaussian,0.224,0.3,316912.0,7925000.0,1775200.0,95073.59999999999,,71065.57618760393,False,7925000.000000001,24.87857732364581,0.9951430929458325,0.0004290603331968372,hypothetical scenario
gaussian,0.226,0.3,316912.0,7925000.0,1791050.0,95073.59999999999,,71702.70089790429,False,7925000.0,24.876196132133373,0.995047845285335,0.0004290603331968372,hypothetical scenario
gaussian,0.228,0.3,316912.0,7925000.0,1806900.0,95073.59999999999,,72339.88713117133,False,7924999.999999999,24.873773190827055,0.9949509276330822,0.0004290603331968372,hypothetical scenario
gaussian,0.23,0.3,316912.0,7925000.0,1822750.0,95073.59999999999,,72977.13597698961,False,7924999.999999999,24.871307870120575,0.994852314804823,0.0004290603331968372,hypothetical scenario
gaussian,0.232,0.3,316912.0,7925000.0,1838600.0,95073.59999999999,,73614.44854181376,False,7925000.0,24.868799532839997,0.9947519813135999,0.0004290603331968372,hypothetical scenario
gaussian,0.234,0.3,316912.0,7925000.0,1854450.0,95073.59999999999,,74251.82594918736,False,7925000.0,24.866247534184875,0.9946499013673951,0.0004290603331968372,hypothetical scenario
gaussian,0.23600000000000002,0.3,316912.0,7925000.0,1870300.0000000002,95073.59999999999,,74889.26933996487,False,7924999.999999998,24.863651221669333,0.9945460488667733,0.0004290603331968372,hypothetical scenario
gaussian,0.23800000000000002,0.3,316912.0,7925000.0,1886150.0000000002,95073.59999999999,,75526.779872535,False,7925000.0,24.861009935063187,0.9944403974025274,0.0004290603331968372,hypothetical scenario
gaussian,0.24,0.3,316912.0,7925000.0,1902000.0,95073.59999999999,,76164.35872304754,False,7925000.000000001,24.85832300633306,0.9943329202533223,0.0004290603331968372,hypothetical scenario
gaussian,0.242,0.3,316912.0,7925000.0,1917850.0,95073.59999999999,,76802.00708564153,False,7924999.999999999,24.85558975958348,0.9942235903833392,0.0004290603331968372,hypothetical scenario
gaussian,0.244,0.3,316912.0,7925000.0,1933700.0,95073.59999999999,,77439.7261726761,False,7925000.0,24.85280951099806,0.9941123804399224,0.0004290603331968372,hypothetical scenario
gaussian,0.246,0.3,316912.0,7925000.0,1949550.0,95073.59999999999,,78077.51721496438,False,7924999.999999998,24.849981568780603,0.9939992627512241,0.0004290603331968372,hypothetical scenario
gaussian,0.248,0.3,316912.0,7925000.0,1965400.0,95073.59999999999,,78715.38146200875,False,7925000.000000001,24.847105233096304,0.9938842093238521,0.0004290603331968372,hypothetical scenario
gaussian,0.25,0.3,316912.0,7925000.0,1981250.0,95073.59999999999,,79353.3201822397,False,7925000.000000001,24.84417979601295,0.993767191840518,0.0004290603331968372,hypothetical scenario
gaussian,0.252,0.3,316912.0,7925000.0,1997100.0,95073.59999999999,,79991.33466325607,False,7925000.0,24.841204541442163,0.9936481816576865,0.0004290603331968372,hypothetical scenario
gaussian,0.254,0.3,316912.0,7925000.0,2012950.0,95073.59999999999,,80629.42621206882,False,7924999.999999999,24.838178745080686,0.9935271498032274,0.0004290603331968372,hypothetical scenario
gaussian,0.256,0.3,316912.0,7925000.0,2028800.0,95073.59999999999,,81267.59615534643,False,7924999.999999999,24.835101674351677,0.993404066974067,0.0004290603331968372,hypothetical scenario
gaussian,0.258,0.3,316912.0,7925000.0,2044650.0,95073.59999999999,,81905.84583966364,False,7925000.000000001,24.831972588346115,0.9932789035338446,0.0004290603331968372,hypothetical scenario
gaussian,0.26,0.3,316912.0,7925000.0,2060500.0,95073.59999999999,,82544.17663175255,False,7924999.999999998,24.82879073776418,0.9931516295105672,0.0004290603331968372,hypothetical scenario
gaussian,0.262,0.3,316912.0,7925000.0,2076350.0,95073.59999999999,,83182.58991875572,False,7925000.0,24.825555364856775,0.993022214594271,0.0004290603331968372,hypothetical scenario
gaussian,0.264,0.3,316912.0,7925000.0,2092200.0,95073.59999999999,,83821.08710848304,False,7925000.000000001,24.822265703367023,0.9928906281346809,0.0004290603331968372,hypothetical scenario
gaussian,0.266,0.3,316912.0,7925000.0,2108050.0,95073.59999999999,,84459.66962967053,False,7925000.0,24.818920978471898,0.9927568391388759,0.0004290603331968372,hypothetical scenario
gaussian,0.268,0.3,316912.0,7925000.0,2123900.0,95073.59999999999,,85098.33893224181,False,7925000.000000001,24.81552040672389,0.9926208162689556,0.0004290603331968372,hypothetical scenario
gaussian,0.27,0.3,316912.0,7925000.0,2139750.0,95073.59999999999,,85737.09648757285,False,7925000.0,24.81206319599276,0.9924825278397104,0.0004290603331968372,hypothetical scenario
gaussian,0.272,0.3,316912.0,7925000.0,2155600.0,95073.59999999999,,86375.94378875894,False,7925000.000000001,24.808548545407344,0.9923419418162938,0.0004290603331968372,hypothetical scenario
gaussian,0.274,0.3,316912.0,7925000.0,2171450.0,95073.59999999999,,87014.88235088502,False,7925000.0,24.804975645297482,0.9921990258118992,0.0004290603331968372,hypothetical scenario
gaussian,0.276,0.3,316912.0,7925000.0,2187300.0,95073.59999999999,,87653.913711298,False,7925000.0,24.801343677135993,0.9920537470854397,0.0004290603331968372,hypothetical scenario
gaussian,0.278,0.3,316912.0,7925000.0,2203150.0,95073.59999999999,,88293.03942988324,False,7925000.0,24.797651813480766,0.9919060725392306,0.0004290603331968372,hypothetical scenario
gaussian,0.28,0.3,316912.0,7925000.0,2219000.0,95073.59999999999,,88932.26108934256,False,7925000.000000001,24.79389921791693,0.9917559687166773,0.0004290603331968372,hypothetical scenario
gaussian,0.28200000000000003,0.3,316912.0,7925000.0,2234850.0,95073.59999999999,,89571.58029547622,False,7925000.000000001,24.79008504499912,0.9916034017999649,0.0004290603331968372,hypothetical scenario
gaussian,0.28400000000000003,0.3,316912.0,7925000.0,2250700.0000000005,95073.59999999999,,90210.99867746737,False,7925000.000000002,24.78620844019383,0.9914483376077531,0.0004290603331968372,hypothetical scenario
gaussian,0.28600000000000003,0.3,316912.0,7925000.0,2266550.0000000005,95073.59999999999,,90850.51788816944,False,7925000.0,24.78226853982191,0.9912907415928764,0.0004290603331968372,hypothetical scenario
gaussian,0.28800000000000003,0.3,316912.0,7925000.0,2282400.0000000005,95073.59999999999,,91490.13960439715,False,7925000.0,24.778264471001123,0.9911305788400449,0.0004290603331968372,hypothetical scenario
gaussian,0.29,0.3,316912.0,7925000.0,2298250.0,95073.59999999999,,92129.86552722019,False,7924999.999999998,24.77419535158882,0.9909678140635527,0.0004290603331968372,hypothetical scenario
gaussian,0.292,0.3,316912.0,7925000.0,2314100.0,95073.59999999999,,92769.69738225962,False,7924999.999999999,24.770060290124754,0.9908024116049902,0.0004290603331968372,hypothetical scenario
gaussian,0.294,0.3,316912.0,7925000.0,2329950.0,95073.59999999999,,93409.63691998864,False,7925000.000000001,24.76585838577396,0.9906343354309584,0.0004290603331968372,hypothetical scenario
gaussian,0.296,0.3,316912.0,7925000.0,2345800.0,95073.59999999999,,94049.68591603538,False,7925000.000000001,24.761588728269796,0.9904635491307918,0.0004290603331968372,hypothetical scenario
gaussian,0.298,0.3,316912.0,7925000.0,2361650.0,95073.59999999999,,94689.84617148945,False,7925000.000000001,24.757250397857067,0.9902900159142827,0.0004290603331968372,hypothetical scenario
gaussian,0.3,0.3,316912.0,7925000.0,2377500.0,95073.59999999999,,95330.11951321192,False,7925000.0,24.75284246523529,0.9901136986094116,0.0004290603331968372,hypothetical scenario
gaussian,0.302,0.3,316912.0,7925000.0,2393350.0,95073.59999999999,,95970.50779414838,False,7925000.0,24.748363991502075,0.989934559660083,0.0004290603331968372,hypothetical scenario
gaussian,0.304,0.3,316912.0,7925000.0,2409200.0,95073.59999999999,,96611.01289364535,False,7925000.0,24.74381402809663,0.9897525611238652,0.0004290603331968372,hypothetical scenario
gaussian,0.306,0.3,316912.0,7925000.0,2425050.0,95073.59999999999,,97251.63671777048,False,7925000.000000001,24.739191616743376,0.989567664669735,0.0004290603331968372,hypothetical scenario
gaussian,0.308,0.3,316912.0,7925000.0,2440900.0,95073.59999999999,,97892.38119963612,False,7924999.999999998,24.73449578939571,0.9893798315758283,0.0004290603331968372,hypothetical scenario
gaussian,0.31,0.3,316912.0,7925000.0,2456750.0,95073.59999999999,,98533.24829972567,False,7924999.999999999,24.729725568179887,0.9891890227271954,0.0004290603331968372,hypothetical scenario
gaussian,0.312,0.3,316912.0,7925000.0,2472600.0,95073.59999999999,,99174.24000622492,False,7925000.0,24.72487996533904,0.9889951986135616,0.0004290603331968372,hypothetical scenario
gaussian,0.314,0.3,316912.0,7925000.0,2488450.0,95073.59999999999,,99815.35833535588,False,7924999.999999998,24.71995798317728,0.9887983193270913,0.0004290603331968372,hypothetical scenario
gaussian,0.316,0.3,316912.0,7925000.0,2504300.0,95073.59999999999,,100456.60533171447,False,7925000.0,24.714958614004026,0.988598344560161,0.0004290603331968372,hypothetical scenario
gaussian,0.318,0.3,316912.0,7925000.0,2520150.0,95073.59999999999,,101097.98306861264,False,7925000.0,24.709880840078338,0.9883952336031335,0.0004290603331968372,hypothetical scenario
gaussian,0.32,0.3,316912.0,7925000.0,2536000.0,95073.59999999999,,101739.49364842338,False,7924999.999999998,24.7047236335535,0.98818894534214,0.0004290603331968372,hypothetical scenario
gaussian,0.322,0.3,316912.0,7925000.0,2551850.0,95073.59999999999,,102381.13920292983,False,7925000.0,24.699485956421636,0.9879794382568654,0.0004290603331968372,hypothetical scenario
gaussian,0.324,0.3,316912.0,7925000.0,2567700.0,95073.59999999999,,103022.92189367907,False,7924999.999999999,24.69416676045854,0.9877666704183415,0.0004290603331968372,hypothetical scenario
gaussian,0.326,0.3,316912.0,7925000.0,2583550.0,95073.59999999999,,103664.84391233849,False,7925000.0,24.688764987168554,0.9875505994867422,0.0004290603331968372,hypothetical scenario
gaussian,0.328,0.3,316912.0,7925000.0,2599400.0,95073.59999999999,,104306.90748105751,False,7925000.0,24.68327956772965,0.987331182709186,0.0004290603331968372,hypothetical scenario
gaussian,0.33,0.3,316912.0,7925000.0,2615250.0,95073.59999999999,,104949.11485283237,False,7925000.0,24.67770942293858,0.9871083769175432,0.0004290603331968372,hypothetical scenario
gaussian,0.332,0.3,316912.0,7925000.0,2631100.0,95073.59999999999,,105591.4683118758,False,7925000.0,24.672053463156185,0.9868821385262474,0.0004290603331968372,hypothetical scenario
gaussian,0.334,0.3,316912.0,7925000.0,2646950.0,95073.59999999999,,106233.97017399027,False,7925000.000000001,24.666310588252834,0.9866524235301134,0.0004290603331968372,hypothetical scenario
gaussian,0.336,0.3,316912.0,7925000.0,2662800.0,95073.59999999999,,106876.62278694622,False,7925000.000000002,24.660479687553956,0.9864191875021582,0.0004290603331968372,hypothetical scenario
gaussian,0.338,0.3,316912.0,7925000.0,2678650.0,95073.59999999999,,107519.42853086401,False,7924999.999999998,24.65455963978572,0.9861823855914288,0.0004290603331968372,hypothetical scenario
gaussian,0.34,0.3,316912.0,7925000.0,2694500.0,95073.59999999999,,108162.38981860035,False,7925000.0,24.648549313020833,0.9859419725208334,0.0004290603331968372,hypothetical scenario
gaussian,0.342,0.3,316912.0,7925000.0,2710350.0,95073.59999999999,,108805.50909613978,False,7925000.0,24.64244756462443,0.9856979025849771,0.0004290603331968372,hypothetical scenario
gaussian,0.34400000000000003,0.3,316912.0,7925000.0,2726200.0,95073.59999999999,,109448.78884299027,False,7924999.999999999,24.63625324120012,0.9854501296480048,0.0004290603331968372,hypothetical scenario
gaussian,0.34600000000000003,0.3,316912.0,7925000.0,2742050.0000000005,95073.59999999999,,110092.23157258288,False,7925000.0,24.629965178536104,0.9851986071414441,0.0004290603331968372,hypothetical scenario
gaussian,0.34800000000000003,0.3,316912.0,7925000.0,2757900.0000000005,95073.59999999999,,110735.83983267774,False,7925000.0,24.623582201551418,0.9849432880620568,0.0004290603331968372,hypothetical scenario
gaussian,0.35000000000000003,0.3,316912.0,7925000.0,2773750.0000000005,95073.59999999999,,111379.61620577288,False,7924999.999999998,24.617103124242295,0.9846841249696918,0.0004290603331968372,hypothetical scenario
gaussian,0.352,0.3,316912.0,7925000.0,2789600.0,95073.59999999999,,112023.5633095194,False,7924999.999999998,24.610526749628598,0.9844210699851439,0.0004290603331968372,hypothetical scenario
gaussian,0.354,0.3,316912.0,7925000.0,2805450.0,95073.59999999999,,112667.68379714095,False,7924999.999999998,24.603851869700364,0.9841540747880145,0.0004290603331968372,hypothetical scenario
gaussian,0.356,0.3,316912.0,7925000.0,2821300.0,95073.59999999999,,113311.98035785835,False,7924999.999999997,24.59707726536445,0.983883090614578,0.0004290603331968372,hypothetical scenario
gaussian,0.358,0.3,316912.0,7925000.0,2837150.0,95073.59999999999,,113956.4557173191,False,7924999.999999997,24.590201706391262,0.9836080682556505,0.0004290603331968372,hypothetical scenario
gaussian,0.36,0.3,316912.0,7925000.0,2853000.0,95073.59999999999,,114601.11263803265,False,7924999.999999996,24.583223951361553,0.9833289580544622,0.0004290603331968372,hypothetical scenario
gaussian,0.362,0.3,316912.0,7925000.0,2868850.0,95073.59999999999,,115245.9539198105,False,7924999.999999994,24.57614274761331,0.9830457099045324,0.0004290603331968372,hypothetical scenario
gaussian,0.364,0.3,316912.0,7925000.0,2884700.0,95073.59999999999,,115890.98240021168,False,7924999.999999994,24.56895683118873,0.9827582732475492,0.0004290603331968372,hypothetical scenario
gaussian,0.366,0.3,316912.0,7925000.0,2900550.0,95073.59999999999,,116536.20095499407,False,7924999.9999999935,24.56166492678121,0.9824665970712484,0.0004290603331968372,hypothetical scenario
gaussian,0.368,0.3,316912.0,7925000.0,2916400.0,95073.59999999999,,117181.6124985711,False,7924999.999999992,24.554265747682464,0.9821706299072985,0.0004290603331968372,hypothetical scenario
gaussian,0.37,0.3,316912.0,7925000.0,2932250.0,95073.59999999999,,117827.21998447398,False,7924999.999999987,24.546757995729664,0.9818703198291865,0.0004290603331968372,hypothetical scenario
gaussian,0.372,0.3,316912.0,7925000.0,2948100.0,95073.59999999999,,118473.02640581992,False,7924999.999999987,24.53914036125259,0.9815656144501035,0.0004290603331968372,hypothetical scenario
gaussian,0.374,0.3,316912.0,7925000.0,2963950.0,95073.59999999999,,119119.03479578643,False,7924999.999999981,24.531411523020886,0.9812564609208354,0.0004290603331968372,hypothetical scenario
gaussian,0.376,0.3,316912.0,7925000.0,2979800.0,95073.59999999999,,119765.24822809093,False,7924999.999999977,24.523570148191318,0.9809428059276527,0.0004290603331968372,hypothetical scenario
gaussian,0.378,0.3,316912.0,7925000.0,2995650.0,95073.59999999999,,120411.66981747726,False,7924999.999999972,24.515614892255034,0.9806245956902013,0.0004290603331968372,hypothetical scenario
gaussian,0.38,0.3,316912.0,7925000.0,3011500.0,95073.59999999999,,121058.30272020813,False,7924999.999999964,24.507544398984887,0.9803017759593955,0.0004290603331968372,hypothetical scenario
gaussian,0.382,0.3,316912.0,7925000.0,3027350.0,95073.59999999999,,121705.15013456339,False,7924999.999999958,24.49935730038273,0.9799742920153092,0.0004290603331968372,hypothetical scenario
gaussian,0.384,0.3,316912.0,7925000.0,3043200.0,95073.59999999999,,122352.21530134595,False,7924999.999999948,24.49105221662671,0.9796420886650684,0.0004290603331968372,hypothetical scenario
gaussian,0.386,0.3,316912.0,7925000.0,3059050.0,95073.59999999999,,122999.50150438803,False,7925000.000000054,24.482627756018655,0.9793051102407462,0.0004290603331968372,hypothetical scenario
gaussian,0.388,0.3,316912.0,7925000.0,3074900.0,95073.59999999999,,123647.01207108935,False,7925000.000000036,24.474082514931066,0.9789633005972427,0.0004290603331968372,hypothetical scenario
gaussian,0.39,0.3,316912.0,7925000.0,3090750.0,95073.59999999999,,124294.75037291332,False,7925000.000000016,24.46541507775476,0.9786166031101904,0.0004290603331968372,hypothetical scenario
gaussian,0.392,0.3,316912.0,7925000.0,3106600.0,95073.59999999999,,124942.71982593837,False,7925000.000000001,24.456624016845826,0.9782649606738331,0.0004290603331968372,hypothetical scenario
gaussian,0.394,0.3,316912.0,7925000.0,3122450.0,95073.59999999999,,125590.92389139254,False,7924999.999999999,24.447707892472827,0.9779083156989131,0.0004290603331968372,hypothetical scenario
gaussian,0.396,0.3,316912.0,7925000.0,3138300.0,95073.59999999999,,126239.36607620149,False,7925000.0,24.4386652527639,0.977546610110556,0.0004290603331968372,hypothetical scenario
gaussian,0.398,0.3,316912.0,7925000.0,3154150.0,95073.59999999999,,126888.04993354084,False,7925000.0,24.42949463365377,0.9771797853461508,0.0004290603331968372,hypothetical scenario
gaussian,0.4,0.3,316912.0,7925000.0,3170000.0,95073.59999999999,,127536.97906339794,False,7925000.0,24.420194558830698,0.976807782353228,0.0004290603331968372,hypothetical scenario
gaussian,0.402,0.3,316912.0,7925000.0,3185850.0,95073.59999999999,,128186.1571131415,False,7924999.999999999,24.410763539683302,0.9764305415873321,0.0004290603331968372,hypothetical scenario
gaussian,0.404,0.3,316912.0,7925000.0,3201700.0,95073.59999999999,,128835.58777809824,False,7924999.999999999,24.40120007524731,0.9760480030098924,0.0004290603331968372,hypothetical scenario
gaussian,0.406,0.3,316912.0,7925000.0,3217550.0,95073.59999999999,,129485.2748021381,False,7924999.999999999,24.391502652152127,0.9756601060860851,0.0004290603331968372,hypothetical scenario
gaussian,0.40800000000000003,0.3,316912.0,7925000.0,3233400.0,95073.59999999999,,130135.2219782673,False,7924999.999999999,24.381669744567336,0.9752667897826934,0.0004290603331968372,hypothetical scenario
gaussian,0.41000000000000003,0.3,316912.0,7925000.0,3249250.0000000005,95073.59999999999,,130785.43314922982,False,7925000.0,24.371699814148993,0.9748679925659597,0.0004290603331968372,hypothetical scenario
gaussian,0.41200000000000003,0.3,316912.0,7925000.0,3265100.0000000005,95073.59999999999,,131435.91220811714,False,7925000.0,24.36159130998579,0.9744636523994317,0.0004290603331968372,hypothetical scenario
gaussian,0.41400000000000003,0.3,316912.0,7925000.0,3280950.0000000005,95073.59999999999,,132086.663098987,False,7925000.0,24.35134266854503,0.9740537067418011,0.0004290603331968372,hypothetical scenario
gaussian,0.41600000000000004,0.3,316912.0,7925000.0,3296800.0000000005,95073.59999999999,,132737.6898174907,False,7925000.0,24.3409523136184,0.973638092544736,0.0004290603331968372,hypothetical scenario
gaussian,0.418,0.3,316912.0,7925000.0,3312650.0,95073.59999999999,,133388.99641150946,False,7925000.0,24.33041865626753,0.9732167462507012,0.0004290603331968372,hypothetical scenario
gaussian,0.42,0.3,316912.0,7925000.0,3328500.0,95073.59999999999,,134040.58698179998,False,7925000.000000001,24.319740094769358,0.9727896037907743,0.0004290603331968372,hypothetical scenario
gaussian,0.422,0.3,316912.0,7925000.0,3344350.0,95073.59999999999,,134692.4656826495,False,7925000.0,24.308915014561222,0.9723566005824489,0.0004290603331968372,hypothetical scenario
gaussian,0.424,0.3,316912.0,7925000.0,3360200.0,95073.59999999999,,135344.6367225402,False,7924999.999999999,24.297941788185682,0.9719176715274273,0.0004290603331968372,hypothetical scenario
gaussian,0.426,0.3,316912.0,7925000.0,3376050.0,95073.59999999999,,135997.1043648235,False,7924999.999999999,24.2868187752351,0.971472751009404,0.0004290603331968372,hypothetical scenario
gaussian,0.428,0.3,316912.0,7925000.0,3391900.0,95073.59999999999,,136649.87292840457,False,7925000.0,24.275544322295918,0.9710217728918367,0.0004290603331968372,hypothetical scenario
gaussian,0.43,0.3,316912.0,7925000.0,3407750.0,95073.59999999999,,137302.94678843653,False,7925000.000000001,24.264116762892574,0.9705646705157029,0.0004290603331968372,hypothetical scenario
gaussian,0.432,0.3,316912.0,7925000.0,3423600.0,95073.59999999999,,137956.33037702568,False,7925000.0,24.252534417431168,0.9701013766972467,0.0004290603331968372,hypothetical scenario
gaussian,0.434,0.3,316912.0,7925000.0,3439450.0,95073.59999999999,,138610.02818394665,False,7925000.0,24.240795593142707,0.9696318237257082,0.0004290603331968372,hypothetical scenario
gaussian,0.436,0.3,316912.0,7925000.0,3455300.0,95073.59999999999,,139264.04475736912,False,7925000.0,24.22889858402602,0.9691559433610408,0.0004290603331968372,hypothetical scenario
gaussian,0.438,0.3,316912.0,7925000.0,3471150.0,95073.59999999999,,139918.38470459514,False,7925000.000000001,24.21684167079024,0.9686736668316097,0.0004290603331968372,hypothetical scenario
gaussian,0.44,0.3,316912.0,7925000.0,3487000.0,95073.59999999999,,140573.05269280812,False,7924999.999999999,24.20462312079694,0.9681849248318776,0.0004290603331968372,hypothetical scenario
gaussian,0.442,0.3,316912.0,7925000.0,3502850.0,95073.59999999999,,141228.05344983298,False,7925000.0,24.192241188001752,0.96768964752007,0.0004290603331968372,hypothetical scenario
gaussian,0.444,0.3,316912.0,7925000.0,3518700.0,95073.59999999999,,141883.39176490868,False,7924999.999999999,24.179694112895607,0.9671877645158243,0.0004290603331968372,hypothetical scenario
gaussian,0.446,0.3,316912.0,7925000.0,3534550.0,95073.59999999999,,142539.0724894723,False,7925000.0,24.166980122445437,0.9666792048978174,0.0004290603331968372,hypothetical scenario
gaussian,0.448,0.3,316912.0,7925000.0,3550400.0,95073.59999999999,,143195.10053795602,False,7925000.0,24.154097430034422,0.9661638972013769,0.0004290603331968372,hypothetical scenario
gaussian,0.45,0.3,316912.0,7925000.0,3566250.0,95073.59999999999,,143851.48088859618,False,7924999.999999999,24.14104423540168,0.9656417694160672,0.0004290603331968372,hypothetical scenario
gaussian,0.452,0.3,316912.0,7925000.0,3582100.0,95073.59999999999,,144508.21858425564,False,7925000.0,24.127818724581427,0.965112748983257,0.0004290603331968372,hypothetical scenario
gaussian,0.454,0.3,316912.0,7925000.0,3597950.0,95073.59999999999,,145165.3187332592,False,7925000.0,24.11441906984155,0.964576762793662,0.0004290603331968372,hypothetical scenario
gaussian,0.456,0.3,316912.0,7925000.0,3613800.0,95073.59999999999,,145822.78651024256,False,7925000.0,24.100843429621595,0.9640337371848637,0.0004290603331968372,hypothetical scenario
gaussian,0.458,0.3,316912.0,7925000.0,3629650.0,95073.59999999999,,146480.62715701494,False,7925000.0,24.087089948470126,0.963483597938805,0.0004290603331968372,hypothetical scenario
gaussian,0.46,0.3,316912.0,7925000.0,3645500.0,95073.59999999999,,147138.845983436,False,7925000.0,24.07315675698142,0.9629262702792567,0.0004290603331968372,hypothetical scenario
gaussian,0.462,0.3,316912.0,7925000.0,3661350.0,95073.59999999999,,147797.448368307,False,7925000.0,24.059041971731514,0.9623616788692605,0.0004290603331968372,hypothetical scenario
gaussian,0.464,0.3,316912.0,7925000.0,3677200.0,95073.59999999999,,148456.43976027681,False,7925000.000000001,24.0447436952135,0.9617897478085401,0.0004290603331968372,hypothetical scenario
gaussian,0.466,0.3,316912.0,7925000.0,3693050.0,95073.59999999999,,149115.8256787631,False,7925000.0,24.030260015772164,0.9612104006308866,0.0004290603331968372,hypothetical scenario
gaussian,0.468,0.3,316912.0,7925000.0,3708900.0,95073.59999999999,,149775.61171488863,False,7925000.000000001,24.015589007537763,0.9606235603015105,0.0004290603331968372,hypothetical scenario
gaussian,0.47000000000000003,0.3,316912.0,7925000.0,3724750.0,95073.59999999999,,150435.80353243373,False,7924999.999999999,24.000728730359082,0.9600291492143633,0.0004290603331968372,hypothetical scenario
gaussian,0.47200000000000003,0.3,316912.0,7925000.0,3740600.0000000005,95073.59999999999,,151096.40686880448,False,7925000.0,23.985677229735664,0.9594270891894265,0.0004290603331968372,hypothetical scenario
gaussian,0.47400000000000003,0.3,316912.0,7925000.0,3756450.0000000005,95073.59999999999,,151757.42753601796,False,7925000.0,23.970432536749144,0.9588173014699657,0.0004290603331968372,hypothetical scenario
gaussian,0.47600000000000003,0.3,316912.0,7925000.0,3772300.0000000005,95073.59999999999,,152418.8714217039,False,7924999.999999999,23.95499266799374,0.9581997067197495,0.0004290603331968372,hypothetical scenario
gaussian,0.47800000000000004,0.3,316912.0,7925000.0,3788150.0000000005,95073.59999999999,,153080.7444901237,False,7925000.0,23.93935562550582,0.9575742250202327,0.0004290603331968372,hypothetical scenario
gaussian,0.48,0.3,316912.0,7925000.0,3804000.0,95073.59999999999,,153743.05278320762,False,7925000.0,23.923519396692498,0.9569407758676999,0.0004290603331968372,hypothetical scenario
gaussian,0.482,0.3,316912.0,7925000.0,3819850.0,95073.59999999999,,154405.80242160926,False,7925000.0,23.90748195425928,0.9562992781703712,0.0004290603331968372,hypothetical scenario
gaussian,0.484,0.3,316912.0,7925000.0,3835700.0,95073.59999999999,,155068.99960577936,False,7925000.0,23.89124125613665,0.955649650245466,0.0004290603331968372,hypothetical scenario
gaussian,0.486,0.3,316912.0,7925000.0,3851550.0,95073.59999999999,,155732.65061705804,False,7925000.0,23.874795245405657,0.9549918098162263,0.0004290603331968372,hypothetical scenario
gaussian,0.488,0.3,316912.0,7925000.0,3867400.0,95073.59999999999,,156396.76181878676,False,7925000.0,23.85814185022237,0.9543256740088948,0.0004290603331968372,hypothetical scenario
gaussian,0.49,0.3,316912.0,7925000.0,3883250.0,95073.59999999999,,157061.33965743988,False,7925000.000000002,23.841278983741226,0.9536511593496491,0.0004290603331968372,hypothetical scenario
gaussian,0.492,0.3,316912.0,7925000.0,3899100.0,95073.59999999999,,157726.39066377707,False,7925000.0,23.82420454403721,0.9529681817614885,0.0004290603331968372,hypothetical scenario
gaussian,0.494,0.3,316912.0,7925000.0,3914950.0,95073.59999999999,,158391.9214540158,False,7925000.0,23.806916414026848,0.9522766565610739,0.0004290603331968372,hypothetical scenario
gaussian,0.496,0.3,316912.0,7925000.0,3930800.0,95073.59999999999,,159057.93873102588,False,7925000.000000002,23.78941246138794,0.9515764984555176,0.0004290603331968372,hypothetical scenario
gaussian,0.498,0.3,316912.0,7925000.0,3946650.0,95073.59999999999,,159724.44928554562,False,7925000.0,23.771690538478015,0.9508676215391206,0.0004290603331968372,hypothetical scenario
gaussian,0.5,0.3,316912.0,7925000.0,3962500.0,95073.59999999999,,160391.45999742,False,7925000.0,23.753748482251506,0.9501499392900602,0.0004290603331968372,hypothetical scenario
gaussian,0.502,0.3,316912.0,7925000.0,3978350.0,95073.59999999999,,161058.9778368624,False,7925000.0,23.735584114175502,0.94942336456702,0.0004290603331968372,hypothetical scenario
gaussian,0.504,0.3,316912.0,7925000.0,3994200.0,95073.59999999999,,161727.00986573935,False,7925000.0,23.717195240144125,0.948687809605765,0.0004290603331968372,hypothetical scenario
gaussian,0.506,0.3,316912.0,7925000.0,4010050.0,95073.59999999999,,162395.56323887946,False,7925000.000000001,23.698579650391487,0.9479431860156595,0.0004290603331968372,hypothetical scenario
gaussian,0.508,0.3,316912.0,7925000.0,4025900.0,95073.59999999999,,163064.64520540717,False,7925000.0,23.679735119403098,0.9471894047761239,0.0004290603331968372,hypothetical scenario
gaussian,0.51,0.3,316912.0,7925000.0,4041750.0,95073.59999999999,,163734.26311010122,False,7925000.000000001,23.66065940582578,0.9464263762330312,0.0004290603331968372,hypothetical scenario
gaussian,0.512,0.3,316912.0,7925000.0,4057600.0,95073.59999999999,,164404.42439477998,False,7924999.999999997,23.64135025237597,0.9456540100950389,0.0004290603331968372,hypothetical scenario
gaussian,0.514,0.3,316912.0,7925000.0,4073450.0,95073.59999999999,,165075.13659971184,False,7924999.999999996,23.621805385746438,0.9448722154298576,0.0004290603331968372,hypothetical scenario
gaussian,0.516,0.3,316912.0,7925000.0,4089300.0,95073.59999999999,,165746.40736505433,False,7924999.999999996,23.602022516511248,0.9440809006604499,0.0004290603331968372,hypothetical scenario
gaussian,0.518,0.3,316912.0,7925000.0,4105150.0,95073.59999999999,,166418.2444323201,False,7924999.999999994,23.581999339029057,0.9432799735611623,0.0004290603331968372,hypothetical scenario
gaussian,0.52,0.3,316912.0,7925000.0,4121000.0,95073.59999999999,,167090.65564587162,False,7924999.999999994,23.56173353134462,0.9424693412537848,0.0004290603331968372,hypothetical scenario
gaussian,0.522,0.3,316912.0,7925000.0,4136850.0,95073.59999999999,,167763.64895444544,False,7924999.999999992,23.541222755088437,0.9416489102035375,0.0004290603331968372,hypothetical scenario
gaussian,0.524,0.3,316912.0,7925000.0,4152700.0,95073.59999999999,,168437.23241270595,False,7924999.999999989,23.52046465537455,0.940818586214982,0.0004290603331968372,hypothetical scenario
gaussian,0.526,0.3,316912.0,7925000.0,4168550.0,95073.59999999999,,169111.41418283057,False,7924999.999999986,23.499456860696373,0.939978274427855,0.0004290603331968372,hypothetical scenario
gaussian,0.528,0.3,316912.0,7925000.0,4184400.0,95073.59999999999,,169786.20253612578,False,7924999.999999981,23.47819698282057,0.9391278793128228,0.0004290603331968372,hypothetical scenario
gaussian,0.53,0.3,316912.0,7925000.0,4200250.0,95073.59999999999,,170461.6058546761,False,7924999.999999976,23.45668261667883,0.9382673046671531,0.0004290603331968372,hypothetical scenario
gaussian,0.532,0.3,316912.0,7925000.0,4216100.0,95073.59999999999,,171137.63263302573,False,7924999.999999968,23.43491134025758,0.9373964536103032,0.0004290603331968372,hypothetical scenario
gaussian,0.534,0.3,316912.0,7925000.0,4231950.0,95073.59999999999,,171814.29147989466,False,7924999.99999996,23.412880714485517,0.9365152285794207,0.0004290603331968372,hypothetical scenario
gaussian,0.536,0.3,316912.0,7925000.0,4247800.0,95073.59999999999,,172491.59111992942,False,7924999.999999946,23.390588283118912,0.9356235313247565,0.0004290603331968372,hypothetical scenario
gaussian,0.538,0.3,316912.0,7925000.0,4263650.0,95073.59999999999,,173169.5403954848,False,7925000.000000045,23.368031572624794,0.9347212629049918,0.0004290603331968372,hypothetical scenario
gaussian,0.54,0.3,316912.0,7925000.0,4279500.0,95073.59999999999,,173848.14826846664,False,7925000.000000025,23.345208092060965,0.9338083236824386,0.0004290603331968372,hypothetical scenario
gaussian,0.542,0.3,316912.0,7925000.0,4295350.0,95073.59999999999,,174527.4238221639,False,7925000.0,23.32211533295525,0.9328846133182099,0.0004290603331968372,hypothetical scenario
gaussian,0.544,0.3,316912.0,7925000.0,4311200.0,95073.59999999999,,175207.37626316637,False,7925000.0,23.29875076918064,0.9319500307672256,0.0004290603331968372,hypothetical scenario
gaussian,0.546,0.3,316912.0,7925000.0,4327050.0,95073.59999999999,,175888.01492330286,False,7925000.0,23.2751118568286,0.931004474273144,0.0004290603331968372,hypothetical scenario
gaussian,0.548,0.3,316912.0,7925000.0,4342900.0,95073.59999999999,,176569.34926161816,False,7925000.0,23.25119603407976,0.9300478413631904,0.0004290603331968372,hypothetical scenario
gaussian,0.55,0.3,316912.0,7925000.0,4358750.0,95073.59999999999,,177251.38886639604,False,7925000.0,23.227000721071835,0.9290800288428734,0.0004290603331968372,hypothetical scenario
gaussian,0.552,0.3,316912.0,7925000.0,4374600.0,95073.59999999999,,177934.1434572241,False,7925000.0,23.202523319764794,0.9281009327905917,0.0004290603331968372,hypothetical scenario
gaussian,0.554,0.3,316912.0,7925000.0,4390450.0,95073.59999999999,,178617.62288710295,False,7925000.0,23.177761213803176,0.9271104485521271,0.0004290603331968372,hypothetical scenario
gaussian,0.556,0.3,316912.0,7925000.0,4406300.0,95073.59999999999,,179301.8371446005,False,7924999.999999999,23.152711768375564,0.9261084707350226,0.0004290603331968372,hypothetical scenario
gaussian,0.558,0.3,316912.0,7925000.0,4422150.0,95073.59999999999,,179986.7963560526,False,7925000.0,23.127372330070997,0.9250948932028399,0.0004290603331968372,hypothetical scenario
gaussian,0.56,0.3,316912.0,7925000.0,4438000.0,95073.59999999999,,180672.5107878118,False,7925000.0,23.101740226732375,0.924069609069295,0.0004290603331968372,hypothetical scenario
gaussian,0.562,0.3,316912.0,7925000.0,4453850.0,95073.59999999999,,181358.99084854472,False,7925000.0,23.075812767306687,0.9230325106922674,0.0004290603331968372,hypothetical scenario
gaussian,0.5640000000000001,0.3,316912.0,7925000.0,4469700.0,95073.59999999999,,182046.24709158007,False,7925000.000000001,23.04958724169204,0.9219834896676816,0.0004290603331968372,hypothetical scenario
gaussian,0.5660000000000001,0.3,316912.0,7925000.0,4485550.0,95073.59999999999,,182734.29021730827,False,7924999.999999999,23.023060920581344,0.9209224368232537,0.0004290603331968372,hypothetical scenario
gaussian,0.5680000000000001,0.3,316912.0,7925000.0,4501400.000000001,95073.59999999999,,183423.1310756343,False,7925000.0,22.996231055302648,0.919849242212106,0.0004290603331968372,hypothetical scenario
gaussian,0.5700000000000001,0.3,316912.0,7925000.0,4517250.000000001,95073.59999999999,,184112.78066848515,False,7925000.000000001,22.969094877655895,0.9187637951062357,0.0004290603331968372,hypothetical scenario
gaussian,0.5720000000000001,0.3,316912.0,7925000.0,4533100.000000001,95073.59999999999,,184803.25015237374,False,7925000.0,22.941649599746217,0.9176659839898487,0.0004290603331968372,hypothetical scenario
gaussian,0.5740000000000001,0.3,316912.0,7925000.0,4548950.000000001,95073.59999999999,,185494.55084101966,False,7924999.999999999,22.913892413813468,0.9165556965525387,0.0004290603331968372,hypothetical scenario
gaussian,0.5760000000000001,0.3,316912.0,7925000.0,4564800.000000001,95073.59999999999,,186186.69420803036,False,7925000.0,22.88582049205804,0.9154328196823216,0.0004290603331968372,hypothetical scenario
gaussian,0.578,0.3,316912.0,7925000.0,4580650.0,95073.59999999999,,186879.69188964236,False,7925000.0,22.857430986462752,0.91429723945851,0.0004290603331968372,hypothetical scenario
gaussian,0.58,0.3,316912.0,7925000.0,4596500.0,95073.59999999999,,187573.55568752612,False,7925000.0,22.828721028610843,0.9131488411444337,0.0004290603331968372,hypothetical scenario
gaussian,0.582,0.3,316912.0,7925000.0,4612350.0,95073.59999999999,,188268.2975716542,False,7925000.000000001,22.79968772949985,0.911987509179994,0.0004290603331968372,hypothetical scenario
gaussian,0.584,0.3,316912.0,7925000.0,4628200.0,95073.59999999999,,188963.92968323687,False,7925000.0,22.770328179351328,0.9108131271740532,0.0004290603331968372,hypothetical scenario
gaussian,0.586,0.3,316912.0,7925000.0,4644050.0,95073.59999999999,,189660.46433772505,False,7925000.0,22.740639447416257,0.9096255778966502,0.0004290603331968372,hypothetical scenario
gaussian,0.588,0.3,316912.0,7925000.0,4659900.0,95073.59999999999,,190357.9140278839,False,7925000.0,22.71061858177609,0.9084247432710435,0.0004290603331968372,hypothetical scenario
gaussian,0.59,0.3,316912.0,7925000.0,4675750.0,95073.59999999999,,191056.29142693867,False,7925000.0,22.680262609139252,0.90721050436557,0.0004290603331968372,hypothetical scenario
gaussian,0.592,0.3,316912.0,7925000.0,4691600.0,95073.59999999999,,191755.6093917942,False,7925000.0,22.649568534633044,0.9059827413853218,0.0004290603331968372,hypothetical scenario
gaussian,0.594,0.3,316912.0,7925000.0,4707450.0,95073.59999999999,,192455.88096633131,False,7925000.000000001,22.618533341590783,0.9047413336636313,0.0004290603331968372,hypothetical scenario
gaussian,0.596,0.3,316912.0,7925000.0,4723300.0,95073.59999999999,,193157.11938478207,False,7925000.0,22.58715399133405,0.903486159653362,0.0004290603331968372,hypothetical scenario
gaussian,0.598,0.3,316912.0,7925000.0,4739150.0,95073.59999999999,,193859.33807518522,False,7925000.0,22.555427422949954,0.9022170969179981,0.0004290603331968372,hypothetical scenario
gaussian,0.6,0.3,316912.0,7925000.0,4755000.0,95073.59999999999,,194562.55066292553,False,7925000.0,22.5233505530633,0.9009340221225319,0.0004290603331968372,hypothetical scenario
gaussian,0.602,0.3,316912.0,7925000.0,4770850.0,95073.59999999999,,195266.77097435907,False,7925000.0,22.49092027560341,0.8996368110241364,0.0004290603331968372,hypothetical scenario
gaussian,0.604,0.3,316912.0,7925000.0,4786700.0,95073.59999999999,,195972.0130405263,False,7925000.0,22.458133461565623,0.898325338462625,0.0004290603331968372,hypothetical scenario
gaussian,0.606,0.3,316912.0,7925000.0,4802550.0,95073.59999999999,,196678.2911009565,False,7925000.0,22.424986958767196,0.8969994783506878,0.0004290603331968372,hypothetical scenario
gaussian,0.608,0.3,316912.0,7925000.0,4818400.0,95073.59999999999,,197385.61960756592,False,7925000.0,22.39147759159755,0.895659103663902,0.0004290603331968372,hypothetical scenario
gaussian,0.61,0.3,316912.0,7925000.0,4834250.0,95073.59999999999,,198094.0132286523,False,7925000.0,22.357602160762646,0.8943040864305059,0.0004290603331968372,hypothetical scenario
gaussian,0.612,0.3,316912.0,7925000.0,4850100.0,95073.59999999999,,198803.48685298907,False,7925000.0,22.323357443023394,0.8929342977209358,0.0004290603331968372,hypothetical scenario
gaussian,0.614,0.3,316912.0,7925000.0,4865950.0,95073.59999999999,,199514.0555940218,False,7925000.0,22.2887401909279,0.891549607637116,0.0004290603331968372,hypothetical scenario
gaussian,0.616,0.3,316912.0,7925000.0,4881800.0,95073.59999999999,,200225.7347941707,False,7925000.0,22.253747132537384,0.8901498853014954,0.0004290603331968372,hypothetical scenario
gaussian,0.618,0.3,316912.0,7925000.0,4897650.0,95073.59999999999,,200938.54002924147,False,7924999.999999998,22.21837497114564,0.8887349988458255,0.0004290603331968372,hypothetical scenario
gaussian,0.62,0.3,316912.0,7925000.0,4913500.0,95073.59999999999,,201652.4871129486,False,7925000.0,22.18262038499185,0.887304815399674,0.0004290603331968372,hypothetical scenario
gaussian,0.622,0.3,316912.0,7925000.0,4929350.0,95073.59999999999,,202367.59210155503,False,7925000.0,22.146480026966504,0.8858592010786601,0.0004290603331968372,hypothetical scenario
gaussian,0.624,0.3,316912.0,7925000.0,4945200.0,95073.59999999999,,203083.8712986298,False,7925000.0,22.109950524310413,0.8843980209724165,0.0004290603331968372,hypothetical scenario
gaussian,0.626,0.3,316912.0,7925000.0,4961050.0,95073.59999999999,,203801.34125993022,False,7925000.0,22.07302847830639,0.8829211391322557,0.0004290603331968372,hypothetical scenario
gaussian,0.628,0.3,316912.0,7925000.0,4976900.0,95073.59999999999,,204520.01879841014,False,7925000.0,22.035710463963674,0.881428418558547,0.0004290603331968372,hypothetical scenario
gaussian,0.63,0.3,316912.0,7925000.0,4992750.0,95073.59999999999,,205239.9209893595,False,7924999.999999999,21.99799302969463,0.8799197211877852,0.0004290603331968372,hypothetical scenario
gaussian,0.632,0.3,316912.0,7925000.0,5008600.0,95073.59999999999,,205961.0651756789,False,7925000.0,21.95987269698375,0.87839490787935,0.0004290603331968372,hypothetical scenario
gaussian,0.634,0.3,316912.0,7925000.0,5024450.0,95073.59999999999,,206683.4689732941,False,7925000.0,21.921345960048594,0.8768538384019438,0.0004290603331968372,hypothetical scenario
gaussian,0.636,0.3,316912.0,7925000.0,5040300.0,95073.59999999999,,207407.15027671386,False,7925000.0,21.88240928549249,0.8752963714196995,0.0004290603331968372,hypothetical scenario
gaussian,0.638,0.3,316912.0,7925000.0,5056150.0,95073.59999999999,,208132.1272647369,False,7925000.0,21.843059111948826,0.873722364477953,0.0004290603331968372,hypothetical scenario
gaussian,0.64,0.3,316912.0,7925000.0,5072000.0,95073.59999999999,,208858.4184063123,False,7925000.0,21.803291849716615,0.8721316739886646,0.0004290603331968372,hypothetical scenario
gaussian,0.642,0.3,316912.0,7925000.0,5087850.0,95073.59999999999,,209586.04246655834,False,7924999.999999999,21.763103880387156,0.8705241552154862,0.0004290603331968372,hypothetical scenario
gaussian,0.644,0.3,316912.0,7925000.0,5103700.0,95073.59999999999,,210315.01851294475,False,7925000.000000002,21.722491556461517,0.8688996622584607,0.0004290603331968372,hypothetical scenario
gaussian,0.646,0.3,316912.0,7925000.0,5119550.0,95073.59999999999,,211045.36592164508,False,7925000.000000002,21.68145120095856,0.8672580480383424,0.0004290603331968372,hypothetical scenario
gaussian,0.648,0.3,316912.0,7925000.0,5135400.0,95073.59999999999,,211777.10438406235,False,7925000.000000003,21.639979107013367,0.8655991642805347,0.0004290603331968372,hypothetical scenario
gaussian,0.65,0.3,316912.0,7925000.0,5151250.0,95073.59999999999,,212510.25391353667,False,7925000.000000006,21.598071537465596,0.8639228614986239,0.0004290603331968372,hypothetical scenario
gaussian,0.652,0.3,316912.0,7925000.0,5167100.0,95073.59999999999,,213244.834852239,False,7925000.000000008,21.55572472443766,0.8622289889775064,0.0004290603331968372,hypothetical scenario
gaussian,0.654,0.3,316912.0,7925000.0,5182950.0,95073.59999999999,,213980.8678782574,False,7925000.000000016,21.512934868902384,0.8605173947560953,0.0004290603331968372,hypothetical scenario
gaussian,0.656,0.3,316912.0,7925000.0,5198800.0,95073.59999999999,,214718.37401288404,False,7925000.000000025,21.469698140239775,0.8587879256095909,0.0004290603331968372,hypothetical scenario
gaussian,0.658,0.3,316912.0,7925000.0,5214650.0,95073.59999999999,,215457.3746281072,False,7925000.000000041,21.426010675782734,0.8570404270313093,0.0004290603331968372,hypothetical scenario
gaussian,0.66,0.3,316912.0,7925000.0,5230500.0,95073.59999999999,,216197.8914543226,False,7924999.999999966,21.38186858035098,0.8552747432140392,0.0004290603331968372,hypothetical scenario
gaussian,0.662,0.3,316912.0,7925000.0,5246350.0,95073.59999999999,,216939.9465882416,False,7925000.0,21.337267925774565,0.8534907170309826,0.0004290603331968372,hypothetical scenario
gaussian,0.664,0.3,316912.0,7925000.0,5262200.0,95073.59999999999,,217683.562501077,False,7925000.0,21.292204750402423,0.8516881900160969,0.0004290603331968372,hypothetical scenario
gaussian,0.666,0.3,316912.0,7925000.0,5278050.0,95073.59999999999,,218428.7620469103,False,7925000.0,21.246675058601642,0.8498670023440656,0.0004290603331968372,hypothetical scenario
gaussian,0.668,0.3,316912.0,7925000.0,5293900.0,95073.59999999999,,219175.56847133924,False,7925000.0,21.20067482024186,0.8480269928096744,0.0004290603331968372,hypothetical scenario
gaussian,0.67,0.3,316912.0,7925000.0,5309750.0,95073.59999999999,,219924.00542036624,False,7925000.0,21.15419997016711,0.8461679988066844,0.0004290603331968372,hypothetical scenario
gaussian,0.672,0.3,316912.0,7925000.0,5325600.0,95073.59999999999,,220674.09694955184,False,7925000.0,21.107246407653996,0.8442898563061598,0.0004290603331968372,hypothetical scenario
gaussian,0.674,0.3,316912.0,7925000.0,5341450.0,95073.59999999999,,221425.86753343945,False,7925000.0,21.059809995855844,0.8423923998342338,0.0004290603331968372,hypothetical scenario
gaussian,0.676,0.3,316912.0,7925000.0,5357300.0,95073.59999999999,,222179.34207526266,False,7925000.0,21.011886561232373,0.8404754624492949,0.0004290603331968372,hypothetical scenario
gaussian,0.678,0.3,316912.0,7925000.0,5373150.0,95073.59999999999,,222934.54591694375,False,7925000.0,20.963471892964588,0.8385388757185835,0.0004290603331968372,hypothetical scenario
gaussian,0.68,0.3,316912.0,7925000.0,5389000.0,95073.59999999999,,223691.50484939548,False,7925000.0,20.914561742354287,0.8365824696941715,0.0004290603331968372,hypothetical scenario
gaussian,0.682,0.3,316912.0,7925000.0,5404850.0,95073.59999999999,,224450.24512313656,False,7925000.0,20.86515182220781,0.8346060728883125,0.0004290603331968372,hypothetical scenario
gaussian,0.684,0.3,316912.0,7925000.0,5420700.0,95073.59999999999,,225210.79345923205,False,7925000.0,20.815237806203562,0.8326095122481425,0.0004290603331968372,hypothetical scenario
gaussian,0.686,0.3,316912.0,7925000.0,5436550.0,95073.59999999999,,225973.17706057196,False,7925000.0,20.764815328242715,0.8305926131297086,0.0004290603331968372,hypothetical scenario
gaussian,0.6880000000000001,0.3,316912.0,7925000.0,5452400.0,95073.59999999999,,226737.42362349946,False,7925000.0,20.713879981782696,0.8285551992713078,0.0004290603331968372,hypothetical scenario
gaussian,0.6900000000000001,0.3,316912.0,7925000.0,5468250.0,95073.59999999999,,227503.56134980248,False,7924999.999999998,20.66242731915281,0.8264970927661124,0.0004290603331968372,hypothetical scenario
gaussian,0.6920000000000001,0.3,316912.0,7925000.0,5484100.000000001,95073.59999999999,,228271.61895908232,False,7925000.0,20.61045285085154,0.8244181140340616,0.0004290603331968372,hypothetical scenario
gaussian,0.6940000000000001,0.3,316912.0,7925000.0,5499950.000000001,95073.59999999999,,229041.6257015143,False,7924999.999999998,20.557952044824837,0.8223180817929935,0.0004290603331968372,hypothetical scenario
gaussian,0.6960000000000001,0.3,316912.0,7925000.0,5515800.000000001,95073.59999999999,,229813.61137101374,False,7924999.999999996,20.504920325724946,0.8201968130289978,0.0004290603331968372,hypothetical scenario
gaussian,0.6980000000000001,0.3,316912.0,7925000.0,5531650.000000001,95073.59999999999,,230587.60631882498,False,7925000.0,20.451353074148983,0.8180541229659594,0.0004290603331968372,hypothetical scenario
gaussian,0.7000000000000001,0.3,316912.0,7925000.0,5547500.000000001,95073.59999999999,,231363.6414675497,False,7925000.0,20.39724562585669,0.8158898250342677,0.0004290603331968372,hypothetical scenario
gaussian,0.7020000000000001,0.3,316912.0,7925000.0,5563350.000000001,95073.59999999999,,232141.74832562864,False,7925000.0,20.342593270966812,0.8137037308386725,0.0004290603331968372,hypothetical scenario
gaussian,0.704,0.3,316912.0,7925000.0,5579200.0,95073.59999999999,,232921.9590022997,False,7925000.0,20.287391253131144,0.8114956501252457,0.0004290603331968372,hypothetical scenario
gaussian,0.706,0.3,316912.0,7925000.0,5595050.0,95073.59999999999,,233704.3062230472,False,7924999.999999999,20.23163476868575,0.8092653907474301,0.0004290603331968372,hypothetical scenario
gaussian,0.708,0.3,316912.0,7925000.0,5610900.0,95073.59999999999,,234488.82334556337,False,7925000.0,20.17531896577851,0.8070127586311403,0.0004290603331968372,hypothetical scenario
gaussian,0.71,0.3,316912.0,7925000.0,5626750.0,95073.59999999999,,235275.5443762435,False,7925000.0,20.118438943472132,0.8047375577388852,0.0004290603331968372,hypothetical scenario
gaussian,0.712,0.3,316912.0,7925000.0,5642600.0,95073.59999999999,,236064.50398723444,False,7925000.0,20.060989750822046,0.8024395900328818,0.0004290603331968372,hypothetical scenario
gaussian,0.714,0.3,316912.0,7925000.0,5658450.0,95073.59999999999,,236855.73753406125,False,7925000.0,20.002966385928023,0.8001186554371209,0.0004290603331968372,hypothetical scenario
gaussian,0.716,0.3,316912.0,7925000.0,5674300.0,95073.59999999999,,237649.28107385358,False,7925000.0,19.944363794958907,0.7977745517983563,0.0004290603331968372,hypothetical scenario
gaussian,0.718,0.3,316912.0,7925000.0,5690150.0,95073.59999999999,,238445.17138419842,False,7925000.0,19.885176871149362,0.7954070748459745,0.0004290603331968372,hypothetical scenario
gaussian,0.72,0.3,316912.0,7925000.0,5706000.0,95073.59999999999,,239243.4459826441,False,7925000.0,19.825400453767756,0.7930160181507102,0.0004290603331968372,hypothetical scenario
gaussian,0.722,0.3,316912.0,7925000.0,5721850.0,95073.59999999999,,240044.14314688335,False,7924999.999999999,19.765029327054194,0.7906011730821677,0.0004290603331968372,hypothetical scenario
gaussian,0.724,0.3,316912.0,7925000.0,5737700.0,95073.59999999999,,240847.30193564418,False,7924999.999999999,19.70405821912759,0.7881623287651035,0.0004290603331968372,hypothetical scenario
gaussian,0.726,0.3,316912.0,7925000.0,5753550.0,95073.59999999999,,241652.96221031842,False,7924999.999999999,19.64248180086077,0.7856992720344309,0.0004290603331968372,hypothetical scenario
gaussian,0.728,0.3,316912.0,7925000.0,5769400.0,95073.59999999999,,242461.16465735983,False,7924999.999999998,19.58029468472244,0.7832117873888975,0.0004290603331968372,hypothetical scenario
gaussian,0.73,0.3,316912.0,7925000.0,5785250.0,95073.59999999999,,243271.9508114847,False,7924999.999999998,19.517491423584804,0.7806996569433922,0.0004290603331968372,hypothetical scenario
gaussian,0.732,0.3,316912.0,7925000.0,5801100.0,95073.59999999999,,244085.36307971046,False,7924999.999999997,19.45406650949571,0.7781626603798284,0.0004290603331968372,hypothetical scenario
gaussian,0.734,0.3,316912.0,7925000.0,5816950.0,95073.59999999999,,244901.44476626796,False,7924999.999999996,19.390014372413912,0.7756005748965564,0.0004290603331968372,hypothetical scenario
gaussian,0.736,0.3,316912.0,7925000.0,5832800.0,95073.59999999999,,245720.24009842757,False,7924999.999999995,19.325329378906194,0.7730131751562478,0.0004290603331968372,hypothetical scenario
gaussian,0.738,0.3,316912.0,7925000.0,5848650.0,95073.59999999999,,246541.79425327797,False,7924999.9999999935,19.26000583080492,0.7704002332321969,0.0004290603331968372,hypothetical scenario
gaussian,0.74,0.3,316912.0,7925000.0,5864500.0,95073.59999999999,,247366.15338550194,False,7924999.999999991,19.19403796382457,0.7677615185529828,0.0004290603331968372,hypothetical scenario
gaussian,0.742,0.3,316912.0,7925000.0,5880350.0,95073.59999999999,,248193.3646561931,False,7924999.999999987,19.1274199461357,0.765096797845428,0.0004290603331968372,hypothetical scenario
gaussian,0.744,0.3,316912.0,7925000.0,5896200.0,95073.59999999999,,249023.47626276192,False,7924999.999999982,19.06014587689475,0.7624058350757901,0.0004290603331968372,hypothetical scenario
gaussian,0.746,0.3,316912.0,7925000.0,5912050.0,95073.59999999999,,249856.53746997996,False,7924999.999999978,18.992209784728075,0.759688391389123,0.0004290603331968372,hypothetical scenario
gaussian,0.748,0.3,316912.0,7925000.0,5927900.0,95073.59999999999,,250692.59864221606,False,7924999.999999969,18.923605626168303,0.7569442250467321,0.0004290603331968372,hypothetical scenario
gaussian,0.75,0.3,316912.0,7925000.0,5943750.0,95073.59999999999,,251531.71127691923,False,7924999.999999958,18.85432728404142,0.7541730913616569,0.0004290603331968372,hypothetical scenario
gaussian,0.752,0.3,316912.0,7925000.0,5959600.0,95073.59999999999,,252373.92803940253,False,7925000.0000000335,18.78436856580282,0.7513747426321128,0.0004290603331968372,hypothetical scenario
gaussian,0.754,0.3,316912.0,7925000.0,5975450.0,95073.59999999999,,253219.3027990186,False,7925000.000000013,18.713723201818095,0.7485489280727238,0.0004290603331968372,hypothetical scenario
gaussian,0.756,0.3,316912.0,7925000.0,5991300.0,95073.59999999999,,254067.89066671915,False,7925000.0,18.642384843592474,0.745695393743699,0.0004290603331968372,hypothetical scenario
gaussian,0.758,0.3,316912.0,7925000.0,6007150.0,95073.59999999999,,254919.74803416623,False,7925000.0,18.570347061938435,0.7428138824775374,0.0004290603331968372,hypothetical scenario
gaussian,0.76,0.3,316912.0,7925000.0,6023000.0,95073.59999999999,,255774.93261439394,False,7925000.0,18.49760334508544,0.7399041338034177,0.0004290603331968372,hypothetical scenario
gaussian,0.762,0.3,316912.0,7925000.0,6038850.0,95073.59999999999,,256633.50348412455,False,7925000.0,18.42414709672712,0.7369658838690847,0.0004290603331968372,hypothetical scenario
gaussian,0.764,0.3,316912.0,7925000.0,6054700.0,95073.59999999999,,257495.52112782063,False,7925000.0,18.34997163400334,0.7339988653601336,0.0004290603331968372,hypothetical scenario
gaussian,0.766,0.3,316912.0,7925000.0,6070550.0,95073.59999999999,,258361.04748355655,False,7925000.0,18.275070185414748,0.73100280741659,0.0004290603331968372,hypothetical scenario
gaussian,0.768,0.3,316912.0,7925000.0,6086400.0,95073.59999999999,,259230.145990801,False,7925000.0,18.199435888667008,0.7279774355466803,0.0004290603331968372,hypothetical scenario
gaussian,0.77,0.3,316912.0,7925000.0,6102250.0,95073.59999999999,,260102.88164020824,False,7925000.0,18.123061788441614,0.7249224715376645,0.0004290603331968372,hypothetical scenario
gaussian,0.772,0.3,316912.0,7925000.0,6118100.0,95073.59999999999,,260979.32102552004,False,7925000.0,18.045940834090388,0.7218376333636155,0.0004290603331968372,hypothetical scenario
gaussian,0.774,0.3,316912.0,7925000.0,6133950.0,95073.59999999999,,261859.53239768732,False,7925000.0,17.96806587725028,0.7187226350900111,0.0004290603331968372,hypothetical scenario
gaussian,0.776,0.3,316912.0,7925000.0,6149800.0,95073.59999999999,,262743.5857213273,False,7925000.0,17.889429669375076,0.715577186775003,0.0004290603331968372,hypothetical scenario
gaussian,0.778,0.3,316912.0,7925000.0,6165650.0,95073.59999999999,,263631.5527336387,False,7924999.999999999,17.810024859180405,0.7124009943672163,0.0004290603331968372,hypothetical scenario
gaussian,0.78,0.3,316912.0,7925000.0,6181500.0,95073.59999999999,,264523.50700590434,False,7925000.0,17.729843989998308,0.7091937595999324,0.0004290603331968372,hypothetical scenario
gaussian,0.782,0.3,316912.0,7925000.0,6197350.0,95073.59999999999,,265419.5240077214,False,7925000.0,17.648879497037285,0.7059551798814914,0.0004290603331968372,hypothetical scenario
gaussian,0.784,0.3,316912.0,7925000.0,6213200.0,95073.59999999999,,266319.68117410445,False,7925000.0,17.56712370454364,0.7026849481817456,0.0004290603331968372,hypothetical scenario
gaussian,0.786,0.3,316912.0,7925000.0,6229050.0,95073.59999999999,,267224.0579756187,False,7925000.0,17.48456882285977,0.6993827529143908,0.0004290603331968372,hypothetical scenario
gaussian,0.788,0.3,316912.0,7925000.0,6244900.0,95073.59999999999,,268132.7359917102,False,7925000.0,17.401206945374565,0.6960482778149826,0.0004290603331968372,hypothetical scenario
gaussian,0.79,0.3,316912.0,7925000.0,6260750.0,95073.59999999999,,269045.7989874102,False,7925000.0,17.317030045361058,0.6926812018144424,0.0004290603331968372,hypothetical scenario
gaussian,0.792,0.3,316912.0,7925000.0,6276600.0,95073.59999999999,,269963.3329936024,False,7925000.0,17.232029972696136,0.6892811989078454,0.0004290603331968372,hypothetical scenario
gaussian,0.794,0.3,316912.0,7925000.0,6292450.0,95073.59999999999,,270885.4263910549,False,7925000.0,17.146198450456716,0.6858479380182686,0.0004290603331968372,hypothetical scenario
gaussian,0.796,0.3,316912.0,7925000.0,6308300.0,95073.59999999999,,271812.1699984325,False,7925000.0,17.059527071386597,0.6823810828554638,0.0004290603331968372,hypothetical scenario
gaussian,0.798,0.3,316912.0,7925000.0,6324150.0,95073.59999999999,,272743.6571645176,False,7925000.0,16.97200729422786,0.6788802917691145,0.0004290603331968372,hypothetical scenario
gaussian,0.8,0.3,316912.0,7925000.0,6340000.0,95073.59999999999,,273679.9838648863,False,7925000.0,16.883630439910185,0.6753452175964074,0.0004290603331968372,hypothetical scenario
gaussian,0.802,0.3,316912.0,7925000.0,6355850.0,95073.59999999999,,274621.24880330096,False,7925000.0,16.794387687591282,0.6717755075036513,0.0004290603331968372,hypothetical scenario
gaussian,0.804,0.3,316912.0,7925000.0,6371700.0,95073.59999999999,,275567.5535181004,False,7925000.0,16.70427007054106,0.6681708028216424,0.0004290603331968372,hypothetical scenario
gaussian,0.806,0.3,316912.0,7925000.0,6387550.0,95073.59999999999,,276519.00249388727,False,7924999.999999999,16.613268471861776,0.664530738874471,0.0004290603331968372,hypothetical scenario
gaussian,0.808,0.3,316912.0,7925000.0,6403400.0,95073.59999999999,,277475.70327883365,False,7925000.0,16.521373620035988,0.6608549448014395,0.0004290603331968372,hypothetical scenario
gaussian,0.81,0.3,316912.0,7925000.0,6419250.0,95073.59999999999,,278437.76660795155,False,7925000.0,16.42857608429346,0.6571430433717385,0.0004290603331968372,hypothetical scenario
gaussian,0.812,0.3,316912.0,7925000.0,6435100.0,95073.59999999999,,279405.3065326949,False,7925000.0,16.334866269787916,0.6533946507915167,0.0004290603331968372,hypothetical scenario
gaussian,0.8140000000000001,0.3,316912.0,7925000.0,6450950.0,95073.59999999999,,280378.4405572921,False,7925000.0,16.240234412573614,0.6496093765029446,0.0004290603331968372,hypothetical scenario
gaussian,0.8160000000000001,0.3,316912.0,7925000.0,6466800.0,95073.59999999999,,281357.28978223423,False,7925000.0,16.144670574371364,0.6457868229748546,0.0004290603331968372,hypothetical scenario
gaussian,0.8180000000000001,0.3,316912.0,7925000.0,6482650.000000001,95073.59999999999,,282341.9790553772,False,7925000.0,16.048164637112865,0.6419265854845146,0.0004290603331968372,hypothetical scenario
gaussian,0.8200000000000001,0.3,316912.0,7925000.0,6498500.000000001,95073.59999999999,,283332.63713115023,False,7925000.0,15.950706297251383,0.6380282518900553,0.0004290603331968372,hypothetical scenario
gaussian,0.8220000000000001,0.3,316912.0,7925000.0,6514350.000000001,95073.59999999999,,284329.39683840226,False,7925000.0,15.85228505982621,0.6340914023930484,0.0004290603331968372,hypothetical scenario
gaussian,0.8240000000000001,0.3,316912.0,7925000.0,6530200.000000001,95073.59999999999,,285332.39525745664,False,7925000.0,15.752890232267433,0.6301156092906973,0.0004290603331968372,hypothetical scenario
gaussian,0.8260000000000001,0.3,316912.0,7925000.0,6546050.000000001,95073.59999999999,,286341.77390699164,False,7924999.999999999,15.652510917926572,0.6261004367170628,0.0004290603331968372,hypothetical scenario
gaussian,0.8280000000000001,0.3,316912.0,7925000.0,6561900.000000001,95073.59999999999,,287357.6789414118,False,7924999.999999998,15.551136009317776,0.622045440372711,0.0004290603331968372,hypothetical scenario
gaussian,0.8300000000000001,0.3,316912.0,7925000.0,6577750.000000001,95073.59999999999,,288380.26135942846,False,7925000.0,15.448754181053207,0.6179501672421283,0.0004290603331968372,hypothetical scenario
gaussian,0.8320000000000001,0.3,316912.0,7925000.0,6593600.000000001,95073.59999999999,,289409.67722462886,False,7925000.0,15.345353882454873,0.6138141552981949,0.0004290603331968372,hypothetical scenario
gaussian,0.834,0.3,316912.0,7925000.0,6609450.0,95073.59999999999,,290446.0878988705,False,7925000.0,15.240923329824557,0.6096369331929823,0.0004290603331968372,hypothetical scenario
gaussian,0.836,0.3,316912.0,7925000.0,6625300.0,95073.59999999999,,291489.66028941696,False,7925000.0,15.135450498351227,0.6054180199340491,0.0004290603331968372,hypothetical scenario
gaussian,0.838,0.3,316912.0,7925000.0,6641150.0,95073.59999999999,,292540.56711079873,False,7925000.0,15.028923113634832,0.6011569245453933,0.0004290603331968372,hypothetical scenario
gaussian,0.84,0.3,316912.0,7925000.0,6657000.0,95073.59999999999,,293598.9871624734,False,7925000.0,14.921328642803086,0.5968531457121234,0.0004290603331968372,hypothetical scenario
gaussian,0.842,0.3,316912.0,7925000.0,6672850.0,95073.59999999999,,294665.1056234487,False,7925000.0,14.81265428519658,0.5925061714078632,0.0004290603331968372,hypothetical scenario
gaussian,0.844,0.3,316912.0,7925000.0,6688700.0,95073.59999999999,,295739.1143651345,False,7925000.0,14.702886962595544,0.5881154785038217,0.0004290603331968372,hypothetical scenario
gaussian,0.846,0.3,316912.0,7925000.0,6704550.0,95073.59999999999,,296821.2122838028,False,7925000.0,14.592013308959547,0.5836805323583819,0.0004290603331968372,hypothetical scenario
gaussian,0.848,0.3,316912.0,7925000.0,6720400.0,95073.59999999999,,297911.6056541567,False,7925000.0,14.480019659649365,0.5792007863859746,0.0004290603331968372,hypothetical scenario
gaussian,0.85,0.3,316912.0,7925000.0,6736250.0,95073.59999999999,,299010.5085056482,False,7925000.0,14.366892040097696,0.5746756816039078,0.0004290603331968372,hypothetical scenario
gaussian,0.852,0.3,316912.0,7925000.0,6752100.0,95073.59999999999,,300118.143023333,False,7925000.0,14.25261615389289,0.5701046461557155,0.0004290603331968372,hypothetical scenario
gaussian,0.854,0.3,316912.0,7925000.0,6767950.0,95073.59999999999,,301234.7399752202,False,7925000.0,14.137177370237044,0.5654870948094818,0.0004290603331968372,hypothetical scenario
gaussian,0.856,0.3,316912.0,7925000.0,6783800.0,95073.59999999999,,302360.53916825727,False,7925000.000000001,14.020560710736577,0.5608224284294631,0.0004290603331968372,hypothetical scenario
gaussian,0.858,0.3,316912.0,7925000.0,6799650.0,95073.59999999999,,303495.78993529966,False,7925000.000000001,13.902750835480013,0.5561100334192005,0.0004290603331968372,hypothetical scenario
gaussian,0.86,0.3,316912.0,7925000.0,6815500.0,95073.59999999999,,304640.7516556388,False,7925000.000000001,13.783732028354134,0.5513492811341654,0.0004290603331968372,hypothetical scenario
gaussian,0.862,0.3,316912.0,7925000.0,6831350.0,95073.59999999999,,305795.69431192137,False,7925000.000000002,13.66348818154515,0.546539527261806,0.0004290603331968372,hypothetical scenario
gaussian,0.864,0.3,316912.0,7925000.0,6847200.0,95073.59999999999,,306960.89908657206,False,7925000.000000004,13.542002779167465,0.5416801111666986,0.0004290603331968372,hypothetical scenario
gaussian,0.866,0.3,316912.0,7925000.0,6863050.0,95073.59999999999,,308136.6590011516,False,7925000.000000006,13.419258879957246,0.5367703551982899,0.0004290603331968372,hypothetical scenario
gaussian,0.868,0.3,316912.0,7925000.0,6878900.0,95073.59999999999,,309323.2796024353,False,7925000.000000008,13.295239098962746,0.5318095639585099,0.0004290603331968372,hypothetical scenario
gaussian,0.87,0.3,316912.0,7925000.0,6894750.0,95073.59999999999,,310521.0796993926,False,7925000.000000013,13.169925588157117,0.5267970235262847,0.0004290603331968372,hypothetical scenario
gaussian,0.872,0.3,316912.0,7925000.0,6910600.0,95073.59999999999,,311730.39215569687,False,7925000.000000016,13.04330001589272,0.5217320006357088,0.0004290603331968372,hypothetical scenario
gaussian,0.874,0.3,316912.0,7925000.0,6926450.0,95073.59999999999,,312951.5647428894,False,7925000.000000021,12.915343545108751,0.51661374180435,0.0004290603331968372,hypothetical scenario
gaussian,0.876,0.3,316912.0,7925000.0,6942300.0,95073.59999999999,,314184.9610598916,False,7925000.000000027,12.786036810195176,0.511441472407807,0.0004290603331968372,hypothetical scenario
gaussian,0.878,0.3,316912.0,7925000.0,6958150.0,95073.59999999999,,315430.96152519336,False,7924999.999999974,12.655359892407002,0.5062143956962801,0.0004290603331968372,hypothetical scenario
gaussian,0.88,0.3,316912.0,7925000.0,6974000.0,95073.59999999999,,316689.9644487336,False,7924999.999999984,12.523292293715595,0.5009316917486238,0.0004290603331968372,hypothetical scenario
gaussian,0.882,0.3,316912.0,7925000.0,6989850.0,95073.59999999999,,317962.3871914017,False,7924999.999999997,12.389812908962208,0.49559251635848833,0.0004290603331968372,hypothetical scenario
gaussian,0.884,0.3,316912.0,7925000.0,7005700.0,95073.59999999999,,319248.6674208436,False,7925000.0,12.254899996183413,0.4901959998473365,0.0004290603331968372,hypothetical scenario
gaussian,0.886,0.3,316912.0,7925000.0,7021550.0,95073.59999999999,,320549.26447346754,False,7925000.0,12.118531144947084,0.48474124579788336,0.0004290603331968372,hypothetical scenario
gaussian,0.888,0.3,316912.0,7925000.0,7037400.0,95073.59999999999,,321864.6608336508,False,7925000.0,11.980683242530617,0.47922732970122467,0.0004290603331968372,hypothetical scenario
gaussian,0.89,0.3,316912.0,7925000.0,7053250.0,95073.59999999999,,323195.3637425313,False,7925000.0,11.841332437753444,0.47365329751013774,0.0004290603331968372,hypothetical scenario
gaussian,0.892,0.3,316912.0,7925000.0,7069100.0,95073.59999999999,,324541.90695033385,False,7925000.0,11.700454102255078,0.46801816409020314,0.0004290603331968372,hypothetical scenario
gaussian,0.894,0.3,316912.0,7925000.0,7084950.0,95073.59999999999,,325904.8526279677,False,7925000.0,11.558022788987591,0.46232091155950367,0.0004290603331968372,hypothetical scenario
gaussian,0.896,0.3,316912.0,7925000.0,7100800.0,95073.59999999999,,327284.79345569236,False,7925000.0,11.414012187665604,0.45656048750662415,0.0004290603331968372,hypothetical scenario
gaussian,0.898,0.3,316912.0,7925000.0,7116650.0,95073.59999999999,,328682.3549090211,False,7925000.0,11.268395076887899,0.450735803075516,0.0004290603331968372,hypothetical scenario
gaussian,0.9,0.3,316912.0,7925000.0,7132500.0,95073.59999999999,,330098.1977647775,False,7925000.0,11.121143272611528,0.4448457309044611,0.0004290603331968372,hypothetical scenario
gaussian,0.902,0.3,316912.0,7925000.0,7148350.0,95073.59999999999,,331533.02085339656,False,7925000.0,10.972227572621987,0.4388891029048795,0.0004290603331968372,hypothetical scenario
gaussian,0.904,0.3,316912.0,7925000.0,7164200.0,95073.59999999999,,332987.5640872622,False,7925000.0,10.821617696599848,0.4328647078639939,0.0004290603331968372,hypothetical scenario
gaussian,0.906,0.3,316912.0,7925000.0,7180050.0,95073.59999999999,,334462.61179917917,False,7925000.0,10.669282221335369,0.42677128885341475,0.0004290603331968372,hypothetical scenario
gaussian,0.908,0.3,316912.0,7925000.0,7195900.0,95073.59999999999,,335958.9964301161,False,7925000.0,10.515188510586356,0.4206075404234542,0.0004290603331968372,hypothetical scenario
gaussian,0.91,0.3,316912.0,7925000.0,7211750.0,95073.59999999999,,337477.60261126666,False,7925000.0,10.359302639009819,0.4143721055603928,0.0004290603331968372,hypothetical scenario
gaussian,0.912,0.3,316912.0,7925000.0,7227600.0,95073.59999999999,,339019.3716924311,False,7925000.0,10.201589309523449,0.40806357238093793,0.0004290603331968372,hypothetical scenario
gaussian,0.914,0.3,316912.0,7925000.0,7243450.0,95073.59999999999,,340585.30677693593,False,7925000.0,10.042011763366613,0.40168047053466455,0.0004290603331968372,hypothetical scenario
gaussian,0.916,0.3,316912.0,7925000.0,7259300.0,95073.59999999999,,342176.4783330445,False,7925000.0,9.880531682030494,0.39522126728121976,0.0004290603331968372,hypothetical scenario
gaussian,0.918,0.3,316912.0,7925000.0,7275150.0,95073.59999999999,,343794.0304633959,False,7925000.0,9.717109080110541,0.3886843632044216,0.0004290603331968372,hypothetical scenario
gaussian,0.92,0.3,316912.0,7925000.0,7291000.0,95073.59999999999,,345439.18792784633,False,7925000.0,9.551702187998027,0.38206808751992105,0.0004290603331968372,hypothetical scenario
gaussian,0.922,0.3,316912.0,7925000.0,7306850.0,95073.59999999999,,347113.26403168146,False,7925000.0,9.384267323168089,0.37537069292672354,0.0004290603331968372,hypothetical scenario
gaussian,0.924,0.3,316912.0,7925000.0,7322700.0,95073.59999999999,,348817.6695111556,False,7925000.0,9.214758748633702,0.3685903499453481,0.0004290603331968372,hypothetical scenario
gaussian,0.926,0.3,316912.0,7925000.0,7338550.0,95073.59999999999,,350553.9225725047,False,7925000.0,9.043128516912923,0.3617251406765169,0.0004290603331968372,hypothetical scenario
gaussian,0.928,0.3,316912.0,7925000.0,7354400.0,95073.59999999999,,352323.6602699825,False,7925000.0,8.869326297593572,0.35477305190374286,0.0004290603331968372,hypothetical scenario
gaussian,0.93,0.3,316912.0,7925000.0,7370250.0,95073.59999999999,,354128.6514444015,False,7925000.0,8.693299186265543,0.34773196745062174,0.0004290603331968372,hypothetical scenario
gaussian,0.932,0.3,316912.0,7925000.0,7386100.0,95073.59999999999,,355970.8114877968,False,7925000.0,8.514991492215133,0.34059965968860534,0.0004290603331968372,hypothetical scenario
gaussian,0.934,0.3,316912.0,7925000.0,7401950.0,95073.59999999999,,357852.2192543381,False,7925000.0,8.334344501823981,0.33337378007295926,0.0004290603331968372,hypothetical scenario
gaussian,0.936,0.3,316912.0,7925000.0,7417800.0,95073.59999999999,,359775.1365053455,False,7925000.0,8.151296214068466,0.32605184856273867,0.0004290603331968372,hypothetical scenario
gaussian,0.9380000000000001,0.3,316912.0,7925000.0,7433650.0,95073.59999999999,,361742.03036092443,False,7925000.0,7.965781043851044,0.3186312417540418,0.0004290603331968372,hypothetical scenario
gaussian,0.9400000000000001,0.3,316912.0,7925000.0,7449500.0,95073.59999999999,,363755.5993372699,False,7925000.0,7.777729488082693,0.31110917952330774,0.0004290603331968372,hypothetical scenario
gaussian,0.9420000000000001,0.3,316912.0,7925000.0,7465350.000000001,95073.59999999999,,365818.80368367594,False,7925000.0,7.58706774843623,0.3034827099374492,0.0004290603331968372,hypothetical scenario
gaussian,0.9440000000000001,0.3,316912.0,7925000.0,7481200.000000001,95073.59999999999,,367934.90090559406,False,7924999.999999999,7.39371730345301,0.2957486921381204,0.0004290603331968372,hypothetical scenario
gaussian,0.9460000000000001,0.3,316912.0,7925000.0,7497050.000000001,95073.59999999999,,370107.4875817678,False,7924999.999999999,7.197594421143089,0.28790377684572355,0.0004290603331968372,hypothetical scenario
gaussian,0.9480000000000001,0.3,316912.0,7925000.0,7512900.000000001,95073.59999999999,,372340.5488710756,False,7925000.0,6.998609601282174,0.27994438405128697,0.0004290603331968372,hypothetical scenario
gaussian,0.9500000000000001,0.3,316912.0,7925000.0,7528750.000000001,95073.59999999999,,374638.51748121716,False,7924999.999999999,6.796666934157078,0.2718666773662831,0.0004290603331968372,hypothetical scenario
gaussian,0.9520000000000001,0.3,316912.0,7925000.0,7544600.000000001,95073.59999999999,,377006.34436900035,False,7924999.999999999,6.591663359382635,0.2636665343753054,0.0004290603331968372,hypothetical scenario
gaussian,0.9540000000000001,0.3,316912.0,7925000.0,7560450.000000001,95073.59999999999,,379449.5841065359,False,7924999.999999999,6.383487804383417,0.2553395121753367,0.0004290603331968372,hypothetical scenario
gaussian,0.9560000000000001,0.3,316912.0,7925000.0,7576300.000000001,95073.59999999999,,381974.49874503206,False,7924999.999999999,6.1720201768934695,0.24688080707573878,0.0004290603331968372,hypothetical scenario
gaussian,0.9580000000000001,0.3,316912.0,7925000.0,7592150.000000001,95073.59999999999,,384588.18523436005,False,7924999.999999998,5.957130178940605,0.2382852071576242,0.0004290603331968372,hypothetical scenario
gaussian,0.96,0.3,316912.0,7925000.0,7608000.0,95073.59999999999,,387298.7331547929,False,7924999.999999998,5.738675900628387,0.22954703602513546,0.0004290603331968372,hypothetical scenario
gaussian,0.962,0.3,316912.0,7925000.0,7623850.0,95073.59999999999,,390115.42190237227,False,7924999.999999999,5.516502139710446,0.22066008558841785,0.0004290603331968372,hypothetical scenario
gaussian,0.964,0.3,316912.0,7925000.0,7639700.0,95073.59999999999,,393048.9698712621,False,7924999.999999998,5.290438376149541,0.21161753504598163,0.0004290603331968372,hypothetical scenario
gaussian,0.966,0.3,316912.0,7925000.0,7655550.0,95073.59999999999,,396111.85311190423,False,7924999.999999999,5.060296307592199,0.20241185230368797,0.0004290603331968372,hypothetical scenario
gaussian,0.968,0.3,316912.0,7925000.0,7671400.0,95073.59999999999,,399318.7182393565,False,7925000.0,4.825866818958469,0.19303467275833874,0.0004290603331968372,hypothetical scenario
gaussian,0.97,0.3,316912.0,7925000.0,7687250.0,95073.59999999999,,402686.9253763871,False,7925000.0,4.58691621244948,0.18347664849797918,0.0004290603331968372,hypothetical scenario
gaussian,0.972,0.3,316912.0,7925000.0,7703100.0,95073.59999999999,,406237.2739202163,False,7925000.0,4.343181455719826,0.17372725822879304,0.0004290603331968372,hypothetical scenario
gaussian,0.974,0.3,316912.0,7925000.0,7718950.0,95073.59999999999,,409994.9908723297,False,7925000.0,4.094364103462003,0.16377456413848013,0.0004290603331968372,hypothetical scenario
gaussian,0.976,0.3,316912.0,7925000.0,7734800.0,95073.59999999999,,413991.10545277875,False,7925000.0,3.840122390456878,0.15360489561827512,0.0004290603331968372,hypothetical scenario
gaussian,0.978,0.3,316912.0,7925000.0,7750650.0,95073.59999999999,,418264.407927789,False,7925000.0,3.5800607460018634,0.14320242984007453,0.0004290603331968372,hypothetical scenario
gaussian,0.98,0.3,316912.0,7925000.0,7766500.0,95073.59999999999,,422864.320673389,False,7925000.000000002,3.3137155746891023,0.1325486229875641,0.0004290603331968372,hypothetical scenario
gaussian,0.982,0.3,316912.0,7925000.0,7782350.0,95073.59999999999,,427855.24796222855,False,7925000.0,3.0405354617013254,0.12162141846805302,0.0004290603331968372,hypothetical scenario
gaussian,0.984,0.3,316912.0,7925000.0,7798200.0,95073.59999999999,,433323.43166531925,False,7925000.0,2.759852741803019,0.11039410967212077,0.0004290603331968372,hypothetical scenario
gaussian,0.986,0.3,316912.0,7925000.0,7814050.0,95073.59999999999,,439388.2880551899,False,7925000.0,2.4708410868454864,0.09883364347381945,0.0004290603331968372,hypothetical scenario
gaussian,0.988,0.3,316912.0,7925000.0,7829900.0,95073.59999999999,,446222.3081996007,False,7925000.0,2.1724491922706353,0.08689796769082542,0.0004290603331968372,hypothetical scenario
gaussian,0.99,0.3,316912.0,7925000.0,7845750.0,95073.59999999999,,454088.7667685301,False,7925000.0,1.8632906899849082,0.07453162759939633,0.0004290603331968372,hypothetical scenario
gaussian,0.992,0.3,316912.0,7925000.0,7861600.0,95073.59999999999,,463420.8403569941,False,7925000.0,1.5414462971136125,0.0616578518845445,0.0004290603331968372,hypothetical scenario
gaussian,0.994,0.3,316912.0,7925000.0,7877450.0,95073.59999999999,,475013.27585614845,False,7925000.0,1.2040665438789395,0.04816266175515758,0.0004290603331968372,hypothetical scenario
gaussian,0.996,0.3,316912.0,7925000.0,7893300.0,95073.59999999999,,490602.3248034981,False,7925000.0,0.8464278624246434,0.03385711449698574,0.0004290603331968372,hypothetical scenario
gaussian,0.998,0.3,316912.0,7925000.0,7909150.0,95073.59999999999,,515515.4937984714,False,7925000.0,0.4589087563137363,0.01835635025254945,0.0004290603331968372,hypothetical scenario
gaussian,1.0,0.3,316912.0,7925000.0,7925000.0,95073.59999999999,,,True,7925000.0,0.0,0.0,0.0004290603331968372,hypothetical scenario
