family,floor_fraction,sd_reference_fraction,reference_mean_tco2e,budget_eur,floor_eur,sd_tco2e,halfwidth_tco2e,threshold_tco2e,constant_contract,expected_payment_eur,marginal_eur_per_tco2e,marginal_fraction_of_cap,reported_emissions_negative_probability,value_status
uniform,0.9,0.0,316912.0,7925000.0,7132500.0,0.0,0.0,285212.0,False,7925000.0,25.0,1.0,0.0,hypothetical scenario
uniform,0.9,0.001,316912.0,7925000.0,7132500.0,316.91200000000003,548.9076855282681,285212.0,False,7925000.0,25.0,1.0,0.0,hypothetical scenario
uniform,0.9,0.002,316912.0,7925000.0,7132500.0,633.8240000000001,1097.8153710565362,285212.0,False,7925000.0,25.0,1.0,0.0,hypothetical scenario
uniform,0.9,0.003,316912.0,7925000.0,7132500.0,950.736,1646.723056584804,285212.0,False,7925000.0,25.0,1.0,0.0,hypothetical scenario
uniform,0.9,0.004,316912.0,7925000.0,7132500.0,1267.6480000000001,2195.6307421130723,285212.0,False,7925000.0,25.0,1.0,0.0,hypothetical scenario
uniform,0.9,0.005,316912.0,7925000.0,7132500.0,1584.56,2744.53842764134,285212.0,False,7925000.0,25.0,1.0,0.0,hypothetical scenario
uniform,0.9,0.006,316912.0,7925000.0,7132500.0,1901.472,3293.446113169608,285212.0,False,7925000.0,25.0,1.0,0.0,hypothetical scenario
uniform,0.9,0.007,316912.0,7925000.0,7132500.0,2218.384,3842.3537986978763,285212.0,False,7925000.0,25.0,1.0,0.0,hypothetical scenario
uniform,0.9,0.008,316912.0,7925000.0,7132500.0,2535.2960000000003,4391.261484226145,285212.0,False,7925000.0,25.0,1.0,0.0,hypothetical scenario
uniform,0.9,0.009000000000000001,316912.0,7925000.0,7132500.0,2852.2080000000005,4940.169169754413,285212.0,False,7925000.0,25.0,1.0,0.0,hypothetical scenario
uniform,0.9,0.01,316912.0,7925000.0,7132500.0,3169.12,5489.07685528268,285212.0,False,7925000.0,25.0,1.0,0.0,hypothetical scenario
uniform,0.9,0.011,316912.0,7925000.0,7132500.0,3486.0319999999997,6037.984540810948,285212.0,False,7925000.0,25.0,1.0,0.0,hypothetical scenario
uniform,0.9,0.012,316912.0,7925000.0,7132500.0,3802.944,6586.892226339216,285212.0,False,7925000.0,25.0,1.0,0.0,hypothetical scenario
uniform,0.9,0.013000000000000001,316912.0,7925000.0,7132500.0,4119.856000000001,7135.799911867485,285212.0,False,7925000.0,25.0,1.0,0.0,hypothetical scenario
uniform,0.9,0.014,316912.0,7925000.0,7132500.0,4436.768,7684.707597395753,285212.0,False,7925000.0,25.0,1.0,0.0,hypothetical scenario
uniform,0.9,0.015,316912.0,7925000.0,7132500.0,4753.679999999999,8233.615282924018,285212.0,False,7925000.0,25.0,1.0,0.0,hypothetical scenario
uniform,0.9,0.016,316912.0,7925000.0,7132500.0,5070.592000000001,8782.52296845229,285212.0,False,7925000.0,25.0,1.0,0.0,hypothetical scenario
uniform,0.9,0.017,316912.0,7925000.0,7132500.0,5387.504000000001,9331.430653980558,285212.0,False,7925000.0,25.0,1.0,0.0,hypothetical scenario
uniform,0.9,0.018000000000000002,316912.0,7925000.0,7132500.0,5704.416000000001,9880.338339508826,285212.0,False,7925000.0,25.0,1.0,0.0,hypothetical scenario
uniform,0.9,0.019,316912.0,7925000.0,7132500.0,6021.3279999999995,10429.246025037091,285212.0,False,7925000.0,25.0,1.0,0.0,hypothetical scenario
uniform,0.9,0.02,316912.0,7925000.0,7132500.0,6338.24,10978.15371056536,285212.0,False,7925000.0,25.0,1.0,0.0,hypothetical scenario
uniform,0.9,0.021,316912.0,7925000.0,7132500.0,6655.152,11527.061396093628,285212.0,False,7925000.0,25.0,1.0,0.0,hypothetical scenario
uniform,0.9,0.022,316912.0,7925000.0,7132500.0,6972.063999999999,12075.969081621895,285212.0,False,7925000.0,25.0,1.0,0.0,hypothetical scenario
uniform,0.9,0.023,316912.0,7925000.0,7132500.0,7288.976,12624.876767150163,285212.0,False,7925000.0,25.0,1.0,0.0,hypothetical scenario
uniform,0.9,0.024,316912.0,7925000.0,7132500.0,7605.888,13173.784452678432,285212.0,False,7925000.0,25.0,1.0,0.0,hypothetical scenario
uniform,0.9,0.025,316912.0,7925000.0,7132500.0,7922.8,13722.692138206701,285212.0,False,7925000.0,25.0,1.0,0.0,hypothetical scenario
uniform,0.9,0.026000000000000002,316912.0,7925000.0,7132500.0,8239.712000000001,14271.59982373497,285212.0,False,7925000.0,25.0,1.0,0.0,hypothetical scenario
uniform,0.9,0.027,316912.0,7925000.0,7132500.0,8556.624,14820.507509263236,285212.0,False,7925000.0,25.0,1.0,0.0,hypothetical scenario
uniform,0.9,0.028,316912.0,7925000.0,7132500.0,8873.536,15369.415194791505,285212.0,False,7925000.0,25.0,1.0,0.0,hypothetical scenario
uniform,0.9,0.029,316912.0,7925000.0,7132500.0,9190.448,15918.322880319773,285212.0,False,7925000.0,25.0,1.0,0.0,hypothetical scenario
uniform,0.9,0.03,316912.0,7925000.0,7132500.0,9507.359999999999,16467.230565848036,285212.0,False,7925000.0,25.0,1.0,0.0,hypothetical scenario
uniform,0.9,0.031,316912.0,7925000.0,7132500.0,9824.271999999999,17016.138251376306,285212.0,False,7925000.0,25.0,1.0,0.0,hypothetical scenario
uniform,0.9,0.032,316912.0,7925000.0,7132500.0,10141.184000000001,17565.04593690458,285212.0,False,7925000.0,25.0,1.0,0.0,hypothetical scenario
uniform,0.9,0.033,316912.0,7925000.0,7132500.0,10458.096000000001,18113.953622432848,285212.0,False,7925000.0,25.0,1.0,0.0,hypothetical scenario
uniform,0.9,0.034,316912.0,7925000.0,7132500.0,10775.008000000002,18662.861307961117,285212.0,False,7925000.0,25.0,1.0,0.0,hypothetical scenario
uniform,0.9,0.035,316912.0,7925000.0,7132500.0,11091.920000000002,19211.768993489382,285212.0,False,7925000.0,25.0,1.0,0.0,hypothetical scenario
uniform,0.9,0.036000000000000004,316912.0,7925000.0,7132500.0,11408.832000000002,19760.67667901765,285212.0,False,7925000.0,25.0,1.0,0.0,hypothetical scenario
uniform,0.9,0.037,316912.0,7925000.0,7132500.0,11725.743999999999,20309.584364545914,285212.0,False,7925000.0,25.0,1.0,0.0,hypothetical scenario
uniform,0.9,0.038,316912.0,7925000.0,7132500.0,12042.655999999999,20858.492050074183,285212.0,False,7925000.0,25.0,1.0,0.0,hypothetical scenario
uniform,0.9,0.039,316912.0,7925000.0,7132500.0,12359.568,21407.399735602452,285212.0,False,7925000.0,25.0,1.0,0.0,hypothetical scenario
uniform,0.9,0.04,316912.0,7925000.0,7132500.0,12676.48,21956.30742113072,285212.0,False,7925000.0,25.0,1.0,0.0,hypothetical scenario
uniform,0.9,0.041,316912.0,7925000.0,7132500.0,12993.392,22505.215106658987,285212.0,False,7925000.0,25.0,1.0,0.0,hypothetical scenario
uniform,0.9,0.042,316912.0,7925000.0,7132500.0,13310.304,23054.122792187256,285212.0,False,7925000.0,25.0,1.0,0.0,hypothetical scenario
uniform,0.9,0.043000000000000003,316912.0,7925000.0,7132500.0,13627.216,23603.030477715525,285212.0,False,7925000.0,25.0,1.0,0.0,hypothetical scenario
uniform,0.9,0.044,316912.0,7925000.0,7132500.0,13944.127999999999,24151.93816324379,285212.0,False,7925000.0,25.0,1.0,0.0,hypothetical scenario
uniform,0.9,0.045,316912.0,7925000.0,7132500.0,14261.039999999999,24700.84584877206,285212.0,False,7925000.0,25.0,1.0,0.0,hypothetical scenario
uniform,0.9,0.046,316912.0,7925000.0,7132500.0,14577.952,25249.753534300326,285212.0,False,7925000.0,25.0,1.0,0.0,hypothetical scenario
uniform,0.9,0.047,316912.0,7925000.0,7132500.0,14894.864,25798.661219828595,285212.0,False,7925000.0,25.0,1.0,0.0,hypothetical scenario
uniform,0.9,0.048,316912.0,7925000.0,7132500.0,15211.776,26347.568905356864,285212.0,False,7925000.0,25.0,1.0,0.0,hypothetical scenario
uniform,0.9,0.049,316912.0,7925000.0,7132500.0,15528.688,26896.476590885133,285212.0,False,7925000.0,25.0,1.0,0.0,hypothetical scenario
uniform,0.9,0.05,316912.0,7925000.0,7132500.0,15845.6,27445.384276413402,285212.0,False,7925000.0,25.0,1.0,0.0,hypothetical scenario
uniform,0.9,0.051000000000000004,316912.0,7925000.0,7132500.0,16162.512,27994.291961941668,285212.0,False,7925000.0,25.0,1.0,0.0,hypothetical scenario
uniform,0.9,0.052000000000000005,316912.0,7925000.0,7132500.0,16479.424000000003,28543.19964746994,285212.0,False,7925000.0,25.0,1.0,0.0,hypothetical scenario
uniform,0.9,0.053,316912.0,7925000.0,7132500.0,16796.336,29092.107332998203,285212.0,False,7925000.0,25.0,1.0,0.0,hypothetical scenario
uniform,0.9,0.054,316912.0,7925000.0,7132500.0,17113.248,29641.015018526472,285212.0,False,7925000.0,25.0,1.0,0.0,hypothetical scenario
uniform,0.9,0.055,316912.0,7925000.0,7132500.0,17430.16,30189.92270405474,285212.0,False,7925000.0,25.0,1.0,0.0,hypothetical scenario
uniform,0.9,0.056,316912.0,7925000.0,7132500.0,17747.072,30738.83038958301,285212.0,False,7925000.0,25.0,1.0,0.0,hypothetical scenario
uniform,0.9,0.057,316912.0,7925000.0,7132500.0,18063.984,31287.738075111276,285212.0,False,7925000.0,25.0,1.0,0.0,hypothetical scenario
uniform,0.9,0.058,316912.0,7925000.0,7132500.0,18380.896,31836.645760639545,285212.1469394967,False,7924999.999999999,24.946291177639807,0.9978516471055923,0.0,hypothetical scenario
uniform,0.9,0.059000000000000004,316912.0,7925000.0,7132500.0,18697.808,32385.553446167814,285215.66694948234,False,7925000.0,24.7339784555497,0.989359138221988,0.0,hypothetical scenario
uniform,0.9,0.06,316912.0,7925000.0,7132500.0,19014.719999999998,32934.46113169607,285223.7896340006,False,7924999.999999999,24.526995917470273,0.9810798366988109,0.0,hypothetical scenario
uniform,0.9,0.061,316912.0,7925000.0,7132500.0,19331.631999999998,33483.36881722434,285236.4003936524,False,7925000.0,24.32512420541344,0.9730049682165377,0.0,hypothetical scenario
uniform,0.9,0.062,316912.0,7925000.0,7132500.0,19648.543999999998,34032.27650275261,285253.38930712227,False,7925000.0,24.128156395266824,0.965126255810673,0.0,hypothetical scenario
uniform,0.9,0.063,316912.0,7925000.0,7132500.0,19965.456000000002,34581.18418828089,285274.65086811426,False,7925000.0,23.93589710506763,0.9574358842027053,0.0,hypothetical scenario
uniform,0.9,0.064,316912.0,7925000.0,7132500.0,20282.368000000002,35130.09187380916,285300.08374100726,False,7924999.999999999,23.748161680214913,0.9499264672085965,0.0,hypothetical scenario
uniform,0.9,0.065,316912.0,7925000.0,7132500.0,20599.280000000002,35678.999559337426,285329.59053362656,False,7924999.999999999,23.564775447896544,0.9425910179158618,0.0,hypothetical scenario
uniform,0.9,0.066,316912.0,7925000.0,7132500.0,20916.192000000003,36227.907244865695,285363.0775856896,False,7925000.0,23.385573033887276,0.935422921355491,0.0,hypothetical scenario
uniform,0.9,0.067,316912.0,7925000.0,7132500.0,21233.104000000003,36776.814930393964,285400.4547716234,False,7925000.0,23.210397735644463,0.9284159094257786,0.0,hypothetical scenario
uniform,0.9,0.068,316912.0,7925000.0,7132500.0,21550.016000000003,37325.722615922234,285441.6353165784,False,7925000.0,23.03910094629927,0.9215640378519708,0.0,hypothetical scenario
uniform,0.9,0.069,316912.0,7925000.0,7132500.0,21866.928000000004,37874.630301450496,285486.53562457487,False,7925000.0,22.871541624731588,0.9148616649892635,0.0,hypothetical scenario
uniform,0.9,0.07,316912.0,7925000.0,7132500.0,22183.840000000004,38423.537986978765,285535.0751178193,False,7925000.0,22.707585807433304,0.9083034322973321,0.0,hypothetical scenario
uniform,0.9,0.07100000000000001,316912.0,7925000.0,7132500.0,22500.752000000004,38972.445672507034,285587.1760863141,False,7925000.0,22.547106158320954,0.9018842463328381,0.0,hypothetical scenario
uniform,0.9,0.07200000000000001,316912.0,7925000.0,7132500.0,22817.664000000004,39521.3533580353,285642.7635469674,False,7924999.999999999,22.389981553059307,0.8955992621223723,0.0,hypothetical scenario
uniform,0.9,0.073,316912.0,7925000.0,7132500.0,23134.575999999997,40070.26104356356,285701.76511147944,False,7925000.0,22.23609669481234,0.8894438677924935,0.0,hypothetical scenario
uniform,0.9,0.074,316912.0,7925000.0,7132500.0,23451.487999999998,40619.16872909183,285764.110862346,False,7925000.0,22.08534175865149,0.8834136703460597,0.0,hypothetical scenario
uniform,0.9,0.075,316912.0,7925000.0,7132500.0,23768.399999999998,41168.076414620096,285829.7332363775,False,7925000.0,21.937612062129354,0.8775044824851741,0.0,hypothetical scenario
uniform,0.9,0.076,316912.0,7925000.0,7132500.0,24085.311999999998,41716.984100148366,285898.566915185,False,7925000.0,21.79280775977304,0.8717123103909217,0.0,hypothetical scenario
uniform,0.9,0.077,316912.0,7925000.0,7132500.0,24402.224,42265.891785676635,285970.54872213013,False,7924999.999999999,21.650833559471806,0.8660333423788722,0.0,hypothetical scenario
uniform,0.9,0.078,316912.0,7925000.0,7132500.0,24719.136,42814.799471204904,286045.617525278,False,7925000.000000001,21.511598458928084,0.8604639383571233,0.0,hypothetical scenario
uniform,0.9,0.079,316912.0,7925000.0,7132500.0,25036.048,43363.70715673317,286123.7141459329,False,7925000.0,21.37501550051587,0.8550006200206348,0.0,hypothetical scenario
uniform,0.9,0.08,316912.0,7925000.0,7132500.0,25352.96,43912.61484226144,286204.78127236693,False,7925000.0,21.24100154304648,0.8496400617218591,0.0,hypothetical scenario
uniform,0.9,0.081,316912.0,7925000.0,7132500.0,25669.872,44461.522527789704,286288.76337838755,False,7924999.999999999,21.109477049079924,0.844379081963197,0.0,hypothetical scenario
uniform,0.9,0.082,316912.0,7925000.0,7132500.0,25986.784,45010.43021331797,286375.6066464153,False,7925000.0,20.980365886546608,0.8392146354618643,0.0,hypothetical scenario
uniform,0.9,0.083,316912.0,7925000.0,7132500.0,26303.696,45559.33789884624,286465.25889477116,False,7925000.0,20.8535951435545,0.8341438057421801,0.0,hypothetical scenario
uniform,0.9,0.084,316912.0,7925000.0,7132500.0,26620.608,46108.24558437451,286557.66950889374,False,7925000.0,20.729094955358963,0.8291637982143585,0.0,hypothetical scenario
uniform,0.9,0.085,316912.0,7925000.0,7132500.0,26937.52,46657.15326990278,286652.78937623143,False,7925000.0,20.606798342561962,0.8242719337024785,0.0,hypothetical scenario
uniform,0.9,0.08600000000000001,316912.0,7925000.0,7132500.0,27254.432,47206.06095543105,286750.5708245715,False,7925000.0,20.486641059689624,0.819465642387585,0.0,hypothetical scenario
uniform,0.9,0.08700000000000001,316912.0,7925000.0,7132500.0,27571.344,47754.96864095932,286850.9675635868,False,7925000.0,20.368561453370408,0.8147424581348163,0.0,hypothetical scenario
uniform,0.9,0.088,316912.0,7925000.0,7132500.0,27888.255999999998,48303.87632648758,286953.93462939817,False,7925000.0,20.25250032940271,0.8101000131761085,0.0,hypothetical scenario
uniform,0.9,0.089,316912.0,7925000.0,7132500.0,28205.167999999998,48852.78401201585,287059.42833196314,False,7925000.0,20.13840082806087,0.8055360331224348,0.0,hypothetical scenario
uniform,0.9,0.09,316912.0,7925000.0,7132500.0,28522.079999999998,49401.69169754412,287167.40620511817,False,7925000.0,20.02620830704278,0.8010483322817111,0.0,hypothetical scenario
uniform,0.9,0.091,316912.0,7925000.0,7132500.0,28838.992,49950.59938307239,287277.82695911196,False,7924999.999999999,19.91587023151185,0.796634809260474,0.0,hypothetical scenario
uniform,0.9,0.092,316912.0,7925000.0,7132500.0,29155.904,50499.50706860065,287390.65043547924,False,7925000.0,19.80733607073077,0.7922934428292308,0.0,hypothetical scenario
uniform,0.9,0.093,316912.0,7925000.0,7132500.0,29472.816,51048.41475412892,287505.8375641172,False,7925000.0,19.70055720082481,0.7880222880329925,0.0,hypothetical scenario
uniform,0.9,0.094,316912.0,7925000.0,7132500.0,29789.728,51597.32243965719,287623.350322432,False,7925000.0,19.595486813250076,0.7838194725300031,0.0,hypothetical scenario
uniform,0.9,0.095,316912.0,7925000.0,7132500.0,30106.64,52146.23012518546,287743.151696437,False,7925000.0,19.492079828574973,0.7796831931429989,0.0,hypothetical scenario
uniform,0.9,0.096,316912.0,7925000.0,7132500.0,30423.552,52695.13781071373,287865.2056436888,False,7925000.0,19.390292815214334,0.7756117126085733,0.0,hypothetical scenario
uniform,0.9,0.097,316912.0,7925000.0,7132500.0,30740.464,53244.045496242,287989.47705795633,False,7925000.0,19.29008391278351,0.7716033565113404,0.0,hypothetical scenario
uniform,0.9,0.098,316912.0,7925000.0,7132500.0,31057.376,53792.95318177027,288115.9317355243,False,7925000.0,19.191412759765136,0.7676565103906055,0.0,hypothetical scenario
uniform,0.9,0.099,316912.0,7925000.0,7132500.0,31374.288,54341.860867298536,288244.53634304134,False,7925000.0,19.094240425204593,0.7637696170081837,0.0,hypothetical scenario
uniform,0.9,0.1,316912.0,7925000.0,7132500.0,31691.2,54890.768552826805,288375.2583868244,False,7925000.0,18.998529344171942,0.7599411737668776,0.0,hypothetical scenario
uniform,0.9,0.101,316912.0,7925000.0,7132500.0,32008.112,55439.676238355074,288508.0661835427,False,7925000.0,18.90424325674688,0.7561697302698752,0.0,hypothetical scenario
uniform,0.9,0.10200000000000001,316912.0,7925000.0,7132500.0,32325.024,55988.583923883336,288642.92883220396,False,7924999.999999999,18.811347150302087,0.7524538860120835,0.0,hypothetical scenario
uniform,0.9,0.10300000000000001,316912.0,7925000.0,7132500.0,32641.936,56537.491609411605,288779.8161873729,False,7924999.999999999,18.71980720487607,0.7487922881950427,0.0,hypothetical scenario
uniform,0.9,0.10400000000000001,316912.0,7925000.0,7132500.0,32958.848000000005,57086.39929493988,288918.69883355853,False,7925000.0,18.62959074144189,0.7451836296576757,0.0,hypothetical scenario
uniform,0.9,0.105,316912.0,7925000.0,7132500.0,33275.76,57635.30698046814,289059.54806070606,False,7925000.0,18.540666172892248,0.7416266469156899,0.0,hypothetical scenario
uniform,0.9,0.106,316912.0,7925000.0,7132500.0,33592.672,58184.214665996406,289202.335840737,False,7925000.0,18.453002957573833,0.7381201183029533,0.0,hypothetical scenario
uniform,0.9,0.107,316912.0,7925000.0,7132500.0,33909.584,58733.12235152468,289347.0348050829,False,7925000.0,18.366571555215792,0.7346628622086316,0.0,hypothetical scenario
uniform,0.9,0.108,316912.0,7925000.0,7132500.0,34226.496,59282.030037052944,289493.6182231618,False,7925000.0,18.281343385107792,0.7312537354043117,0.0,hypothetical scenario
uniform,0.9,0.109,316912.0,7925000.0,7132500.0,34543.408,59830.93772258122,289642.05998174957,False,7925000.0,18.197290786393246,0.7278916314557299,0.0,hypothetical scenario
uniform,0.9,0.11,316912.0,7925000.0,7132500.0,34860.32,60379.84540810948,289792.33456520084,False,7925000.0,18.11438698035255,0.7245754792141019,0.0,hypothetical scenario
uniform,0.9,0.111,316912.0,7925000.0,7132500.0,35177.232,60928.75309363776,289944.4170364774,False,7925000.0,18.032606034559272,0.7213042413823709,0.0,hypothetical scenario
uniform,0.9,0.112,316912.0,7925000.0,7132500.0,35494.144,61477.66077916602,290098.28301894385,False,7925000.0,17.951922828800722,0.7180769131520289,0.0,hypothetical scenario
uniform,0.9,0.113,316912.0,7925000.0,7132500.0,35811.056000000004,62026.56846469429,290253.90867889347,False,7925000.000000001,17.872313022660688,0.7148925209064275,0.0,hypothetical scenario
uniform,0.9,0.114,316912.0,7925000.0,7132500.0,36127.968,62575.47615022255,290411.270708768,False,7925000.0,17.7937530246699,0.711750120986796,0.0,hypothetical scenario
uniform,0.9,0.115,316912.0,7925000.0,7132500.0,36444.880000000005,63124.38383575083,290570.34631103865,False,7925000.0,17.716219962935025,0.708648798517401,0.0,hypothetical scenario
uniform,0.9,0.116,316912.0,7925000.0,7132500.0,36761.792,63673.29152127909,290731.1131827166,False,7925000.0,17.63969165716326,0.7055876662865305,0.0,hypothetical scenario
uniform,0.9,0.117,316912.0,7925000.0,7132500.0,37078.704000000005,64222.19920680737,290893.54950046283,False,7925000.0,17.564146592004917,0.7025658636801967,0.0,hypothetical scenario
uniform,0.9,0.11800000000000001,316912.0,7925000.0,7132500.0,37395.616,64771.10689233563,291057.63390626974,False,7925000.0,17.48956389164117,0.6995825556656468,0.0,hypothetical scenario
uniform,0.9,0.11900000000000001,316912.0,7925000.0,7132500.0,37712.528000000006,65320.014577863905,291223.34549368743,False,7925000.0,17.415923295548783,0.6966369318219513,0.0,hypothetical scenario
uniform,0.9,0.12,316912.0,7925000.0,7132500.0,38029.439999999995,65868.92226339215,291390.66379456996,False,7925000.0,17.343205135378003,0.6937282054151201,0.0,hypothetical scenario
uniform,0.9,0.121,316912.0,7925000.0,7132500.0,38346.352,66417.82994892042,291559.56876631774,False,7925000.0,17.271390312883582,0.6908556125153433,0.0,hypothetical scenario
uniform,0.9,0.122,316912.0,7925000.0,7132500.0,38663.263999999996,66966.73763444868,291730.040779593,False,7925000.0,17.20046027885287,0.6880184111541148,0.0,hypothetical scenario
uniform,0.9,0.123,316912.0,7925000.0,7132500.0,38980.176,67515.64531997696,291902.0606064877,False,7925000.0,17.130397012978012,0.6852158805191205,0.0,hypothetical scenario
uniform,0.9,0.124,316912.0,7925000.0,7132500.0,39297.087999999996,68064.55300550522,292075.6094091237,False,7925000.0,17.061183004622734,0.6824473201849094,0.0,hypothetical scenario
uniform,0.9,0.125,316912.0,7925000.0,7132500.0,39614.0,68613.4606910335,292250.66872866545,False,7924999.999999999,16.992801234437177,0.6797120493774871,0.0,hypothetical scenario
uniform,0.9,0.126,316912.0,7925000.0,7132500.0,39930.912000000004,69162.36837656178,292427.22047472745,False,7925000.0,16.92523515677677,0.6770094062710708,0.0,hypothetical scenario
uniform,0.9,0.127,316912.0,7925000.0,7132500.0,40247.824,69711.27606209004,292605.24691515986,False,7925000.0,16.858468682884023,0.6743387473153609,0.0,hypothetical scenario
uniform,0.9,0.128,316912.0,7925000.0,7132500.0,40564.736000000004,70260.18374761831,292784.7306661944,False,7925000.0,16.79248616479449,0.6716994465917796,0.0,hypothetical scenario
uniform,0.9,0.129,316912.0,7925000.0,7132500.0,40881.648,70809.09143314658,292965.6546829369,False,7925000.0,16.72727237993014,0.6690908951972057,0.0,hypothetical scenario
uniform,0.9,0.13,316912.0,7925000.0,7132500.0,41198.560000000005,71357.99911867485,293148.00225019036,False,7925000.0,16.662812516345912,0.6665125006538365,0.0,hypothetical scenario
uniform,0.9,0.131,316912.0,7925000.0,7132500.0,41515.472,71906.90680420311,293331.75697359524,False,7925000.0,16.599092158596797,0.6639636863438718,0.0,hypothetical scenario
uniform,0.9,0.132,316912.0,7925000.0,7132500.0,41832.384000000005,72455.81448973139,293516.9027710735,False,7925000.000000001,16.53609727419497,0.6614438909677988,0.0,hypothetical scenario
uniform,0.9,0.133,316912.0,7925000.0,7132500.0,42149.296,73004.72217525965,293703.4238645639,False,7925000.0,16.473814200628034,0.6589525680251214,0.0,hypothetical scenario
uniform,0.9,0.134,316912.0,7925000.0,7132500.0,42466.208000000006,73553.62986078793,293891.30477203615,False,7925000.0,16.41222963291109,0.6564891853164435,0.0,hypothetical scenario
uniform,0.9,0.135,316912.0,7925000.0,7132500.0,42783.12,74102.53754631619,294080.530299773,False,7925000.0,16.351330611646848,0.6540532244658739,0.0,hypothetical scenario
uniform,0.9,0.136,316912.0,7925000.0,7132500.0,43100.03200000001,74651.44523184447,294271.0855349089,False,7925000.0,16.29110451156962,0.6516441804627848,0.0,hypothetical scenario
uniform,0.9,0.137,316912.0,7925000.0,7132500.0,43416.944,75200.35291737273,294462.95583821577,False,7925000.0,16.23153903054989,0.6492615612219956,0.0,hypothetical scenario
uniform,0.9,0.138,316912.0,7925000.0,7132500.0,43733.85600000001,75749.26060290099,294656.126837124,False,7925000.0,16.172622179038086,0.6469048871615235,0.0,hypothetical scenario
uniform,0.9,0.139,316912.0,7925000.0,7132500.0,44050.768000000004,76298.16828842925,294850.58441897185,False,7925000.0,16.114342269926716,0.6445736907970686,0.0,hypothetical scenario
uniform,0.9,0.14,316912.0,7925000.0,7132500.0,44367.68000000001,76847.07597395753,295046.3147244726,False,7925000.0,16.056687908811494,0.6422675163524597,0.0,hypothetical scenario
uniform,0.9,0.14100000000000001,316912.0,7925000.0,7132500.0,44684.592000000004,77395.98365948579,295243.3041413912,False,7925000.0,15.999647984633034,0.6399859193853213,0.0,hypothetical scenario
uniform,0.9,0.14200000000000002,316912.0,7925000.0,7132500.0,45001.50400000001,77944.89134501407,295441.5392984223,False,7925000.0,15.943211660681717,0.6377284664272687,0.0,hypothetical scenario
uniform,0.9,0.14300000000000002,316912.0,7925000.0,7132500.0,45318.416000000005,78493.79903054233,295641.00705926237,False,7925000.0,15.887368365949037,0.6354947346379615,0.0,hypothetical scenario
uniform,0.9,0.14400000000000002,316912.0,7925000.0,7132500.0,45635.32800000001,79042.7067160706,295841.69451686763,False,7925000.000000001,15.832107786809955,0.6332843114723982,0.0,hypothetical scenario
uniform,0.9,0.145,316912.0,7925000.0,7132500.0,45952.24,79591.61440159885,296043.58898789145,False,7925000.000000001,15.77741985902119,0.6310967943608476,0.0,hypothetical scenario
uniform,0.9,0.146,316912.0,7925000.0,7132500.0,46269.151999999995,80140.52208712712,296246.6780072935,False,7925000.0,15.723294760021586,0.6289317904008634,0.0,hypothetical scenario
uniform,0.9,0.147,316912.0,7925000.0,7132500.0,46586.064,80689.42977265539,296450.9493231157,False,7925000.0,15.669722901520966,0.6267889160608386,0.0,hypothetical scenario
uniform,0.9,0.148,316912.0,7925000.0,7132500.0,46902.975999999995,81238.33745818365,296656.390891417,False,7925000.0,15.616694922364902,0.6246677968945961,0.0,hypothetical scenario
uniform,0.9,0.149,316912.0,7925000.0,7132500.0,47219.888,81787.24514371193,296862.99087136216,False,7925000.0,15.564201681663329,0.6225680672665331,0.0,hypothetical scenario
uniform,0.9,0.15,316912.0,7925000.0,7132500.0,47536.799999999996,82336.15282924019,297070.73762045905,False,7925000.0,15.512234252171467,0.6204893700868587,0.0,hypothetical scenario
uniform,0.9,0.151,316912.0,7925000.0,7132500.0,47853.712,82885.06051476847,297279.61968993786,False,7925000.0,15.460783913912335,0.6184313565564934,0.0,hypothetical scenario
uniform,0.9,0.152,316912.0,7925000.0,7132500.0,48170.623999999996,83433.96820029673,297489.62582026835,False,7925000.0,15.40984214803033,0.6163936859212132,0.0,hypothetical scenario
uniform,0.9,0.153,316912.0,7925000.0,7132500.0,48487.536,83982.87588582501,297700.7449368093,False,7925000.0,15.35940063086618,0.6143760252346472,0.0,hypothetical scenario
uniform,0.9,0.154,316912.0,7925000.0,7132500.0,48804.448,84531.78357135327,297912.9661455859,False,7925000.0,15.309451228243793,0.6123780491297517,0.0,hypothetical scenario
uniform,0.9,0.155,316912.0,7925000.0,7132500.0,49121.36,85080.69125688155,298126.2787291901,False,7925000.0,15.259985989960217,0.6103994395984087,0.0,hypothetical scenario
uniform,0.9,0.156,316912.0,7925000.0,7132500.0,49438.272,85629.59894240981,298340.67214280035,False,7925000.0,15.210997144470129,0.6084398857788051,0.0,hypothetical scenario
uniform,0.9,0.157,316912.0,7925000.0,7132500.0,49755.184,86178.50662793808,298556.13601031515,False,7925000.0,15.162477093756877,0.6064990837502751,0.0,hypothetical scenario
uniform,0.9,0.158,316912.0,7925000.0,7132500.0,50072.096,86727.41431346635,298772.6601205977,False,7925000.0,15.114418408382344,0.6045767363352937,0.0,hypothetical scenario
uniform,0.9,0.159,316912.0,7925000.0,7132500.0,50389.008,87276.32199899462,298990.23442382755,False,7925000.0,15.06681382270825,0.60267255290833,0.0,hypothetical scenario
uniform,0.9,0.16,316912.0,7925000.0,7132500.0,50705.92,87825.22968452288,299208.849027955,False,7925000.0,15.019656230282083,0.6007862492112833,0.0,hypothetical scenario
uniform,0.9,0.161,316912.0,7925000.0,7132500.0,51022.832,88374.13737005115,299428.49419525487,False,7925000.0,14.972938679380823,0.5989175471752329,0.0,hypothetical scenario
uniform,0.9,0.162,316912.0,7925000.0,7132500.0,51339.744,88923.04505557941,299649.16033897747,False,7925000.0,14.926654368706217,0.5970661747482486,0.0,hypothetical scenario
uniform,0.9,0.163,316912.0,7925000.0,7132500.0,51656.656,89471.95274110769,299870.838020091,False,7925000.0,14.880796643225528,0.5952318657290211,0.0,hypothetical scenario
uniform,0.9,0.164,316912.0,7925000.0,7132500.0,51973.568,90020.86042663595,300093.51794411486,False,7925000.0,14.835358990152017,0.5934143596060807,0.0,hypothetical scenario
uniform,0.9,0.165,316912.0,7925000.0,7132500.0,52290.48,90569.76811216422,300317.19095803914,False,7925000.0,14.79033503505957,0.5916134014023828,0.0,hypothetical scenario
uniform,0.9,0.166,316912.0,7925000.0,7132500.0,52607.392,91118.67579769249,300541.84804732853,False,7925000.0,14.745718538126248,0.5898287415250499,0.0,hypothetical scenario
uniform,0.9,0.167,316912.0,7925000.0,7132500.0,52924.304000000004,91667.58348322076,300767.4803330067,False,7925000.0,14.701503390501788,0.5880601356200715,0.0,hypothetical scenario
uniform,0.9,0.168,316912.0,7925000.0,7132500.0,53241.216,92216.49116874902,300994.0790688196,False,7925000.0,14.657683610794175,0.586307344431767,0.0,hypothetical scenario
uniform,0.9,0.169,316912.0,7925000.0,7132500.0,53558.128000000004,92765.3988542773,301221.6356384742,False,7925000.0,14.614253341670718,0.5845701336668288,0.0,hypothetical scenario
uniform,0.9,0.17,316912.0,7925000.0,7132500.0,53875.04,93314.30653980556,301450.14155295125,False,7925000.0,14.571206846569273,0.5828482738627709,0.0,hypothetical scenario
uniform,0.9,0.171,316912.0,7925000.0,7132500.0,54191.952000000005,93863.21422533384,301679.5884478888,False,7925000.0,14.528538506515359,0.5811415402606144,0.0,hypothetical scenario
uniform,0.9,0.17200000000000001,316912.0,7925000.0,7132500.0,54508.864,94412.1219108621,301909.9680810339,False,7925000.0,14.486242817041287,0.5794497126816515,0.0,hypothetical scenario
uniform,0.9,0.17300000000000001,316912.0,7925000.0,7132500.0,54825.776000000005,94961.02959639038,302141.27232976176,False,7925000.0,14.444314385203299,0.577772575408132,0.0,hypothetical scenario
uniform,0.9,0.17400000000000002,316912.0,7925000.0,7132500.0,55142.688,95509.93728191864,302373.4931886591,False,7925000.0,14.402747926693133,0.5761099170677253,0.0,hypothetical scenario
uniform,0.9,0.17500000000000002,316912.0,7925000.0,7132500.0,55459.600000000006,96058.84496744692,302606.62276716926,False,7925000.0,14.361538263040568,0.5744615305216227,0.0,hypothetical scenario
uniform,0.9,0.176,316912.0,7925000.0,7132500.0,55776.511999999995,96607.75265297516,302840.65328729886,False,7925000.0,14.320680318903445,0.5728272127561378,0.0,hypothetical scenario
uniform,0.9,0.177,316912.0,7925000.0,7132500.0,56093.424,97156.66033850344,303075.5770813823,False,7925000.0,14.280169119442023,0.571206764777681,0.0,hypothetical scenario
uniform,0.9,0.178,316912.0,7925000.0,7132500.0,56410.335999999996,97705.5680240317,303311.3865899028,False,7925000.0,14.239999787774632,0.5695999915109853,0.0,hypothetical scenario
uniform,0.9,0.179,316912.0,7925000.0,7132500.0,56727.248,98254.47570955998,303548.07435936946,False,7925000.0,14.200167542511533,0.5680067017004613,0.0,hypothetical scenario
uniform,0.9,0.18,316912.0,7925000.0,7132500.0,57044.159999999996,98803.38339508824,303785.63304024655,False,7925000.0,14.160667695364317,0.5664267078145727,0.0,hypothetical scenario
uniform,0.9,0.181,316912.0,7925000.0,7132500.0,57361.072,99352.29108061652,304024.0553849349,False,7925000.0,14.121495648828017,0.5648598259531207,0.0,hypothetical scenario
uniform,0.9,0.182,316912.0,7925000.0,7132500.0,57677.984,99901.19876614478,304263.33424580365,False,7924999.999999999,14.082646893933326,0.563305875757333,0.0,hypothetical scenario
uniform,0.9,0.183,316912.0,7925000.0,7132500.0,57994.896,100450.10645167304,304503.46257327026,False,7925000.0,14.044117008066529,0.5617646803226611,0.0,hypothetical scenario
uniform,0.9,0.184,316912.0,7925000.0,7132500.0,58311.808,100999.0141372013,304744.433413928,False,7925000.0,14.00590165285463,0.5602360661141852,0.0,hypothetical scenario
uniform,0.9,0.185,316912.0,7925000.0,7132500.0,58628.72,101547.92182272958,304986.23990871874,False,7925000.0,13.967996572113492,0.5587198628845397,0.0,hypothetical scenario
uniform,0.9,0.186,316912.0,7925000.0,7132500.0,58945.632,102096.82950825784,305228.8752911503,False,7925000.0,13.93039758985669,0.5572159035942676,0.0,hypothetical scenario
uniform,0.9,0.187,316912.0,7925000.0,7132500.0,59262.544,102645.73719378612,305472.3328855571,False,7925000.0,13.893100608363044,0.5557240243345217,0.0,hypothetical scenario
uniform,0.9,0.188,316912.0,7925000.0,7132500.0,59579.456,103194.64487931438,305716.60610540246,False,7925000.0,13.856101606300703,0.5542440642520281,0.0,hypothetical scenario
uniform,0.9,0.189,316912.0,7925000.0,7132500.0,59896.368,103743.55256484266,305961.68845162145,False,7925000.0,13.819396636905973,0.5527758654762389,0.0,hypothetical scenario
uniform,0.9,0.19,316912.0,7925000.0,7132500.0,60213.28,104292.46025037092,306207.57351100293,False,7925000.0,13.782981826214874,0.551319273048595,0.0,hypothetical scenario
uniform,0.9,0.191,316912.0,7925000.0,7132500.0,60530.192,104841.3679358992,306454.2549546103,False,7925000.0,13.746853371345699,0.549874134853828,0.0,hypothetical scenario
uniform,0.9,0.192,316912.0,7925000.0,7132500.0,60847.104,105390.27562142746,306701.72653623926,False,7925000.0,13.711007538830843,0.5484403015532338,0.0,hypothetical scenario
uniform,0.9,0.193,316912.0,7925000.0,7132500.0,61164.016,105939.18330695573,306949.9820909114,False,7925000.0,13.67544066299623,0.5470176265198492,0.0,hypothetical scenario
uniform,0.9,0.194,316912.0,7925000.0,7132500.0,61480.928,106488.090992484,307199.0155334033,False,7925000.0,13.640149144386749,0.5456059657754699,0.0,hypothetical scenario
uniform,0.9,0.195,316912.0,7925000.0,7132500.0,61797.840000000004,107036.99867801227,307448.82085680915,False,7925000.0,13.605129448236156,0.5442051779294462,0.0,hypothetical scenario
uniform,0.9,0.196,316912.0,7925000.0,7132500.0,62114.752,107585.90636354053,307699.3921311372,False,7925000.0,13.570378102979955,0.5428151241191982,0.0,hypothetical scenario
uniform,0.9,0.197,316912.0,7925000.0,7132500.0,62431.664000000004,108134.81404906881,307950.72350193775,False,7925000.0,13.535891698809863,0.5414356679523945,0.0,hypothetical scenario
uniform,0.9,0.198,316912.0,7925000.0,7132500.0,62748.576,108683.72173459707,308202.8091889629,False,7925000.0,13.501666886268476,0.540066675450739,0.0,hypothetical scenario
uniform,0.9,0.199,316912.0,7925000.0,7132500.0,63065.488000000005,109232.62942012535,308455.6434848565,False,7925000.0,13.467700374882838,0.5387080149953135,0.0,hypothetical scenario
uniform,0.9,0.2,316912.0,7925000.0,7132500.0,63382.4,109781.53710565361,308709.2207538737,False,7925000.0,13.433988931835591,0.5373595572734237,0.0,hypothetical scenario
uniform,0.9,0.201,316912.0,7925000.0,7132500.0,63699.312000000005,110330.44479118189,308963.5354306291,False,7925000.0,13.400529380672607,0.5360211752269043,0.0,hypothetical scenario
uniform,0.9,0.202,316912.0,7925000.0,7132500.0,64016.224,110879.35247671015,309218.5820188734,False,7925000.0,13.367318600045778,0.5346927440018311,0.0,hypothetical scenario
uniform,0.9,0.203,316912.0,7925000.0,7132500.0,64333.136000000006,111428.26016223841,309474.35509029677,False,7925000.0,13.334353522489947,0.5333741408995979,0.0,hypothetical scenario
uniform,0.9,0.20400000000000001,316912.0,7925000.0,7132500.0,64650.048,111977.16784776667,309730.8492833592,False,7925000.0,13.301631133232847,0.5320652453293139,0.0,hypothetical scenario
uniform,0.9,0.20500000000000002,316912.0,7925000.0,7132500.0,64966.96000000001,112526.07553329495,309988.05930214573,False,7925000.0,13.269148469037024,0.5307659387614809,0.0,hypothetical scenario
uniform,0.9,0.20600000000000002,316912.0,7925000.0,7132500.0,65283.872,113074.98321882321,310245.9799152481,False,7925000.0,13.236902617072666,0.5294761046829066,0.0,hypothetical scenario
uniform,0.9,0.20700000000000002,316912.0,7925000.0,7132500.0,65600.784,113623.89090435147,310504.6059546694,False,7925000.0,13.204890713820513,0.5281956285528205,0.0,hypothetical scenario
uniform,0.9,0.20800000000000002,316912.0,7925000.0,7132500.0,65917.69600000001,114172.79858987976,310763.93231475377,False,7925000.0,13.173109944003686,0.5269243977601474,0.0,hypothetical scenario
uniform,0.9,0.209,316912.0,7925000.0,7132500.0,66234.608,114721.706275408,311023.9539511381,False,7925000.0,13.14155753954778,0.5256623015819112,0.0,hypothetical scenario
uniform,0.9,0.21,316912.0,7925000.0,7132500.0,66551.52,115270.61396093629,311284.6658797272,False,7925000.0,13.110230778568145,0.5244092311427258,0.0,hypothetical scenario
uniform,0.9,0.211,316912.0,7925000.0,7132500.0,66868.432,115819.52164646455,311546.0631756905,False,7925000.0,13.079126984383608,0.5231650793753443,0.0,hypothetical scenario
uniform,0.9,0.212,316912.0,7925000.0,7132500.0,67185.344,116368.42933199281,311808.14097247977,False,7925000.0,13.048243524555875,0.521929740982235,0.0,hypothetical scenario
uniform,0.9,0.213,316912.0,7925000.0,7132500.0,67502.256,116917.33701752107,312070.8944608685,False,7925000.0,13.017577809953673,0.5207031123981469,0.0,hypothetical scenario
uniform,0.9,0.214,316912.0,7925000.0,7132500.0,67819.168,117466.24470304936,312334.3188880107,False,7925000.0,12.987127293841045,0.5194850917536418,0.0,hypothetical scenario
uniform,0.9,0.215,316912.0,7925000.0,7132500.0,68136.08,118015.15238857763,312598.4095565202,False,7925000.0,12.956889470988955,0.5182755788395582,0.0,hypothetical scenario
uniform,0.9,0.216,316912.0,7925000.0,7132500.0,68452.992,118564.06007410589,312863.1618235685,False,7925000.0,12.92686187680955,0.517074475072382,0.0,hypothetical scenario
uniform,0.9,0.217,316912.0,7925000.0,7132500.0,68769.904,119112.96775963415,313128.5711000021,False,7925000.0,12.897042086512437,0.5158816834604975,0.0,hypothetical scenario
uniform,0.9,0.218,316912.0,7925000.0,7132500.0,69086.816,119661.87544516244,313394.63284947746,False,7925000.0,12.867427714282151,0.514697108571286,0.0,hypothetical scenario
uniform,0.9,0.219,316912.0,7925000.0,7132500.0,69403.728,120210.7831306907,313661.3425876143,False,7925000.0,12.838016412476453,0.5135206564990581,0.0,hypothetical scenario
uniform,0.9,0.22,316912.0,7925000.0,7132500.0,69720.64,120759.69081621896,313928.6958811659,False,7925000.0,12.808805870844592,0.5123522348337837,0.0,hypothetical scenario
uniform,0.9,0.221,316912.0,7925000.0,7132500.0,70037.552,121308.59850174723,314196.6883472067,False,7925000.0,12.77979381576507,0.5111917526306028,0.0,hypothetical scenario
uniform,0.9,0.222,316912.0,7925000.0,7132500.0,70354.464,121857.50618727552,314465.31565233605,False,7925000.0,12.750978009502322,0.5100391203800929,0.0,hypothetical scenario
uniform,0.9,0.223,316912.0,7925000.0,7132500.0,70671.376,122406.41387280378,314734.5735118986,False,7925000.0,12.722356249481754,0.5088942499792701,0.0,hypothetical scenario
uniform,0.9,0.224,316912.0,7925000.0,7132500.0,70988.288,122955.32155833204,315004.4576892196,False,7925000.0,12.693926367582579,0.5077570547033031,0.0,hypothetical scenario
uniform,0.9,0.225,316912.0,7925000.0,7132500.0,71305.2,123504.2292438603,315274.96399485663,False,7925000.0,12.665686229447962,0.5066274491779185,0.0,hypothetical scenario
uniform,0.9,0.226,316912.0,7925000.0,7132500.0,71622.11200000001,124053.13692938858,315546.08828586526,False,7925000.0,12.63763373381201,0.5055053493524804,0.0,hypothetical scenario
uniform,0.9,0.227,316912.0,7925000.0,7132500.0,71939.024,124602.04461491684,315817.8264650797,False,7925000.0,12.609766811843043,0.5043906724737217,0.0,hypothetical scenario
uniform,0.9,0.228,316912.0,7925000.0,7132500.0,72255.936,125150.9523004451,316090.17448040796,False,7925000.0,12.582083426502733,0.5032833370601093,0.0,hypothetical scenario
uniform,0.9,0.229,316912.0,7925000.0,7132500.0,72572.848,125699.85998597337,316363.1283241407,False,7925000.0,12.554581571920659,0.5021832628768264,0.0,hypothetical scenario
uniform,0.9,0.23,316912.0,7925000.0,7132500.0,72889.76000000001,126248.76767150166,316636.6840322735,False,7925000.0,12.527259272783844,0.5010903709113538,0.0,hypothetical scenario
uniform,0.9,0.231,316912.0,7925000.0,7132500.0,73206.672,126797.67535702992,316910.8376838422,False,7925000.0,12.500114583740837,0.5000045833496335,0.0,hypothetical scenario
uniform,0.9,0.232,316912.0,7925000.0,7132500.0,73523.584,127346.58304255818,317185.58540027234,False,7925000.0,12.47314558881991,0.4989258235527964,0.0,hypothetical scenario
uniform,0.9,0.233,316912.0,7925000.0,7132500.0,73840.496,127895.49072808644,317460.92334473936,False,7925000.0,12.446350400861043,0.49785401603444174,0.0,hypothetical scenario
uniform,0.9,0.234,316912.0,7925000.0,7132500.0,74157.40800000001,128444.39841361473,317736.8477215427,False,7925000.0,12.41972716096126,0.49678908643845043,0.0,hypothetical scenario
uniform,0.9,0.23500000000000001,316912.0,7925000.0,7132500.0,74474.32,128993.306099143,318013.35477549117,False,7925000.0,12.393274037932956,0.49573096151731827,0.0,hypothetical scenario
uniform,0.9,0.23600000000000002,316912.0,7925000.0,7132500.0,74791.232,129542.21378467126,318290.4407913003,False,7925000.0,12.366989227774855,0.4946795691109942,0.0,hypothetical scenario
uniform,0.9,0.23700000000000002,316912.0,7925000.0,7132500.0,75108.144,130091.12147019952,318568.10209300125,False,7925000.0,12.340870953155267,0.4936348381262107,0.0,hypothetical scenario
uniform,0.9,0.23800000000000002,316912.0,7925000.0,7132500.0,75425.05600000001,130640.02915572781,318846.3350433604,False,7925000.0,12.31491746290731,0.4925966985162924,0.0,hypothetical scenario
uniform,0.9,0.23900000000000002,316912.0,7925000.0,7132500.0,75741.96800000001,131188.93684125607,319125.1360433108,False,7925000.0,12.28912703153575,0.49156508126143,0.0,hypothetical scenario
uniform,0.9,0.24,316912.0,7925000.0,7132500.0,76058.87999999999,131737.8445267843,319404.5015313933,False,7925000.0,12.263497958735142,0.4905399183494057,0.0,hypothetical scenario
uniform,0.9,0.241,316912.0,7925000.0,7132500.0,76375.792,132286.7522123126,319684.4279832095,False,7925000.0,12.238028568918988,0.4895211427567595,0.0,hypothetical scenario
uniform,0.9,0.242,316912.0,7925000.0,7132500.0,76692.704,132835.65989784084,319964.9119108829,False,7925000.0,12.21271721075963,0.4885086884303852,0.0,hypothetical scenario
uniform,0.9,0.243,316912.0,7925000.0,7132500.0,77009.616,133384.56758336912,320245.9498625324,False,7925000.0,12.187562256738529,0.4875024902695412,0.0,hypothetical scenario
uniform,0.9,0.244,316912.0,7925000.0,7132500.0,77326.52799999999,133933.47526889737,320527.53842175344,False,7925000.0,12.16256210270672,0.48650248410826885,0.0,hypothetical scenario
uniform,0.9,0.245,316912.0,7925000.0,7132500.0,77643.44,134482.38295442567,320809.6742071103,False,7925000.0,12.137715167455129,0.48550860669820517,0.0,hypothetical scenario
uniform,0.9,0.246,316912.0,7925000.0,7132500.0,77960.352,135031.29063995392,321092.3538716367,False,7925000.0,12.113019892294528,0.4845207956917811,0.0,hypothetical scenario
uniform,0.9,0.247,316912.0,7925000.0,7132500.0,78277.264,135580.1983254822,321375.57410234585,False,7925000.0,12.088474740644802,0.48353898962579206,0.0,hypothetical scenario
uniform,0.9,0.248,316912.0,7925000.0,7132500.0,78594.17599999999,136129.10601101044,321659.3316197498,False,7925000.0,12.064078197633412,0.4825631279053365,0.0,hypothetical scenario
uniform,0.9,0.249,316912.0,7925000.0,7132500.0,78911.088,136678.01369653875,321943.6231773866,False,7925000.0,12.039828769702664,0.48159315078810655,0.0,hypothetical scenario
uniform,0.9,0.25,316912.0,7925000.0,7132500.0,79228.0,137226.921382067,322228.4455613571,False,7925000.0,12.015724984225672,0.48062899936902687,0.0,hypothetical scenario
uniform,0.9,0.251,316912.0,7925000.0,7132500.0,79544.912,137775.82906759527,322513.79558986914,False,7925000.0,11.991765389130704,0.47967061556522816,0.0,hypothetical scenario
uniform,0.9,0.252,316912.0,7925000.0,7132500.0,79861.82400000001,138324.73675312355,322799.6701127903,False,7925000.0,11.967948552533816,0.47871794210135266,0.0,hypothetical scenario
uniform,0.9,0.253,316912.0,7925000.0,7132500.0,80178.736,138873.64443865183,323086.06601120904,False,7925000.0,11.944273062379338,0.4777709224951735,0.0,hypothetical scenario
uniform,0.9,0.254,316912.0,7925000.0,7132500.0,80495.648,139422.55212418007,323372.9801970024,False,7925000.0,11.920737526088338,0.4768295010435335,0.0,hypothetical scenario
uniform,0.9,0.255,316912.0,7925000.0,7132500.0,80812.56,139971.45980970835,323660.40961241326,False,7924999.999999999,11.89734057021448,0.4758936228085792,0.0,hypothetical scenario
uniform,0.9,0.256,316912.0,7925000.0,7132500.0,81129.47200000001,140520.36749523663,323948.35122963274,False,7925000.0,11.874080840107462,0.4749632336042985,0.0,hypothetical scenario
uniform,0.9,0.257,316912.0,7925000.0,7132500.0,81446.384,141069.27518076487,324236.80205039214,False,7925000.0,11.850956999583516,0.47403827998334064,0.0,hypothetical scenario
uniform,0.9,0.258,316912.0,7925000.0,7132500.0,81763.296,141618.18286629315,324525.7591055606,False,7925000.0,11.827967730603046,0.4731187092241218,0.0,hypothetical scenario
uniform,0.9,0.259,316912.0,7925000.0,7132500.0,82080.208,142167.0905518214,324815.2194547502,False,7925000.0,11.805111732955051,0.47220446931820204,0.0,hypothetical scenario
uniform,0.9,0.26,316912.0,7925000.0,7132500.0,82397.12000000001,142715.9982373497,325105.1801859279,False,7924999.999999999,11.782387723948272,0.4712955089579309,0.0,hypothetical scenario
uniform,0.9,0.261,316912.0,7925000.0,7132500.0,82714.032,143264.90592287795,325395.6384150343,False,7925000.0,11.759794438108836,0.4703917775243534,0.0,hypothetical scenario
uniform,0.9,0.262,316912.0,7925000.0,7132500.0,83030.944,143813.81360840623,325686.5912856088,False,7925000.0,11.737330626884237,0.4694932250753695,0.0,hypothetical scenario
uniform,0.9,0.263,316912.0,7925000.0,7132500.0,83347.856,144362.72129393448,325978.0359684215,False,7925000.0,11.714995058353546,0.46859980233414184,0.0,hypothetical scenario
uniform,0.9,0.264,316912.0,7925000.0,7132500.0,83664.76800000001,144911.62897946278,326269.9696611106,False,7925000.0,11.692786516943645,0.4677114606777458,0.0,hypothetical scenario
uniform,0.9,0.265,316912.0,7925000.0,7132500.0,83981.68000000001,145460.53666499103,326562.38958782726,False,7925000.0,11.670703803151351,0.46682815212605405,0.0,hypothetical scenario
uniform,0.9,0.266,316912.0,7925000.0,7132500.0,84298.592,146009.4443505193,326855.29299888504,False,7925000.0,11.648745733271324,0.465949829330853,0.0,hypothetical scenario
uniform,0.9,0.267,316912.0,7925000.0,7132500.0,84615.504,146558.35203604755,327148.67717041646,False,7925000.0,11.626911139129533,0.4650764455651813,0.0,hypothetical scenario
uniform,0.9,0.268,316912.0,7925000.0,7132500.0,84932.41600000001,147107.25972157586,327442.53940403485,False,7925000.0,11.605198867822232,0.4642079547128893,0.0,hypothetical scenario
uniform,0.9,0.269,316912.0,7925000.0,7132500.0,85249.32800000001,147656.1674071041,327736.87702650146,False,7925000.0,11.58360778146028,0.4633443112584112,0.0,hypothetical scenario
uniform,0.9,0.27,316912.0,7925000.0,7132500.0,85566.24,148205.07509263238,328031.6873893991,False,7925000.0,11.562136756918667,0.4624854702767467,0.0,hypothetical scenario
uniform,0.9,0.271,316912.0,7925000.0,7132500.0,85883.152,148753.98277816063,328326.9678688102,False,7925000.0,11.540784685591108,0.4616313874236443,0.0,hypothetical scenario
uniform,0.9,0.272,316912.0,7925000.0,7132500.0,86200.06400000001,149302.89046368893,328622.71586500126,False,7925000.0,11.519550473149636,0.4607820189259854,0.0,hypothetical scenario
uniform,0.9,0.273,316912.0,7925000.0,7132500.0,86516.97600000001,149851.79814921718,328918.92880211107,False,7925000.0,11.498433039309026,0.459937321572361,0.0,hypothetical scenario
uniform,0.9,0.274,316912.0,7925000.0,7132500.0,86833.888,150400.70583474546,329215.60412784596,False,7925000.000000001,11.47743131759595,0.459097252703838,0.0,hypothetical scenario
uniform,0.9,0.275,316912.0,7925000.0,7132500.0,87150.8,150949.6135202737,329512.73931317835,False,7925000.0,11.456544255122756,0.4582617702049102,0.0,hypothetical scenario
uniform,0.9,0.276,316912.0,7925000.0,7132500.0,87467.71200000001,151498.52120580198,329810.33185205073,False,7925000.0,11.435770812365794,0.45743083249463173,0.0,hypothetical scenario
uniform,0.9,0.277,316912.0,7925000.0,7132500.0,87784.62400000001,152047.42889133026,330108.37926108553,False,7925000.0,11.41510996294805,0.456604398517922,0.0,hypothetical scenario
uniform,0.9,0.278,316912.0,7925000.0,7132500.0,88101.53600000001,152596.3365768585,330406.87907929794,False,7925000.0,11.394560693426206,0.45578242773704825,0.0,hypothetical scenario
uniform,0.9,0.279,316912.0,7925000.0,7132500.0,88418.448,153145.24426238678,330705.8288678145,False,7925000.0,11.374122003081823,0.4549648801232729,0.0,hypothetical scenario
uniform,0.9,0.28,316912.0,7925000.0,7132500.0,88735.36000000002,153694.15194791506,331005.22620959615,False,7925000.0,11.353792903716652,0.45415171614866606,0.0,hypothetical scenario
uniform,0.9,0.281,316912.0,7925000.0,7132500.0,89052.27200000001,154243.05963344334,331305.06870916544,False,7925000.0,11.333572419451938,0.45334289677807754,0.0,hypothetical scenario
uniform,0.9,0.28200000000000003,316912.0,7925000.0,7132500.0,89369.18400000001,154791.96731897158,331605.35399233794,False,7925000.0,11.3134595865317,0.45253838346126796,0.0,hypothetical scenario
uniform,0.9,0.28300000000000003,316912.0,7925000.0,7132500.0,89686.096,155340.87500449986,331906.07970595884,False,7925000.0,11.29345345312973,0.4517381381251892,0.0,hypothetical scenario
uniform,0.9,0.28400000000000003,316912.0,7925000.0,7132500.0,90003.00800000002,155889.78269002814,332207.24351764214,False,7925000.000000001,11.27355307916048,0.45094212316641924,0.0,hypothetical scenario
uniform,0.9,0.28500000000000003,316912.0,7925000.0,7132500.0,90319.92000000001,156438.6903755564,332508.843115516,False,7925000.0,11.253757536093433,0.4501503014437373,0.0,hypothetical scenario
uniform,0.9,0.28600000000000003,316912.0,7925000.0,7132500.0,90636.83200000001,156987.59806108466,332810.8762079701,False,7925000.0,11.234065906771201,0.44936263627084805,0.0,hypothetical scenario
uniform,0.9,0.28700000000000003,316912.0,7925000.0,7132500.0,90953.744,157536.50574661294,333113.3405234084,False,7925000.0,11.214477285231018,0.44857909140924074,0.0,hypothetical scenario
uniform,0.9,0.28800000000000003,316912.0,7925000.0,7132500.0,91270.65600000002,158085.4134321412,333416.2338100053,False,7925000.0,11.194990776529657,0.4477996310611863,0.0,hypothetical scenario
uniform,0.9,0.289,316912.0,7925000.0,7132500.0,91587.568,158634.32111766946,333719.55383546534,False,7925000.0,11.175605496571729,0.44702421986286917,0.0,hypothetical scenario
uniform,0.9,0.29,316912.0,7925000.0,7132500.0,91904.48,159183.2288031977,334023.29838678695,False,7925000.0,11.156320571941183,0.44625282287764734,0.0,hypothetical scenario
uniform,0.9,0.291,316912.0,7925000.0,7132500.0,92221.39199999999,159732.13648872598,334327.46527002985,False,7925000.0,11.137135139736031,0.4454854055894413,0.0,hypothetical scenario
uniform,0.9,0.292,316912.0,7925000.0,7132500.0,92538.30399999999,160281.04417425423,334632.052310086,False,7925000.0,11.118048347406175,0.444721933896247,0.0,hypothetical scenario
uniform,0.9,0.293,316912.0,7925000.0,7132500.0,92855.216,160829.95185978254,334937.05735045415,False,7925000.0,11.099059352594267,0.4439623741037707,0.0,hypothetical scenario
uniform,0.9,0.294,316912.0,7925000.0,7132500.0,93172.128,161378.85954531078,335242.4782530172,False,7925000.0,11.08016732297962,0.4432066929191848,0.0,hypothetical scenario
uniform,0.9,0.295,316912.0,7925000.0,7132500.0,93489.04,161927.76723083906,335548.3128978245,False,7925000.0,11.061371436124883,0.44245485744499535,0.0,hypothetical scenario
uniform,0.9,0.296,316912.0,7925000.0,7132500.0,93805.95199999999,162476.6749163673,335854.5591828757,False,7925000.0,11.042670879325746,0.44170683517302983,0.0,hypothetical scenario
uniform,0.9,0.297,316912.0,7925000.0,7132500.0,94122.864,163025.5826018956,336161.2150239089,False,7925000.0,11.024064849463306,0.4409625939785322,0.0,hypothetical scenario
uniform,0.9,0.298,316912.0,7925000.0,7132500.0,94439.776,163574.49028742386,336468.2783541918,False,7925000.0,11.005552552859202,0.4402221021143681,0.0,hypothetical scenario
uniform,0.9,0.299,316912.0,7925000.0,7132500.0,94756.688,164123.39797295214,336775.7471243162,False,7925000.0,10.987133205133414,0.4394853282053366,0.0,hypothetical scenario
uniform,0.9,0.3,316912.0,7925000.0,7132500.0,95073.59999999999,164672.30565848039,337083.61930199515,False,7925000.0,10.968806031064677,0.43875224124258705,0.0,hypothetical scenario
uniform,0.95,0.0,316912.0,7925000.0,7528750.0,0.0,0.0,301062.0,False,7925000.0,25.0,1.0,0.0,hypothetical scenario
uniform,0.95,0.001,316912.0,7925000.0,7528750.0,316.91200000000003,548.9076855282681,301062.0,False,7925000.0,25.0,1.0,0.0,hypothetical scenario
uniform,0.95,0.002,316912.0,7925000.0,7528750.0,633.8240000000001,1097.8153710565362,301062.0,False,7925000.0,25.0,1.0,0.0,hypothetical scenario
uniform,0.95,0.003,316912.0,7925000.0,7528750.0,950.736,1646.723056584804,301062.0,False,7925000.0,25.0,1.0,0.0,hypothetical scenario
uniform,0.95,0.004,316912.0,7925000.0,7528750.0,1267.6480000000001,2195.6307421130723,301062.0,False,7925000.0,25.0,1.0,0.0,hypothetical scenario
uniform,0.95,0.005,316912.0,7925000.0,7528750.0,1584.56,2744.53842764134,301062.0,False,7925000.0,25.0,1.0,0.0,hypothetical scenario
uniform,0.95,0.006,316912.0,7925000.0,7528750.0,1901.472,3293.446113169608,301062.0,False,7925000.0,25.0,1.0,0.0,hypothetical scenario
uniform,0.95,0.007,316912.0,7925000.0,7528750.0,2218.384,3842.3537986978763,301062.0,False,7925000.0,25.0,1.0,0.0,hypothetical scenario
uniform,0.95,0.008,316912.0,7925000.0,7528750.0,2535.2960000000003,4391.261484226145,301062.0,False,7925000.0,25.0,1.0,0.0,hypothetical scenario
uniform,0.95,0.009000000000000001,316912.0,7925000.0,7528750.0,2852.2080000000005,4940.169169754413,301062.0,False,7925000.0,25.0,1.0,0.0,hypothetical scenario
uniform,0.95,0.01,316912.0,7925000.0,7528750.0,3169.12,5489.07685528268,301062.0,False,7925000.0,25.0,1.0,0.0,hypothetical scenario
uniform,0.95,0.011,316912.0,7925000.0,7528750.0,3486.0319999999997,6037.984540810948,301062.0,False,7925000.0,25.0,1.0,0.0,hypothetical scenario
uniform,0.95,0.012,316912.0,7925000.0,7528750.0,3802.944,6586.892226339216,301062.0,False,7925000.0,25.0,1.0,0.0,hypothetical scenario
uniform,0.95,0.013000000000000001,316912.0,7925000.0,7528750.0,4119.856000000001,7135.799911867485,301062.0,False,7925000.0,25.0,1.0,0.0,hypothetical scenario
uniform,0.95,0.014,316912.0,7925000.0,7528750.0,4436.768,7684.707597395753,301062.0,False,7925000.0,25.0,1.0,0.0,hypothetical scenario
uniform,0.95,0.015,316912.0,7925000.0,7528750.0,4753.679999999999,8233.615282924018,301062.0,False,7925000.0,25.0,1.0,0.0,hypothetical scenario
uniform,0.95,0.016,316912.0,7925000.0,7528750.0,5070.592000000001,8782.52296845229,301062.0,False,7925000.0,25.0,1.0,0.0,hypothetical scenario
uniform,0.95,0.017,316912.0,7925000.0,7528750.0,5387.504000000001,9331.430653980558,301062.0,False,7925000.0,25.0,1.0,0.0,hypothetical scenario
uniform,0.95,0.018000000000000002,316912.0,7925000.0,7528750.0,5704.416000000001,9880.338339508826,301062.0,False,7925000.0,25.0,1.0,0.0,hypothetical scenario
uniform,0.95,0.019,316912.0,7925000.0,7528750.0,6021.3279999999995,10429.246025037091,301062.0,False,7925000.0,25.0,1.0,0.0,hypothetical scenario
uniform,0.95,0.02,316912.0,7925000.0,7528750.0,6338.24,10978.15371056536,301062.0,False,7925000.0,25.0,1.0,0.0,hypothetical scenario
uniform,0.95,0.021,316912.0,7925000.0,7528750.0,6655.152,11527.061396093628,301062.0,False,7925000.0,25.0,1.0,0.0,hypothetical scenario
uniform,0.95,0.022,316912.0,7925000.0,7528750.0,6972.063999999999,12075.969081621895,301062.0,False,7925000.0,25.0,1.0,0.0,hypothetical scenario
uniform,0.95,0.023,316912.0,7925000.0,7528750.0,7288.976,12624.876767150163,301062.0,False,7925000.0,25.0,1.0,0.0,hypothetical scenario
uniform,0.95,0.024,316912.0,7925000.0,7528750.0,7605.888,13173.784452678432,301062.0,False,7925000.0,25.0,1.0,0.0,hypothetical scenario
uniform,0.95,0.025,316912.0,7925000.0,7528750.0,7922.8,13722.692138206701,301062.0,False,7925000.0,25.0,1.0,0.0,hypothetical scenario
uniform,0.95,0.026000000000000002,316912.0,7925000.0,7528750.0,8239.712000000001,14271.59982373497,301062.0,False,7925000.0,25.0,1.0,0.0,hypothetical scenario
uniform,0.95,0.027,316912.0,7925000.0,7528750.0,8556.624,14820.507509263236,301062.0,False,7925000.0,25.0,1.0,0.0,hypothetical scenario
uniform,0.95,0.028,316912.0,7925000.0,7528750.0,8873.536,15369.415194791505,301062.0,False,7925000.0,25.0,1.0,0.0,hypothetical scenario
uniform,0.95,0.029,316912.0,7925000.0,7528750.0,9190.448,15918.322880319773,301062.0734697483,False,7925000.0,24.946291177639832,0.9978516471055933,0.0,hypothetical scenario
uniform,0.95,0.03,316912.0,7925000.0,7528750.0,9507.359999999999,16467.230565848036,301067.8948170003,False,7925000.0,24.526995917470295,0.9810798366988118,0.0,hypothetical scenario
uniform,0.95,0.031,316912.0,7925000.0,7528750.0,9824.271999999999,17016.138251376306,301082.6946535611,False,7925000.0,24.128156395266824,0.965126255810673,0.0,hypothetical scenario
uniform,0.95,0.032,316912.0,7925000.0,7528750.0,10141.184000000001,17565.04593690458,301106.04187050357,False,7925000.0,23.748161680214935,0.9499264672085974,0.0,hypothetical scenario
uniform,0.95,0.033,316912.0,7925000.0,7528750.0,10458.096000000001,18113.953622432848,301137.5387928448,False,7925000.0,23.385573033887276,0.935422921355491,0.0,hypothetical scenario
uniform,0.95,0.034,316912.0,7925000.0,7528750.0,10775.008000000002,18662.861307961117,301176.8176582892,False,7924999.999999999,23.03910094629925,0.92156403785197,0.0,hypothetical scenario
uniform,0.95,0.035,316912.0,7925000.0,7528750.0,11091.920000000002,19211.768993489382,301223.5375589097,False,7925000.0,22.707585807433283,0.9083034322973313,0.0,hypothetical scenario
uniform,0.95,0.036000000000000004,316912.0,7925000.0,7528750.0,11408.832000000002,19760.67667901765,301277.3817734837,False,7925000.0,22.389981553059307,0.8955992621223723,0.0,hypothetical scenario
uniform,0.95,0.037,316912.0,7925000.0,7528750.0,11725.743999999999,20309.584364545914,301338.055431173,False,7925000.0,22.08534175865151,0.8834136703460603,0.0,hypothetical scenario
uniform,0.95,0.038,316912.0,7925000.0,7528750.0,12042.655999999999,20858.492050074183,301405.2834575925,False,7925000.0,21.79280775977304,0.8717123103909217,0.0,hypothetical scenario
uniform,0.95,0.039,316912.0,7925000.0,7528750.0,12359.568,21407.399735602452,301478.808762639,False,7925000.0,21.51159845892807,0.8604639383571228,0.0,hypothetical scenario
uniform,0.95,0.04,316912.0,7925000.0,7528750.0,12676.48,21956.30742113072,301558.39063618344,False,7925000.000000001,21.241001543046497,0.8496400617218599,0.0,hypothetical scenario
uniform,0.95,0.041,316912.0,7925000.0,7528750.0,12993.392,22505.215106658987,301643.80332320766,False,7925000.0,20.980365886546608,0.8392146354618643,0.0,hypothetical scenario
uniform,0.95,0.042,316912.0,7925000.0,7528750.0,13310.304,23054.122792187256,301734.83475444687,False,7925000.0,20.729094955358963,0.8291637982143585,0.0,hypothetical scenario
uniform,0.95,0.043000000000000003,316912.0,7925000.0,7528750.0,13627.216,23603.030477715525,301831.2854122857,False,7925000.000000001,20.486641059689642,0.8194656423875857,0.0,hypothetical scenario
uniform,0.95,0.044,316912.0,7925000.0,7528750.0,13944.127999999999,24151.93816324379,301932.9673146991,False,7925000.0,20.25250032940273,0.8101000131761091,0.0,hypothetical scenario
uniform,0.95,0.045,316912.0,7925000.0,7528750.0,14261.039999999999,24700.84584877206,302039.7031025591,False,7924999.999999999,20.02620830704277,0.8010483322817108,0.0,hypothetical scenario
uniform,0.95,0.046,316912.0,7925000.0,7528750.0,14577.952,25249.753534300326,302151.3252177396,False,7925000.0,19.80733607073077,0.7922934428292308,0.0,hypothetical scenario
uniform,0.95,0.047,316912.0,7925000.0,7528750.0,14894.864,25798.661219828595,302267.675161216,False,7925000.0,19.595486813250076,0.7838194725300031,0.0,hypothetical scenario
uniform,0.95,0.048,316912.0,7925000.0,7528750.0,15211.776,26347.568905356864,302388.6028218444,False,7925000.0,19.390292815214334,0.7756117126085733,0.0,hypothetical scenario
uniform,0.95,0.049,316912.0,7925000.0,7528750.0,15528.688,26896.476590885133,302513.96586776216,False,7925000.0,19.191412759765136,0.7676565103906055,0.0,hypothetical scenario
uniform,0.95,0.05,316912.0,7925000.0,7528750.0,15845.6,27445.384276413402,302643.6291934122,False,7925000.0,18.998529344171942,0.7599411737668776,0.0,hypothetical scenario
uniform,0.95,0.051000000000000004,316912.0,7925000.0,7528750.0,16162.512,27994.291961941668,302777.464416102,False,7925000.0,18.811347150302097,0.7524538860120839,0.0,hypothetical scenario
uniform,0.95,0.052000000000000005,316912.0,7925000.0,7528750.0,16479.424000000003,28543.19964746994,302915.34941677924,False,7925000.0,18.62959074144189,0.7451836296576757,0.0,hypothetical scenario
uniform,0.95,0.053,316912.0,7925000.0,7528750.0,16796.336,29092.107332998203,303057.1679203685,False,7925000.0,18.453002957573833,0.7381201183029533,0.0,hypothetical scenario
uniform,0.95,0.054,316912.0,7925000.0,7528750.0,17113.248,29641.015018526472,303202.8091115809,False,7925000.0,18.281343385107792,0.7312537354043117,0.0,hypothetical scenario
uniform,0.95,0.055,316912.0,7925000.0,7528750.0,17430.16,30189.92270405474,303352.1672826004,False,7925000.0,18.11438698035255,0.7245754792141019,0.0,hypothetical scenario
uniform,0.95,0.056,316912.0,7925000.0,7528750.0,17747.072,30738.83038958301,303505.1415094719,False,7925000.0,17.951922828800722,0.7180769131520289,0.0,hypothetical scenario
uniform,0.95,0.057,316912.0,7925000.0,7528750.0,18063.984,31287.738075111276,303661.635354384,False,7925000.0,17.7937530246699,0.711750120986796,0.0,hypothetical scenario
uniform,0.95,0.058,316912.0,7925000.0,7528750.0,18380.896,31836.645760639545,303821.5565913583,False,7925000.0,17.63969165716326,0.7055876662865305,0.0,hypothetical scenario
uniform,0.95,0.059000000000000004,316912.0,7925000.0,7528750.0,18697.808,32385.553446167814,303984.81695313484,False,7925000.0,17.48956389164117,0.6995825556656468,0.0,hypothetical scenario
uniform,0.95,0.06,316912.0,7925000.0,7528750.0,19014.719999999998,32934.46113169607,304151.33189728495,False,7925000.0,17.343205135378014,0.6937282054151206,0.0,hypothetical scenario
uniform,0.95,0.061,316912.0,7925000.0,7528750.0,19331.631999999998,33483.36881722434,304321.02038979647,False,7925000.0,17.20046027885288,0.6880184111541152,0.0,hypothetical scenario
uniform,0.95,0.062,316912.0,7925000.0,7528750.0,19648.543999999998,34032.27650275261,304493.80470456183,False,7925000.0,17.061183004622745,0.6824473201849098,0.0,hypothetical scenario
uniform,0.95,0.063,316912.0,7925000.0,7528750.0,19965.456000000002,34581.18418828089,304669.6102373637,False,7925000.0,16.92523515677677,0.6770094062710708,0.0,hypothetical scenario
uniform,0.95,0.064,316912.0,7925000.0,7528750.0,20282.368000000002,35130.09187380916,304848.36533309723,False,7925000.0,16.79248616479448,0.6716994465917792,0.0,hypothetical scenario
uniform,0.95,0.065,316912.0,7925000.0,7528750.0,20599.280000000002,35678.999559337426,305030.0011250952,False,7925000.0,16.662812516345923,0.6665125006538369,0.0,hypothetical scenario
uniform,0.95,0.066,316912.0,7925000.0,7528750.0,20916.192000000003,36227.907244865695,305214.45138553675,False,7925000.0,16.536097274194958,0.6614438909677983,0.0,hypothetical scenario
uniform,0.95,0.067,316912.0,7925000.0,7528750.0,21233.104000000003,36776.814930393964,305401.6523860181,False,7925000.0,16.412229632911078,0.6564891853164432,0.0,hypothetical scenario
uniform,0.95,0.068,316912.0,7925000.0,7528750.0,21550.016000000003,37325.722615922234,305591.54276745446,False,7925000.0,16.29110451156962,0.6516441804627848,0.0,hypothetical scenario
uniform,0.95,0.069,316912.0,7925000.0,7528750.0,21866.928000000004,37874.630301450496,305784.063418562,False,7925000.0,16.172622179038086,0.6469048871615235,0.0,hypothetical scenario
uniform,0.95,0.07,316912.0,7925000.0,7528750.0,22183.840000000004,38423.537986978765,305979.1573622363,False,7925000.0,16.056687908811494,0.6422675163524597,0.0,hypothetical scenario
uniform,0.95,0.07100000000000001,316912.0,7925000.0,7528750.0,22500.752000000004,38972.445672507034,306176.76964921114,False,7925000.0,15.943211660681717,0.6377284664272687,0.0,hypothetical scenario
uniform,0.95,0.07200000000000001,316912.0,7925000.0,7528750.0,22817.664000000004,39521.3533580353,306376.8472584339,False,7925000.0,15.832107786809946,0.6332843114723978,0.0,hypothetical scenario
uniform,0.95,0.073,316912.0,7925000.0,7528750.0,23134.575999999997,40070.26104356356,306579.33900364675,False,7925000.0,15.723294760021586,0.6289317904008634,0.0,hypothetical scenario
uniform,0.95,0.074,316912.0,7925000.0,7528750.0,23451.487999999998,40619.16872909183,306784.19544570846,False,7925000.0,15.616694922364912,0.6246677968945965,0.0,hypothetical scenario
uniform,0.95,0.075,316912.0,7925000.0,7528750.0,23768.399999999998,41168.076414620096,306991.3688102295,False,7925000.0,15.512234252171467,0.6204893700868587,0.0,hypothetical scenario
uniform,0.95,0.076,316912.0,7925000.0,7528750.0,24085.311999999998,41716.984100148366,307200.81291013415,False,7925000.0,15.40984214803034,0.6163936859212136,0.0,hypothetical scenario
uniform,0.95,0.077,316912.0,7925000.0,7528750.0,24402.224,42265.891785676635,307412.48307279294,False,7925000.0,15.309451228243793,0.6123780491297517,0.0,hypothetical scenario
uniform,0.95,0.078,316912.0,7925000.0,7528750.0,24719.136,42814.799471204904,307626.3360714002,False,7925000.0,15.210997144470129,0.6084398857788051,0.0,hypothetical scenario
uniform,0.95,0.079,316912.0,7925000.0,7528750.0,25036.048,43363.70715673317,307842.33006029885,False,7925000.0,15.114418408382335,0.6045767363352934,0.0,hypothetical scenario
uniform,0.95,0.08,316912.0,7925000.0,7528750.0,25352.96,43912.61484226144,308060.4245139774,False,7925000.0,15.019656230282092,0.6007862492112837,0.0,hypothetical scenario
uniform,0.95,0.081,316912.0,7925000.0,7528750.0,25669.872,44461.522527789704,308280.58016948873,False,7925000.0,14.926654368706217,0.5970661747482486,0.0,hypothetical scenario
uniform,0.95,0.082,316912.0,7925000.0,7528750.0,25986.784,45010.43021331797,308502.75897205743,False,7925000.0,14.835358990152017,0.5934143596060807,0.0,hypothetical scenario
uniform,0.95,0.083,316912.0,7925000.0,7528750.0,26303.696,45559.33789884624,308726.92402366427,False,7925000.0,14.745718538126248,0.5898287415250499,0.0,hypothetical scenario
uniform,0.95,0.084,316912.0,7925000.0,7528750.0,26620.608,46108.24558437451,308953.03953440976,False,7925000.0,14.657683610794184,0.5863073444317674,0.0,hypothetical scenario
uniform,0.95,0.085,316912.0,7925000.0,7528750.0,26937.52,46657.15326990278,309181.07077647565,False,7925000.0,14.571206846569273,0.5828482738627709,0.0,hypothetical scenario
uniform,0.95,0.08600000000000001,316912.0,7925000.0,7528750.0,27254.432,47206.06095543105,309410.98404051695,False,7925000.0,14.486242817041294,0.5794497126816518,0.0,hypothetical scenario
uniform,0.95,0.08700000000000001,316912.0,7925000.0,7528750.0,27571.344,47754.96864095932,309642.7465943295,False,7925000.0,14.402747926693138,0.5761099170677255,0.0,hypothetical scenario
uniform,0.95,0.088,316912.0,7925000.0,7528750.0,27888.255999999998,48303.87632648758,309876.32664364943,False,7925000.0,14.320680318903445,0.5728272127561378,0.0,hypothetical scenario
uniform,0.95,0.089,316912.0,7925000.0,7528750.0,28205.167999999998,48852.78401201585,310111.6932949514,False,7925000.0,14.239999787774632,0.5695999915109853,0.0,hypothetical scenario
uniform,0.95,0.09,316912.0,7925000.0,7528750.0,28522.079999999998,49401.69169754412,310348.8165201233,False,7925000.0,14.160667695364317,0.5664267078145727,0.0,hypothetical scenario
uniform,0.95,0.091,316912.0,7925000.0,7528750.0,28838.992,49950.59938307239,310587.6671229018,False,7925000.0,14.082646893933326,0.563305875757333,0.0,hypothetical scenario
uniform,0.95,0.092,316912.0,7925000.0,7528750.0,29155.904,50499.50706860065,310828.216706964,False,7925000.0,14.005901652854625,0.560236066114185,0.0,hypothetical scenario
uniform,0.95,0.093,316912.0,7925000.0,7528750.0,29472.816,51048.41475412892,311070.4376455751,False,7925000.0,13.930397589856696,0.5572159035942679,0.0,hypothetical scenario
uniform,0.95,0.094,316912.0,7925000.0,7528750.0,29789.728,51597.32243965719,311314.30305270123,False,7925000.0,13.856101606300703,0.5542440642520281,0.0,hypothetical scenario
uniform,0.95,0.095,316912.0,7925000.0,7528750.0,30106.64,52146.23012518546,311559.78675550147,False,7925000.0,13.782981826214874,0.551319273048595,0.0,hypothetical scenario
uniform,0.95,0.096,316912.0,7925000.0,7528750.0,30423.552,52695.13781071373,311806.86326811963,False,7925000.0,13.711007538830843,0.5484403015532338,0.0,hypothetical scenario
uniform,0.95,0.097,316912.0,7925000.0,7528750.0,30740.464,53244.045496242,312055.50776670163,False,7925000.0,13.640149144386754,0.5456059657754702,0.0,hypothetical scenario
uniform,0.95,0.098,316912.0,7925000.0,7528750.0,31057.376,53792.95318177027,312305.6960655686,False,7925000.0,13.570378102979955,0.5428151241191982,0.0,hypothetical scenario
uniform,0.95,0.099,316912.0,7925000.0,7528750.0,31374.288,54341.860867298536,312557.40459448146,False,7925000.0,13.501666886268481,0.5400666754507393,0.0,hypothetical scenario
uniform,0.95,0.1,316912.0,7925000.0,7528750.0,31691.2,54890.768552826805,312810.6103769369,False,7925000.0,13.433988931835586,0.5373595572734234,0.0,hypothetical scenario
uniform,0.95,0.101,316912.0,7925000.0,7528750.0,32008.112,55439.676238355074,313065.29100943665,False,7925000.0,13.367318600045783,0.5346927440018313,0.0,hypothetical scenario
uniform,0.95,0.10200000000000001,316912.0,7925000.0,7528750.0,32325.024,55988.583923883336,313321.4246416796,False,7925000.0,13.301631133232842,0.5320652453293137,0.0,hypothetical scenario
uniform,0.95,0.10300000000000001,316912.0,7925000.0,7528750.0,32641.936,56537.491609411605,313578.98995762406,False,7925000.0,13.236902617072666,0.5294761046829066,0.0,hypothetical scenario
uniform,0.95,0.10400000000000001,316912.0,7925000.0,7528750.0,32958.848000000005,57086.39929493988,313837.9661573769,False,7925000.0,13.173109944003686,0.5269243977601474,0.0,hypothetical scenario
uniform,0.95,0.105,316912.0,7925000.0,7528750.0,33275.76,57635.30698046814,314098.3329398636,False,7925000.0,13.110230778568145,0.5244092311427258,0.0,hypothetical scenario
uniform,0.95,0.106,316912.0,7925000.0,7528750.0,33592.672,58184.214665996406,314360.07048623986,False,7925000.0,13.048243524555875,0.521929740982235,0.0,hypothetical scenario
uniform,0.95,0.107,316912.0,7925000.0,7528750.0,33909.584,58733.12235152468,314623.15944400534,False,7925000.0,12.987127293841038,0.5194850917536415,0.0,hypothetical scenario
uniform,0.95,0.108,316912.0,7925000.0,7528750.0,34226.496,59282.030037052944,314887.58091178426,False,7925000.0,12.92686187680955,0.517074475072382,0.0,hypothetical scenario
uniform,0.95,0.109,316912.0,7925000.0,7528750.0,34543.408,59830.93772258122,315153.31642473873,False,7925000.0,12.867427714282151,0.514697108571286,0.0,hypothetical scenario
uniform,0.95,0.11,316912.0,7925000.0,7528750.0,34860.32,60379.84540810948,315420.34794058296,False,7925000.0,12.808805870844592,0.5123522348337837,0.0,hypothetical scenario
uniform,0.95,0.111,316912.0,7925000.0,7528750.0,35177.232,60928.75309363776,315688.657826168,False,7925000.0,12.750978009502328,0.5100391203800931,0.0,hypothetical scenario
uniform,0.95,0.112,316912.0,7925000.0,7528750.0,35494.144,61477.66077916602,315958.2288446098,False,7925000.0,12.693926367582579,0.5077570547033031,0.0,hypothetical scenario
uniform,0.95,0.113,316912.0,7925000.0,7528750.0,35811.056000000004,62026.56846469429,316229.04414293263,False,7925000.0,12.637633733812015,0.5055053493524806,0.0,hypothetical scenario
uniform,0.95,0.114,316912.0,7925000.0,7528750.0,36127.968,62575.47615022255,316501.087240204,False,7925000.0,12.582083426502727,0.5032833370601091,0.0,hypothetical scenario
uniform,0.95,0.115,316912.0,7925000.0,7528750.0,36444.880000000005,63124.38383575083,316774.34201613674,False,7925000.0,12.527259272783839,0.5010903709113536,0.0,hypothetical scenario
uniform,0.95,0.116,316912.0,7925000.0,7528750.0,36761.792,63673.29152127909,317048.7927001362,False,7925000.0,12.473145588819904,0.49892582355279613,0.0,hypothetical scenario
uniform,0.95,0.117,316912.0,7925000.0,7528750.0,37078.704000000005,64222.19920680737,317324.42386077135,False,7925000.0,12.41972716096126,0.49678908643845043,0.0,hypothetical scenario
uniform,0.95,0.11800000000000001,316912.0,7925000.0,7528750.0,37395.616,64771.10689233563,317601.2203956502,False,7925000.0,12.36698922777485,0.494679569110994,0.0,hypothetical scenario
uniform,0.95,0.11900000000000001,316912.0,7925000.0,7528750.0,37712.528000000006,65320.014577863905,317879.16752168024,False,7925000.0,12.314917462907305,0.4925966985162922,0.0,hypothetical scenario
uniform,0.95,0.12,316912.0,7925000.0,7528750.0,38029.439999999995,65868.92226339215,318158.25076569663,False,7925000.0,12.263497958735147,0.4905399183494059,0.0,hypothetical scenario
uniform,0.95,0.121,316912.0,7925000.0,7528750.0,38346.352,66417.82994892042,318438.45595544146,False,7925000.0,12.21271721075963,0.4885086884303852,0.0,hypothetical scenario
uniform,0.95,0.122,316912.0,7925000.0,7528750.0,38663.263999999996,66966.73763444868,318719.7692108767,False,7925000.0,12.16256210270672,0.48650248410826885,0.0,hypothetical scenario
uniform,0.95,0.123,316912.0,7925000.0,7528750.0,38980.176,67515.64531997696,319002.17693581834,False,7925000.0,12.113019892294528,0.4845207956917811,0.0,hypothetical scenario
uniform,0.95,0.124,316912.0,7925000.0,7528750.0,39297.087999999996,68064.55300550522,319285.6658098749,False,7925000.0,12.064078197633412,0.4825631279053365,0.0,hypothetical scenario
uniform,0.95,0.125,316912.0,7925000.0,7528750.0,39614.0,68613.4606910335,319570.22278067854,False,7925000.0,12.015724984225672,0.48062899936902687,0.0,hypothetical scenario
uniform,0.95,0.126,316912.0,7925000.0,7528750.0,39930.912000000004,69162.36837656178,319855.83505639515,False,7925000.0,11.967948552533816,0.47871794210135266,0.0,hypothetical scenario
uniform,0.95,0.127,316912.0,7925000.0,7528750.0,40247.824,69711.27606209004,320142.49009850126,False,7925000.0,11.920737526088333,0.47682950104353333,0.0,hypothetical scenario
uniform,0.95,0.128,316912.0,7925000.0,7528750.0,40564.736000000004,70260.18374761831,320430.17561481637,False,7925000.0,11.874080840107467,0.4749632336042987,0.0,hypothetical scenario
uniform,0.95,0.129,316912.0,7925000.0,7528750.0,40881.648,70809.09143314658,320718.8795527803,False,7925000.0,11.827967730603046,0.4731187092241218,0.0,hypothetical scenario
uniform,0.95,0.13,316912.0,7925000.0,7528750.0,41198.560000000005,71357.99911867485,321008.59009296395,False,7925000.0,11.782387723948272,0.4712955089579309,0.0,hypothetical scenario
uniform,0.95,0.131,316912.0,7925000.0,7528750.0,41515.472,71906.90680420311,321299.2956428044,False,7925000.0,11.737330626884237,0.4694932250753695,0.0,hypothetical scenario
uniform,0.95,0.132,316912.0,7925000.0,7528750.0,41832.384000000005,72455.81448973139,321590.9848305553,False,7925000.0,11.692786516943649,0.46771146067774594,0.0,hypothetical scenario
uniform,0.95,0.133,316912.0,7925000.0,7528750.0,42149.296,73004.72217525965,321883.6464994425,False,7925000.0,11.648745733271324,0.465949829330853,0.0,hypothetical scenario
uniform,0.95,0.134,316912.0,7925000.0,7528750.0,42466.208000000006,73553.62986078793,322177.2697020174,False,7925000.0,11.605198867822232,0.4642079547128893,0.0,hypothetical scenario
uniform,0.95,0.135,316912.0,7925000.0,7528750.0,42783.12,74102.53754631619,322471.8436946995,False,7925000.0,11.562136756918667,0.4624854702767467,0.0,hypothetical scenario
uniform,0.95,0.136,316912.0,7925000.0,7528750.0,43100.03200000001,74651.44523184447,322767.3579325006,False,7925000.0,11.519550473149636,0.4607820189259854,0.0,hypothetical scenario
uniform,0.95,0.137,316912.0,7925000.0,7528750.0,43416.944,75200.35291737273,323063.802063923,False,7925000.0,11.47743131759595,0.459097252703838,0.0,hypothetical scenario
uniform,0.95,0.138,316912.0,7925000.0,7528750.0,43733.85600000001,75749.26060290099,323361.16592602537,False,7925000.0,11.435770812365794,0.45743083249463173,0.0,hypothetical scenario
uniform,0.95,0.139,316912.0,7925000.0,7528750.0,44050.768000000004,76298.16828842925,323659.43953964894,False,7925000.0,11.394560693426211,0.4557824277370484,0.0,hypothetical scenario
uniform,0.95,0.14,316912.0,7925000.0,7528750.0,44367.68000000001,76847.07597395753,323958.6131047981,False,7925000.0,11.353792903716652,0.45415171614866606,0.0,hypothetical scenario
uniform,0.95,0.14100000000000001,316912.0,7925000.0,7528750.0,44684.592000000004,77395.98365948579,324258.67699616903,False,7925000.0,11.313459586531694,0.4525383834612678,0.0,hypothetical scenario
uniform,0.95,0.14200000000000002,316912.0,7925000.0,7528750.0,45001.50400000001,77944.89134501407,324559.62175882113,False,7925000.0,11.273553079160477,0.4509421231664191,0.0,hypothetical scenario
uniform,0.95,0.14300000000000002,316912.0,7925000.0,7528750.0,45318.416000000005,78493.79903054233,324861.43810398504,False,7925000.0,11.234065906771201,0.44936263627084805,0.0,hypothetical scenario
uniform,0.95,0.14400000000000002,316912.0,7925000.0,7528750.0,45635.32800000001,79042.7067160706,325164.1169050026,False,7925000.0,11.194990776529663,0.4477996310611865,0.0,hypothetical scenario
uniform,0.95,0.145,316912.0,7925000.0,7528750.0,45952.24,79591.61440159885,325467.6491933935,False,7925000.0,11.156320571941183,0.44625282287764734,0.0,hypothetical scenario
uniform,0.95,0.146,316912.0,7925000.0,7528750.0,46269.151999999995,80140.52208712712,325772.026155043,False,7925000.0,11.11804834740617,0.44472193389624676,0.0,hypothetical scenario
uniform,0.95,0.147,316912.0,7925000.0,7528750.0,46586.064,80689.42977265539,326077.2391265086,False,7925000.0,11.080167322979614,0.4432066929191846,0.0,hypothetical scenario
uniform,0.95,0.148,316912.0,7925000.0,7528750.0,46902.975999999995,81238.33745818365,326383.27959143784,False,7925000.0,11.042670879325746,0.44170683517302983,0.0,hypothetical scenario
uniform,0.95,0.149,316912.0,7925000.0,7528750.0,47219.888,81787.24514371193,326690.1391770959,False,7925000.0,11.005552552859202,0.4402221021143681,0.0,hypothetical scenario
uniform,0.95,0.15,316912.0,7925000.0,7528750.0,47536.799999999996,82336.15282924019,326997.8096509976,False,7925000.0,10.968806031064677,0.43875224124258705,0.0,hypothetical scenario
uniform,0.95,0.151,316912.0,7925000.0,7528750.0,47853.712,82885.06051476847,327306.2829176402,False,7925000.0,10.932425147987297,0.4372970059194919,0.0,hypothetical scenario
uniform,0.95,0.152,316912.0,7925000.0,7528750.0,48170.623999999996,83433.96820029673,327615.5510153334,False,7925000.0,10.89640387988652,0.43585615519546084,0.0,hypothetical scenario
uniform,0.95,0.153,316912.0,7925000.0,7528750.0,48487.536,83982.87588582501,327925.6061131234,False,7925000.0,10.860736341046412,0.4344294536418565,0.0,hypothetical scenario
uniform,0.95,0.154,316912.0,7925000.0,7528750.0,48804.448,84531.78357135327,328236.4405078067,False,7925000.0,10.825416779735912,0.4330166711894365,0.0,hypothetical scenario
uniform,0.95,0.155,316912.0,7925000.0,7528750.0,49121.36,85080.69125688155,328548.0466210316,False,7925000.0,10.790439574312579,0.43161758297250313,0.0,hypothetical scenario
uniform,0.95,0.156,316912.0,7925000.0,7528750.0,49438.272,85629.59894240981,328860.4169964829,False,7925000.0,10.755799229464042,0.43023196917856166,0.0,hypothetical scenario
uniform,0.95,0.157,316912.0,7925000.0,7528750.0,49755.184,86178.50662793808,329173.5442971491,False,7925000.0,10.721490372581185,0.42885961490324737,0.0,hypothetical scenario
uniform,0.95,0.158,316912.0,7925000.0,7528750.0,50072.096,86727.41431346635,329487.42130266613,False,7925000.0,10.687507750257936,0.4275003100103174,0.0,hypothetical scenario
uniform,0.95,0.159,316912.0,7925000.0,7528750.0,50389.008,87276.32199899462,329802.0409067377,False,7925000.0,10.653846224912215,0.4261538489964886,0.0,hypothetical scenario
uniform,0.95,0.16,316912.0,7925000.0,7528750.0,50705.92,87825.22968452288,330117.3961146284,False,7925000.0,10.62050077152324,0.42482003086092957,0.0,hypothetical scenario
uniform,0.95,0.161,316912.0,7925000.0,7528750.0,51022.832,88374.13737005115,330433.48004072683,False,7925000.0,10.58746647448053,0.42349865897922123,0.0,hypothetical scenario
uniform,0.95,0.162,316912.0,7925000.0,7528750.0,51339.744,88923.04505557941,330750.28590617725,False,7925000.0,10.554738524539962,0.4221895409815985,0.0,hypothetical scenario
uniform,0.95,0.163,316912.0,7925000.0,7528750.0,51656.656,89471.95274110769,331067.8070365761,False,7925000.0,10.522312215882785,0.42089248863531137,0.0,hypothetical scenario
uniform,0.95,0.164,316912.0,7925000.0,7528750.0,51973.568,90020.86042663595,331386.0368597333,False,7925000.0,10.490182943273304,0.41960731773093213,0.0,hypothetical scenario
uniform,0.95,0.165,316912.0,7925000.0,7528750.0,52290.48,90569.76811216422,331704.9689034934,False,7925000.0,10.458346199311592,0.41833384797246365,0.0,hypothetical scenario
uniform,0.95,0.166,316912.0,7925000.0,7528750.0,52607.392,91118.67579769249,332024.5967936174,False,7925000.0,10.42679757177725,0.41707190287109003,0.0,hypothetical scenario
uniform,0.95,0.167,316912.0,7925000.0,7528750.0,52924.304000000004,91667.58348322076,332344.9142517209,False,7925000.0,10.395532741060833,0.41582130964243336,0.0,hypothetical scenario
uniform,0.95,0.168,316912.0,7925000.0,7528750.0,53241.216,92216.49116874902,332665.91509326827,False,7925000.0,10.364547477679482,0.41458189910717924,0.0,hypothetical scenario
uniform,0.95,0.169,316912.0,7925000.0,7528750.0,53558.128000000004,92765.3988542773,332987.5932256204,False,7925000.0,10.333837639873531,0.4133535055949412,0.0,hypothetical scenario
uniform,0.95,0.17,316912.0,7925000.0,7528750.0,53875.04,93314.30653980556,333309.9426461342,False,7925000.0,10.303399171280981,0.41213596685123927,0.0,hypothetical scenario
uniform,0.95,0.171,316912.0,7925000.0,7528750.0,54191.952000000005,93863.21422533384,333632.9574403125,False,7925000.0,10.273228098686891,0.41092912394747566,0.0,hypothetical scenario
uniform,0.95,0.17200000000000001,316912.0,7925000.0,7528750.0,54508.864,94412.1219108621,333956.6317800025,False,7925000.0,10.243320529844812,0.4097328211937925,0.0,hypothetical scenario
uniform,0.95,0.17300000000000001,316912.0,7925000.0,7528750.0,54825.776000000005,94961.02959639038,334280.95992164104,False,7925000.0,10.213672651367652,0.40854690605470606,0.0,hypothetical scenario
uniform,0.95,0.17400000000000002,316912.0,7925000.0,7528750.0,55142.688,95509.93728191864,334605.93620454613,False,7925000.0,10.184280726685204,0.40737122906740814,0.0,hypothetical scenario
uniform,0.95,0.17500000000000002,316912.0,7925000.0,7528750.0,55459.600000000006,96058.84496744692,334931.55504925165,False,7925000.0,10.155141094066062,0.40620564376264245,0.0,hypothetical scenario
uniform,0.95,0.176,316912.0,7925000.0,7528750.0,55776.511999999995,96607.75265297516,335257.8109558857,False,7925000.0,10.126250164701364,0.40505000658805457,0.0,hypothetical scenario
uniform,0.95,0.177,316912.0,7925000.0,7528750.0,56093.424,97156.66033850344,335584.69850258995,False,7925000.0,10.09760442084819,0.4039041768339276,0.0,hypothetical scenario
uniform,0.95,0.178,316912.0,7925000.0,7528750.0,56410.335999999996,97705.5680240317,335912.2123439789,False,7925000.0,10.069200414030444,0.40276801656121775,0.0,hypothetical scenario
uniform,0.95,0.179,316912.0,7925000.0,7528750.0,56727.248,98254.47570955998,336240.34720963857,False,7925000.0,10.041034763295018,0.4016413905318007,0.0,hypothetical scenario
uniform,0.95,0.18,316912.0,7925000.0,7528750.0,57044.159999999996,98803.38339508824,336569.0979026623,False,7925000.0,10.01310415352139,0.40052416614085556,0.0,hypothetical scenario
uniform,0.95,0.181,316912.0,7925000.0,7528750.0,57361.072,99352.29108061652,336898.4592982236,False,7925000.0,9.98540533378262,0.3994162133513048,0.0,hypothetical scenario
uniform,0.95,0.182,316912.0,7925000.0,7528750.0,57677.984,99901.19876614478,337228.4263421843,False,7925000.0,9.957935115755932,0.3983174046302373,0.0,hypothetical scenario
uniform,0.95,0.183,316912.0,7925000.0,7528750.0,57994.896,100450.10645167304,337558.99404973676,False,7925000.0,9.930690372181171,0.39722761488724684,0.0,hypothetical scenario
uniform,0.95,0.184,316912.0,7925000.0,7528750.0,58311.808,100999.0141372013,337890.15750408,False,7925000.0,9.90366803536538,0.3961467214146152,0.0,hypothetical scenario
uniform,0.95,0.185,316912.0,7925000.0,7528750.0,58628.72,101547.92182272958,338221.9118551272,False,7925000.0,9.876865095731903,0.3950746038292761,0.0,hypothetical scenario
uniform,0.95,0.186,316912.0,7925000.0,7528750.0,58945.632,102096.82950825784,338554.2523182462,False,7925000.0,9.850278600412405,0.39401114401649623,0.0,hypothetical scenario
uniform,0.95,0.187,316912.0,7925000.0,7528750.0,59262.544,102645.73719378612,338887.17417302844,False,7925000.0,9.823905651880454,0.39295622607521813,0.0,hypothetical scenario
uniform,0.95,0.188,316912.0,7925000.0,7528750.0,59579.456,103194.64487931438,339220.6727620892,False,7925000.0,9.797743406625038,0.39190973626500153,0.0,hypothetical scenario
uniform,0.95,0.189,316912.0,7925000.0,7528750.0,59896.368,103743.55256484266,339554.7434898955,False,7925000.0,9.771789073862788,0.39087156295451153,0.0,hypothetical scenario
uniform,0.95,0.19,316912.0,7925000.0,7528750.0,60213.28,104292.46025037092,339889.38182162243,False,7925000.0,9.746039914287486,0.38984159657149947,0.0,hypothetical scenario
uniform,0.95,0.191,316912.0,7925000.0,7528750.0,60530.192,104841.3679358992,340224.5832820359,False,7925000.0,9.7204932388557,0.38881972955422806,0.0,hypothetical scenario
uniform,0.95,0.192,316912.0,7925000.0,7528750.0,60847.104,105390.27562142746,340560.3434544025,False,7925000.0,9.695146407607167,0.38780585630428666,0.0,hypothetical scenario
uniform,0.95,0.193,316912.0,7925000.0,7528750.0,61164.016,105939.18330695573,340896.6579794243,False,7925000.0,9.669996828518888,0.38679987314075553,0.0,hypothetical scenario
uniform,0.95,0.194,316912.0,7925000.0,7528750.0,61480.928,106488.090992484,341233.52255419834,False,7925000.0,9.645041956391754,0.3858016782556702,0.0,hypothetical scenario
uniform,0.95,0.195,316912.0,7925000.0,7528750.0,61797.840000000004,107036.99867801227,341570.9329312009,False,7925000.0,9.62027929176858,0.38481117167074325,0.0,hypothetical scenario
uniform,0.95,0.196,316912.0,7925000.0,7528750.0,62114.752,107585.90636354053,341908.8849172946,False,7925000.0,9.595706379882568,0.3838282551953027,0.0,hypothetical scenario
uniform,0.95,0.197,316912.0,7925000.0,7528750.0,62431.664000000004,108134.81404906881,342247.37437275844,False,7925000.0,9.571320809635154,0.3828528323854061,0.0,hypothetical scenario
uniform,0.95,0.198,316912.0,7925000.0,7528750.0,62748.576,108683.72173459707,342586.3972103398,False,7925000.0,9.547120212602303,0.3818848085040921,0.0,hypothetical scenario
uniform,0.95,0.199,316912.0,7925000.0,7528750.0,63065.488000000005,109232.62942012535,342925.9493943285,False,7925000.0,9.523102262068264,0.38092409048273057,0.0,hypothetical scenario
uniform,0.95,0.2,316912.0,7925000.0,7528750.0,63382.4,109781.53710565361,343266.0269396512,False,7925000.0,9.499264672085971,0.3799705868834388,0.0,hypothetical scenario
uniform,0.95,0.201,316912.0,7925000.0,7528750.0,63699.312000000005,110330.44479118189,343606.625910986,False,7925000.0,9.475605196563167,0.3790242078625267,0.0,hypothetical scenario
uniform,0.95,0.202,316912.0,7925000.0,7528750.0,64016.224,110879.35247671015,343947.7424218978,False,7925000.0,9.45212162837344,0.3780848651349376,0.0,hypothetical scenario
uniform,0.95,0.203,316912.0,7925000.0,7528750.0,64333.136000000006,111428.26016223841,344289.37263399205,False,7925000.0,9.428811798491367,0.3771524719396547,0.0,hypothetical scenario
uniform,0.95,0.20400000000000001,316912.0,7925000.0,7528750.0,64650.048,111977.16784776667,344631.51275608724,False,7925000.0,9.405673575151049,0.3762269430060419,0.0,hypothetical scenario
uniform,0.95,0.20500000000000002,316912.0,7925000.0,7528750.0,64966.96000000001,112526.07553329495,344974.1590434062,False,7925000.0,9.38270486302717,0.3753081945210868,0.0,hypothetical scenario
uniform,0.95,0.20600000000000002,316912.0,7925000.0,7528750.0,65283.872,113074.98321882321,345317.30779678444,False,7925000.0,9.359903602438042,0.37439614409752164,0.0,hypothetical scenario
uniform,0.95,0.20700000000000002,316912.0,7925000.0,7528750.0,65600.784,113623.89090435147,345660.95536189654,False,7925000.0,9.33726776856975,0.37349071074279006,0.0,hypothetical scenario
uniform,0.95,0.20800000000000002,316912.0,7925000.0,7528750.0,65917.69600000001,114172.79858987976,346005.0981284984,False,7925000.0,9.314795370720946,0.37259181482883785,0.0,hypothetical scenario
uniform,0.95,0.209,316912.0,7925000.0,7528750.0,66234.608,114721.706275408,346349.73252968676,False,7925000.0,9.292484451567438,0.3716993780626975,0.0,hypothetical scenario
uniform,0.95,0.21,316912.0,7925000.0,7528750.0,66551.52,115270.61396093629,346694.8550411742,False,7925000.0,9.270333086446124,0.37081332345784496,0.0,hypothetical scenario
uniform,0.95,0.211,316912.0,7925000.0,7528750.0,66868.432,115819.52164646455,347040.46218057943,False,7925000.0,9.248339382657612,0.3699335753063045,0.0,hypothetical scenario
uniform,0.95,0.212,316912.0,7925000.0,7528750.0,67185.344,116368.42933199281,347386.5505067334,False,7925000.0,9.226501478786917,0.36906005915147666,0.0,hypothetical scenario
uniform,0.95,0.213,316912.0,7925000.0,7528750.0,67502.256,116917.33701752107,347733.11661899934,False,7925000.0,9.204817544041767,0.3681927017616707,0.0,hypothetical scenario
uniform,0.95,0.214,316912.0,7925000.0,7528750.0,67819.168,117466.24470304936,348080.1571566076,False,7925000.0,9.183285777607896,0.3673314311043158,0.0,hypothetical scenario
uniform,0.95,0.215,316912.0,7925000.0,7528750.0,68136.08,118015.15238857763,348427.66879800457,False,7925000.0,9.161904408020865,0.3664761763208346,0.0,hypothetical scenario
uniform,0.95,0.216,316912.0,7925000.0,7528750.0,68452.992,118564.06007410589,348775.6482602147,False,7925000.0,9.140671692553896,0.36562686770215586,0.0,hypothetical scenario
uniform,0.95,0.217,316912.0,7925000.0,7528750.0,68769.904,119112.96775963415,349124.09229821654,False,7925000.0,9.119585916621245,0.3647834366648498,0.0,hypothetical scenario
uniform,0.95,0.218,316912.0,7925000.0,7528750.0,69086.816,119661.87544516244,349472.9977043308,False,7925000.0,9.098645393196623,0.36394581572786494,0.0,hypothetical scenario
uniform,0.95,0.219,316912.0,7925000.0,7528750.0,69403.728,120210.7831306907,349822.36130762164,False,7925000.0,9.077848462246292,0.3631139384898517,0.0,hypothetical scenario
uniform,0.95,0.22,316912.0,7925000.0,7528750.0,69720.64,120759.69081621896,350172.1799733103,False,7925000.0,9.057193490176275,0.36228773960705096,0.0,hypothetical scenario
uniform,0.95,0.221,316912.0,7925000.0,7528750.0,70037.552,121308.59850174723,350522.4506022005,False,7925000.0,9.036678869293382,0.3614671547717353,0.0,hypothetical scenario
uniform,0.95,0.222,316912.0,7925000.0,7528750.0,70354.464,121857.50618727552,350873.1701301152,False,7925000.0,9.016303017279636,0.36065212069118546,0.0,hypothetical scenario
uniform,0.95,0.223,316912.0,7925000.0,7528750.0,70671.376,122406.41387280378,351224.3355273454,False,7925000.0,8.9960643766796,0.359842575067184,0.0,hypothetical scenario
uniform,0.95,0.224,316912.0,7925000.0,7528750.0,70988.288,122955.32155833204,351575.9437981099,False,7925000.0,8.975961414400361,0.35903845657601446,0.0,hypothetical scenario
uniform,0.95,0.225,316912.0,7925000.0,7528750.0,71305.2,123504.2292438603,351927.99198002537,False,7925000.0,8.955992621223727,0.35823970484894907,0.0,hypothetical scenario
uniform,0.95,0.226,316912.0,7925000.0,7528750.0,71622.11200000001,124053.13692938858,352280.4771435878,False,7925000.0,8.936156511330339,0.35744626045321354,0.0,hypothetical scenario
uniform,0.95,0.227,316912.0,7925000.0,7528750.0,71939.024,124602.04461491684,352633.39639166335,False,7925000.0,8.916451621835291,0.3566580648734117,0.0,hypothetical scenario
uniform,0.95,0.228,316912.0,7925000.0,7528750.0,72255.936,125150.9523004451,352986.7468589906,False,7925000.0,8.89687651233495,0.355875060493398,0.0,hypothetical scenario
uniform,0.95,0.229,316912.0,7925000.0,7528750.0,72572.848,125699.85998597337,353340.52571169066,False,7925000.0,8.877429764464766,0.3550971905785907,0.0,hypothetical scenario
uniform,0.95,0.23,316912.0,7925000.0,7528750.0,72889.76000000001,126248.76767150166,353694.7301467895,False,7925000.0,8.858109981467512,0.3543243992587005,0.0,hypothetical scenario
uniform,0.95,0.231,316912.0,7925000.0,7528750.0,73206.672,126797.67535702992,354049.3573917466,False,7925000.0,8.838915787772006,0.35355663151088024,0.0,hypothetical scenario
uniform,0.95,0.232,316912.0,7925000.0,7528750.0,73523.584,127346.58304255818,354404.4047039957,False,7925000.0,8.81984582858163,0.35279383314326523,0.0,hypothetical scenario
uniform,0.95,0.233,316912.0,7925000.0,7528750.0,73840.496,127895.49072808644,354759.8693704921,False,7925000.0,8.800898769472747,0.35203595077890987,0.0,hypothetical scenario
uniform,0.95,0.234,316912.0,7925000.0,7528750.0,74157.40800000001,128444.39841361473,355115.74870727025,False,7925000.0,8.782073296002453,0.3512829318400981,0.0,hypothetical scenario
uniform,0.95,0.23500000000000001,316912.0,7925000.0,7528750.0,74474.32,128993.306099143,355472.0400590089,False,7925000.0,8.76336811332558,0.3505347245330232,0.0,hypothetical scenario
uniform,0.95,0.23600000000000002,316912.0,7925000.0,7528750.0,74791.232,129542.21378467126,355828.7407986054,False,7925000.0,8.744781945820584,0.3497912778328234,0.0,hypothetical scenario
uniform,0.95,0.23700000000000002,316912.0,7925000.0,7528750.0,75108.144,130091.12147019952,356185.848326757,False,7925000.0,8.726313536724179,0.34905254146896714,0.0,hypothetical scenario
uniform,0.95,0.23800000000000002,316912.0,7925000.0,7528750.0,75425.05600000001,130640.02915572781,356543.36007155135,False,7925000.0,8.707961647774392,0.34831846591097565,0.0,hypothetical scenario
uniform,0.95,0.23900000000000002,316912.0,7925000.0,7528750.0,75741.96800000001,131188.93684125607,356901.27348806366,False,7925000.0,8.689725058861836,0.34758900235447343,0.0,hypothetical scenario
uniform,0.95,0.24,316912.0,7925000.0,7528750.0,76058.87999999999,131737.8445267843,357259.5860579621,False,7925000.0,8.671602567689002,0.3468641027075601,0.0,hypothetical scenario
uniform,0.95,0.241,316912.0,7925000.0,7528750.0,76375.792,132286.7522123126,357618.29528912064,False,7925000.0,8.653592989437314,0.34614371957749257,0.0,hypothetical scenario
uniform,0.95,0.242,316912.0,7925000.0,7528750.0,76692.704,132835.65989784084,357977.39871523815,False,7925000.0,8.635695156441791,0.34542780625767167,0.0,hypothetical scenario
uniform,0.95,0.243,316912.0,7925000.0,7528750.0,77009.616,133384.56758336912,358336.8938954661,False,7925000.0,8.617907917873032,0.34471631671492126,0.0,hypothetical scenario
uniform,0.95,0.244,316912.0,7925000.0,7528750.0,77326.52799999999,133933.47526889737,358696.7784140417,False,7925000.0,8.600230139426435,0.3440092055770574,0.0,hypothetical scenario
uniform,0.95,0.245,316912.0,7925000.0,7528750.0,77643.44,134482.38295442567,359057.0498799287,False,7925000.0,8.582660703018332,0.3433064281207333,0.0,hypothetical scenario
uniform,0.95,0.246,316912.0,7925000.0,7528750.0,77960.352,135031.29063995392,359417.70592646464,False,7925000.0,8.565198506489006,0.34260794025956026,0.0,hypothetical scenario
uniform,0.95,0.247,316912.0,7925000.0,7528750.0,78277.264,135580.1983254822,359778.7442110141,False,7925000.0,8.547842463312232,0.3419136985324893,0.0,hypothetical scenario
uniform,0.95,0.248,316912.0,7925000.0,7528750.0,78594.17599999999,136129.10601101044,360140.16241462895,False,7925000.0,8.530591502311367,0.3412236600924547,0.0,hypothetical scenario
uniform,0.95,0.249,316912.0,7925000.0,7528750.0,78911.088,136678.01369653875,360501.9582417138,False,7925000.0,8.513444567381644,0.34053778269526574,0.0,hypothetical scenario
uniform,0.95,0.25,316912.0,7925000.0,7528750.0,79228.0,137226.921382067,360864.12941969896,False,7925000.0,8.496400617218589,0.33985602468874354,0.0,hypothetical scenario
uniform,0.95,0.251,316912.0,7925000.0,7528750.0,79544.912,137775.82906759527,361226.6736987174,False,7925000.0,8.479458625052459,0.33917834500209837,0.0,hypothetical scenario
uniform,0.95,0.252,316912.0,7925000.0,7528750.0,79861.82400000001,138324.73675312355,361589.58885128924,False,7925000.0,8.462617578388384,0.3385047031355354,0.0,hypothetical scenario
uniform,0.95,0.253,316912.0,7925000.0,7528750.0,80178.736,138873.64443865183,361952.8726720109,False,7925000.0,8.445876478752243,0.3378350591500897,0.0,hypothetical scenario
uniform,0.95,0.254,316912.0,7925000.0,7528750.0,80495.648,139422.55212418007,362316.5229772499,False,7925000.0,8.429234341442012,0.33716937365768046,0.0,hypothetical scenario
uniform,0.95,0.255,316912.0,7925000.0,7528750.0,80812.56,139971.45980970835,362680.5376048451,False,7925000.0,8.412690195284489,0.33650760781137956,0.0,hypothetical scenario
uniform,0.95,0.256,316912.0,7925000.0,7528750.0,81129.47200000001,140520.36749523663,363044.9144138127,False,7925000.0,8.396243082397245,0.3358497232958898,0.0,hypothetical scenario
uniform,0.95,0.257,316912.0,7925000.0,7528750.0,81446.384,141069.27518076487,363409.6512840563,False,7925000.0,8.379892057955686,0.33519568231822744,0.0,hypothetical scenario
uniform,0.95,0.258,316912.0,7925000.0,7528750.0,81763.296,141618.18286629315,363774.74611608346,False,7925000.0,8.36363618996507,0.33454544759860283,0.0,hypothetical scenario
uniform,0.95,0.259,316912.0,7925000.0,7528750.0,82080.208,142167.0905518214,364140.1968307259,False,7925000.0,8.347474559037389,0.33389898236149557,0.0,hypothetical scenario
uniform,0.95,0.26,316912.0,7925000.0,7528750.0,82397.12000000001,142715.9982373497,364506.0013688652,False,7925000.0,8.331406258172956,0.33325625032691825,0.0,hypothetical scenario
uniform,0.95,0.261,316912.0,7925000.0,7528750.0,82714.032,143264.90592287795,364872.1576911636,False,7925000.0,8.315430392546604,0.33261721570186414,0.0,hypothetical scenario
uniform,0.95,0.262,316912.0,7925000.0,7528750.0,83030.944,143813.81360840623,365238.66377779836,False,7925000.0,8.299546079298398,0.3319818431719359,0.0,hypothetical scenario
uniform,0.95,0.263,316912.0,7925000.0,7528750.0,83347.856,144362.72129393448,365605.5176282018,False,7925000.0,8.283752447328686,0.33135009789314745,0.0,hypothetical scenario
uniform,0.95,0.264,316912.0,7925000.0,7528750.0,83664.76800000001,144911.62897946278,365972.71726080496,False,7925000.0,8.268048637097479,0.33072194548389916,0.0,hypothetical scenario
uniform,0.95,0.265,316912.0,7925000.0,7528750.0,83981.68000000001,145460.53666499103,366340.26071278617,False,7925000.0,8.25243380042795,0.330097352017118,0.0,hypothetical scenario
uniform,0.95,0.266,316912.0,7925000.0,7528750.0,84298.592,146009.4443505193,366708.1460398236,False,7925000.0,8.236907100314017,0.3294762840125607,0.0,hypothetical scenario
uniform,0.95,0.267,316912.0,7925000.0,7528750.0,84615.504,146558.35203604755,367076.3713158521,False,7925000.0,8.221467710731895,0.3288587084292758,0.0,hypothetical scenario
uniform,0.95,0.268,316912.0,7925000.0,7528750.0,84932.41600000001,147107.25972157586,367444.93463282415,False,7925000.0,8.206114816455539,0.3282445926582216,0.0,hypothetical scenario
uniform,0.95,0.269,316912.0,7925000.0,7528750.0,85249.32800000001,147656.1674071041,367813.83410047437,False,7925000.0,8.190847612875823,0.32763390451503294,0.0,hypothetical scenario
uniform,0.95,0.27,316912.0,7925000.0,7528750.0,85566.24,148205.07509263238,368183.06784608914,False,7925000.0,8.17566530582343,0.32702661223293716,0.0,hypothetical scenario
uniform,0.95,0.271,316912.0,7925000.0,7528750.0,85883.152,148753.98277816063,368552.6340142786,False,7925000.0,8.16056711139533,0.32642268445581324,0.0,hypothetical scenario
uniform,0.95,0.272,316912.0,7925000.0,7528750.0,86200.06400000001,149302.89046368893,368922.5307667534,False,7925000.0,8.14555225578481,0.3258220902313924,0.0,hypothetical scenario
uniform,0.95,0.273,316912.0,7925000.0,7528750.0,86516.97600000001,149851.79814921718,369292.75628210476,False,7925000.0,8.130619975114858,0.3252247990045943,0.0,hypothetical scenario
uniform,0.95,0.274,316912.0,7925000.0,7528750.0,86833.888,150400.70583474546,369663.3087555885,False,7925000.0,8.115769515274945,0.3246307806109978,0.0,hypothetical scenario
uniform,0.95,0.275,316912.0,7925000.0,7528750.0,87150.8,150949.6135202737,370034.18639891193,False,7925000.0,8.101000131761085,0.3240400052704434,0.0,hypothetical scenario
uniform,0.95,0.276,316912.0,7925000.0,7528750.0,87467.71200000001,151498.52120580198,370405.387440025,False,7925000.0,8.086311089519043,0.32345244358076175,0.0,hypothetical scenario
uniform,0.95,0.277,316912.0,7925000.0,7528750.0,87784.62400000001,152047.42889133026,370776.91012291436,False,7925000.0,8.071701662790684,0.32286806651162736,0.0,hypothetical scenario
uniform,0.95,0.278,316912.0,7925000.0,7528750.0,88101.53600000001,152596.3365768585,371148.7527074011,False,7925000.0,8.057171134963358,0.3222868453985343,0.0,hypothetical scenario
uniform,0.95,0.279,316912.0,7925000.0,7528750.0,88418.448,153145.24426238678,371520.9134689413,False,7925000.0,8.042718798422275,0.32170875193689097,0.0,hypothetical scenario
uniform,0.95,0.28,316912.0,7925000.0,7528750.0,88735.36000000002,153694.15194791506,371893.3906984301,False,7925000.0,8.028343954405747,0.32113375817622986,0.0,hypothetical scenario
uniform,0.95,0.281,316912.0,7925000.0,7528750.0,89052.27200000001,154243.05963344334,372266.18270200933,False,7925000.0,8.01404591286329,0.32056183651453163,0.0,hypothetical scenario
uniform,0.95,0.28200000000000003,316912.0,7925000.0,7528750.0,89369.18400000001,154791.96731897158,372639.28780087695,False,7925000.0,7.999823992316517,0.3199929596926607,0.0,hypothetical scenario
uniform,0.95,0.28300000000000003,316912.0,7925000.0,7528750.0,89686.096,155340.87500449986,373012.7043311012,False,7925000.0,7.985677519722666,0.3194271007889066,0.0,hypothetical scenario
uniform,0.95,0.28400000000000003,316912.0,7925000.0,7528750.0,90003.00800000002,155889.78269002814,373386.4306434363,False,7925000.0,7.971605830340859,0.31886423321363433,0.0,hypothetical scenario
uniform,0.95,0.28500000000000003,316912.0,7925000.0,7528750.0,90319.92000000001,156438.6903755564,373760.46510314185,False,7925000.0,7.9576082676008815,0.31830433070403524,0.0,hypothetical scenario
uniform,0.95,0.28600000000000003,316912.0,7925000.0,7528750.0,90636.83200000001,156987.59806108466,374134.8060898047,False,7925000.0,7.943684182974518,0.31774736731898073,0.0,hypothetical scenario
uniform,0.95,0.28700000000000003,316912.0,7925000.0,7528750.0,90953.744,157536.50574661294,374509.4519971639,False,7925000.0,7.9298329358493564,0.3171933174339743,0.0,hypothetical scenario
uniform,0.95,0.28800000000000003,316912.0,7925000.0,7528750.0,91270.65600000002,158085.4134321412,374884.4012329383,False,7925000.0,7.916053893404973,0.3166421557361989,0.0,hypothetical scenario
uniform,0.95,0.289,316912.0,7925000.0,7528750.0,91587.568,158634.32111766946,375259.65221865656,False,7925000.0,7.902346430491523,0.31609385721966093,0.0,hypothetical scenario
uniform,0.95,0.29,316912.0,7925000.0,7528750.0,91904.48,159183.2288031977,375635.2033894904,False,7925000.0,7.888709929510592,0.31554839718042366,0.0,hypothetical scenario
uniform,0.95,0.291,316912.0,7925000.0,7528750.0,92221.39199999999,159732.13648872598,376011.0531940896,False,7925000.0,7.875143780298334,0.31500575121193336,0.0,hypothetical scenario
uniform,0.95,0.292,316912.0,7925000.0,7528750.0,92538.30399999999,160281.04417425423,376387.20009442064,False,7925000.0,7.861647380010793,0.3144658952004317,0.0,hypothetical scenario
uniform,0.95,0.293,316912.0,7925000.0,7528750.0,92855.216,160829.95185978254,376763.64256560686,False,7925000.0,7.84822013301138,0.3139288053204552,0.0,hypothetical scenario
uniform,0.95,0.294,316912.0,7925000.0,7528750.0,93172.128,161378.85954531078,377140.3790957711,False,7925000.0,7.834861450760483,0.3133944580304193,0.0,hypothetical scenario
uniform,0.95,0.295,316912.0,7925000.0,7528750.0,93489.04,161927.76723083906,377517.40818588197,False,7925000.0,7.821570751707084,0.31286283006828336,0.0,hypothetical scenario
uniform,0.95,0.296,316912.0,7925000.0,7528750.0,93805.95199999999,162476.6749163673,377894.7283496006,False,7925000.0,7.808347461182451,0.31233389844729803,0.0,hypothetical scenario
uniform,0.95,0.297,316912.0,7925000.0,7528750.0,94122.864,163025.5826018956,378272.33811313147,False,7925000.0,7.795191011295764,0.31180764045183057,0.0,hypothetical scenario
uniform,0.95,0.298,316912.0,7925000.0,7528750.0,94439.776,163574.49028742386,378650.2360150741,False,7925000.0,7.7821008408316645,0.31128403363326657,0.0,hypothetical scenario
uniform,0.95,0.299,316912.0,7925000.0,7528750.0,94756.688,164123.39797295214,379028.420606278,False,7925000.0,7.769076395149723,0.3107630558059889,0.0,hypothetical scenario
uniform,0.95,0.3,316912.0,7925000.0,7528750.0,95073.59999999999,164672.30565848039,379406.89044969925,False,7925000.0,7.756117126085734,0.31024468504342934,0.0,hypothetical scenario
gaussian,0.9,0.0,316912.0,7925000.0,7132500.0,0.0,,285212.0,False,7925000.0,25.0,1.0,0.0,hypothetical scenario
gaussian,0.9,0.001,316912.0,7925000.0,7132500.0,316.91200000000003,,285212.0,False,7925000.0,25.0,1.0,0.0,hypothetical scenario
gaussian,0.9,0.002,316912.0,7925000.0,7132500.0,633.8240000000001,,285212.0,False,7925000.0,25.0,1.0,0.0,hypothetical scenario
gaussian,0.9,0.003,316912.0,7925000.0,7132500.0,950.736,,285212.0,False,7925000.0,25.0,1.0,0.0,hypothetical scenario
gaussian,0.9,0.004,316912.0,7925000.0,7132500.0,1267.6480000000001,,285212.0,False,7925000.0,25.0,1.0,0.0,hypothetical scenario
gaussian,0.9,0.005,316912.0,7925000.0,7132500.0,1584.56,,285212.0,False,7925000.0,25.0,1.0,0.0,hypothetical scenario
gaussian,0.9,0.006,316912.0,7925000.0,7132500.0,1901.472,,285212.0,False,7925000.0,25.0,1.0,0.0,hypothetical scenario
gaussian,0.9,0.007,316912.0,7925000.0,7132500.0,2218.384,,285212.0,False,7925000.0,25.0,1.0,0.0,hypothetical scenario
gaussian,0.9,0.008,316912.0,7925000.0,7132500.0,2535.2960000000003,,285212.0,False,7925000.0,25.0,1.0,0.0,hypothetical scenario
gaussian,0.9,0.009000000000000001,316912.0,7925000.0,7132500.0,2852.2080000000005,,285212.0,False,7925000.0,25.0,1.0,0.0,hypothetical scenario
gaussian,0.9,0.01,316912.0,7925000.0,7132500.0,3169.12,,285212.0,False,7925000.0,25.0,1.0,0.0,hypothetical scenario
gaussian,0.9,0.011,316912.0,7925000.0,7132500.0,3486.0319999999997,,285212.0,False,7925000.0,25.0,1.0,0.0,hypothetical scenario
gaussian,0.9,0.012,316912.0,7925000.0,7132500.0,3802.944,,285212.0,False,7925000.0,25.0,1.0,0.0,hypothetical scenario
gaussian,0.9,0.013000000000000001,316912.0,7925000.0,7132500.0,4119.856000000001,,285212.0,False,7925000.0,24.999999999999822,0.9999999999999929,0.0,hypothetical scenario
gaussian,0.9,0.014,316912.0,7925000.0,7132500.0,4436.768,,285212.0000000003,False,7924999.999999999,24.999999999988738,0.9999999999995495,0.0,hypothetical scenario
gaussian,0.9,0.015,316912.0,7925000.0,7132500.0,4753.679999999999,,285212.00000000873,False,7925000.000000003,24.999999999677,0.9999999999870801,0.0,hypothetical scenario
gaussian,0.9,0.016,316912.0,7925000.0,7132500.0,5070.592000000001,,285212.0000001571,False,7925000.0,24.999999994926046,0.9999999997970419,0.0,hypothetical scenario
gaussian,0.9,0.017,316912.0,7925000.0,7132500.0,5387.504000000001,,285212.00000174035,False,7925000.0,24.99999994993739,0.9999999979974956,0.0,hypothetical scenario
gaussian,0.9,0.018000000000000002,316912.0,7925000.0,7132500.0,5704.416000000001,,285212.00001328695,False,7925000.0,24.99999965712946,0.9999999862851784,0.0,hypothetical scenario
gaussian,0.9,0.019,316912.0,7925000.0,7132500.0,6021.3279999999995,,285212.00007537426,False,7925000.000000001,24.9999982439986,0.999999929759944,0.0,hypothetical scenario
gaussian,0.9,0.02,316912.0,7925000.0,7132500.0,6338.24,,285212.00033633935,False,7925000.000000002,24.999992885133988,0.9999997154053595,0.0,hypothetical scenario
gaussian,0.9,0.021,316912.0,7925000.0,7132500.0,6655.152,,285212.0012334655,False,7925000.0,24.999976184819864,0.9999990473927945,0.0,hypothetical scenario
gaussian,0.9,0.022,316912.0,7925000.0,7132500.0,6972.063999999999,,285212.0038469329,False,7925000.0,24.999931888249606,0.9999972755299842,0.0,hypothetical scenario
gaussian,0.9,0.023,316912.0,7925000.0,7132500.0,7288.976,,285212.0104822604,False,7925000.0,24.999829075261488,0.9999931630104595,0.0,hypothetical scenario
gaussian,0.9,0.024,316912.0,7925000.0,7132500.0,7605.888,,285212.0254973891,False,7924999.999999999,24.99961559225106,0.9999846236900425,0.0,hypothetical scenario
gaussian,0.9,0.025,316912.0,7925000.0,7132500.0,7922.8,,285212.0563341755,False,7925000.0,24.99921190321832,0.9999684761287329,0.0,hypothetical scenario
gaussian,0.9,0.026000000000000002,316912.0,7925000.0,7132500.0,8239.712000000001,,285212.11466059677,False,7924999.999999999,24.99850660536097,0.9999402642144388,0.0,hypothetical scenario
gaussian,0.9,0.027,316912.0,7925000.0,7132500.0,8556.624,,285212.21749698004,False,7924999.999999998,24.997354556902334,0.9998941822760934,1.4519203135967527e-300,hypothetical scenario
gaussian,0.9,0.028,316912.0,7925000.0,7132500.0,8873.536,,285212.3881951285,False,7925000.000000005,24.995578046556595,0.9998231218622639,1.1863331143132045e-279,hypothetical scenario
gaussian,0.9,0.029,316912.0,7925000.0,7132500.0,9190.448,,285212.65716093464,False,7924999.999999999,24.992970881313745,0.9997188352525498,7.272870124361782e-261,hypothetical scenario
gaussian,0.9,0.03,316912.0,7925000.0,7132500.0,9507.359999999999,,285213.06224969693,False,7925000.0,24.989304829485025,0.999572193179401,6.35227312020053e-244,hypothetical scenario
gaussian,0.9,0.031,316912.0,7925000.0,7132500.0,9824.271999999999,,285213.6488076968,False,7925000.0,24.98433760178884,0.9993735040715537,1.355774299001506e-228,hypothetical scenario
gaussian,0.9,0.032,316912.0,7925000.0,7132500.0,10141.184000000001,,285214.4693741527,False,7925000.0,24.977821487596753,0.9991128595038701,1.1162564144637098e-214,hypothetical scenario
gaussian,0.9,0.033,316912.0,7925000.0,7132500.0,10458.096000000001,,285215.5830886155,False,7925000.0,24.969511845029732,0.9987804738011893,5.228339382065224e-202,hypothetical scenario
gaussian,0.9,0.034,316912.0,7925000.0,7132500.0,10775.008000000002,,285217.0548679222,False,7925000.0,24.95917481449161,0.9983669925796644,1.9420228696683258e-190,hypothetical scenario
gaussian,0.9,0.035,316912.0,7925000.0,7132500.0,11091.920000000002,,285218.9544245738,False,7925000.0,24.94659383087187,0.9978637532348748,7.610161632956026e-180,hypothetical scenario
gaussian,0.9,0.036000000000000004,316912.0,7925000.0,7132500.0,11408.832000000002,,285221.3551970503,False,7925000.0,24.9315747090559,0.997262988362236,4.0250203706699705e-170,hypothetical scenario
gaussian,0.9,0.037,316912.0,7925000.0,7132500.0,11725.743999999999,,285224.3332549505,False,7924999.999999996,24.91394924566554,0.9965579698266215,3.557168156783019e-161,hypothetical scenario
gaussian,0.9,0.038,316912.0,7925000.0,7132500.0,12042.655999999999,,285227.9662306879,False,7925000.0,24.893577406261,0.99574309625044,6.325473794806237e-153,hypothetical scenario
gaussian,0.9,0.039,316912.0,7925000.0,7132500.0,12359.568,,285232.33231702895,False,7924999.999999999,24.8703482507816,0.994813930031264,2.662040933648429e-145,hypothetical scenario
gaussian,0.9,0.04,316912.0,7925000.0,7132500.0,12676.48,,285237.50935763196,False,7925000.0,24.84417979601295,0.993767191840518,3.056696706382561e-138,hypothetical scenario
gaussian,0.9,0.041,316912.0,7925000.0,7132500.0,12993.392,,285243.57404696505,False,7925000.0,24.81501803029492,0.9926007212117968,1.0852958612678295e-131,hypothetical scenario
gaussian,0.9,0.042,316912.0,7925000.0,7132500.0,13310.304,,285250.6012470228,False,7924999.999999999,24.782835290953944,0.9913134116381578,1.3306188364645698e-125,hypothetical scenario
gaussian,0.9,0.043000000000000003,316912.0,7925000.0,7132500.0,13627.216,,285258.663421295,False,7925000.0,24.747628196637127,0.9899051278654851,6.211706228587909e-120,hypothetical scenario
gaussian,0.9,0.044,316912.0,7925000.0,7132500.0,13944.127999999999,,285267.8301813517,False,7925000.000000001,24.709415300984723,0.988376612039389,1.2041897029906812e-114,hypothetical scenario
gaussian,0.9,0.045,316912.0,7925000.0,7132500.0,14261.039999999999,,285278.167937969,False,7925000.0,24.668234605465532,0.9867293842186213,1.0472301409582247e-109,hypothetical scenario
gaussian,0.9,0.046,316912.0,7925000.0,7132500.0,14577.952,,285289.7396466452,False,7924999.999999999,24.62414104084122,0.9849656416336487,4.377078080897577e-105,hypothetical scenario
gaussian,0.9,0.047,316912.0,7925000.0,7132500.0,14894.864,,285302.6046363428,False,7925000.0,24.57720400055907,0.9830881600223629,9.351979283329529e-101,hypothetical scenario
gaussian,0.9,0.048,316912.0,7925000.0,7132500.0,15211.776,,285316.81851007073,False,7924999.999999997,24.527504986438608,0.9811001994575443,1.0794982608395087e-96,hypothetical scenario
gaussian,0.9,0.049,316912.0,7925000.0,7132500.0,15528.688,,285332.4331062568,False,7925000.000000006,24.47513540771667,0.9790054163086669,7.075155675118959e-93,hypothetical scenario
gaussian,0.9,0.05,316912.0,7925000.0,7132500.0,15845.6,,285349.4965105663,False,7925000.0,24.420194558830694,0.9768077823532277,2.7536241186061556e-89,hypothetical scenario
gaussian,0.9,0.051000000000000004,316912.0,7925000.0,7132500.0,16162.512,,285368.05310872896,False,7925000.0,24.362787788982505,0.9745115115593002,6.626715424496266e-86,hypothetical scenario
gaussian,0.9,0.052000000000000005,316912.0,7925000.0,7132500.0,16479.424000000003,,285388.14367198176,False,7925000.0,24.303024867130453,0.9721209946852182,1.022856259359207e-82,hypothetical scenario
gaussian,0.9,0.053,316912.0,7925000.0,7132500.0,16796.336,,285409.8054677628,False,7925000.0,24.24101853916282,0.9696407415665128,1.0468052461257875e-79,hypothetical scenario
gaussian,0.9,0.054,316912.0,7925000.0,7132500.0,17113.248,,285433.0723893298,False,7925000.0,24.176883269157585,0.9670753307663034,7.320534120644655e-77,hypothetical scenario
gaussian,0.9,0.055,316912.0,7925000.0,7132500.0,17430.16,,285457.97509892733,False,7924999.999999999,24.11073415342698,0.9644293661370792,3.5954803508438554e-74,hypothetical scenario
gaussian,0.9,0.056,316912.0,7925000.0,7132500.0,17747.072,,285484.541180007,False,7925000.0,24.04268599411385,0.961707439764554,1.2716460773002787e-71,hypothetical scenario
gaussian,0.9,0.057,316912.0,7925000.0,7132500.0,18063.984,,285512.79529478477,False,7925000.0,23.972852518145572,0.9589141007258228,3.313483837424271e-69,hypothetical scenario
gaussian,0.9,0.058,316912.0,7925000.0,7132500.0,18380.896,,285542.75934411143,False,7925000.0,23.901345727104573,0.9560538290841829,6.495008767824641e-67,hypothetical scenario
gaussian,0.9,0.059000000000000004,316912.0,7925000.0,7132500.0,18697.808,,285574.45262722723,False,7925000.0,23.828275363839055,0.9531310145535622,9.762392560234153e-65,hypothetical scenario
gaussian,0.9,0.06,316912.0,7925000.0,7132500.0,19014.719999999998,,285607.891999484,False,7925000.0,23.75374848225151,0.9501499392900604,1.1450742312621194e-62,hypothetical scenario
gaussian,0.9,0.061,316912.0,7925000.0,7132500.0,19331.631999999998,,285643.09202655114,False,7924999.999999999,23.67786910754106,0.9471147643016424,1.0651526382398323e-60,hypothetical scenario
gaussian,0.9,0.062,316912.0,7925000.0,7132500.0,19648.543999999998,,285680.0651339841,False,7925000.0,23.600737975145485,0.9440295190058194,7.975007009299747e-59,hypothetical scenario
gaussian,0.9,0.063,316912.0,7925000.0,7132500.0,19965.456000000002,,285718.8217513363,False,7924999.999999998,23.52245233765851,0.9408980935063405,4.8721942230337506e-57,hypothetical scenario
gaussian,0.9,0.064,316912.0,7925000.0,7132500.0,20282.368000000002,,285759.37045024184,False,7924999.999999994,23.443105830039286,0.9377242332015715,2.45960804336852e-55,hypothetical scenario
gaussian,0.9,0.065,316912.0,7925000.0,7132500.0,20599.280000000002,,285801.71807609923,False,7925000.000000009,23.36278838444693,0.9345115353778772,1.0380322395814411e-53,hypothetical scenario
gaussian,0.9,0.066,316912.0,7925000.0,7132500.0,20916.192000000003,,285845.8698731531,False,7925000.0,23.28158618700098,0.9312634474800392,3.701990027108047e-52,hypothetical scenario
gaussian,0.9,0.067,316912.0,7925000.0,7132500.0,21233.104000000003,,285891.8296028825,False,7925000.0,23.199581669677283,0.9279832667870913,1.126856788758045e-50,hypothetical scenario
gaussian,0.9,0.068,316912.0,7925000.0,7132500.0,21550.016000000003,,285939.59965574037,False,7925000.0,23.116853531379192,0.9246741412551677,2.9547789220985938e-49,hypothetical scenario
gaussian,0.9,0.069,316912.0,7925000.0,7132500.0,21866.928000000004,,285989.1811563281,False,7925000.0,23.033476782991432,0.9213390713196573,6.731767540207991e-48,hypothetical scenario
gaussian,0.9,0.07,316912.0,7925000.0,7132500.0,22183.840000000004,,286040.57406217844,False,7925000.0,22.94952281190728,0.9179809124762912,1.3432042673007552e-46,hypothetical scenario
gaussian,0.9,0.07100000000000001,316912.0,7925000.0,7132500.0,22500.752000000004,,286093.77725634933,False,7925000.0,22.865059462137825,0.9146023784855131,2.36473730984523e-45,hypothetical scenario
gaussian,0.9,0.07200000000000001,316912.0,7925000.0,7132500.0,22817.664000000004,,286148.7886340688,False,7925000.0,22.780151126659558,0.9112060450663823,3.69869717173558e-44,hypothetical scenario
gaussian,0.9,0.073,316912.0,7925000.0,7132500.0,23134.575999999997,,286205.60518368846,False,7925000.0,22.694858849141593,0.9077943539656637,5.1728873266439785e-43,hypothetical scenario
gaussian,0.9,0.074,316912.0,7925000.0,7132500.0,23451.487999999998,,286264.2230622199,False,7925000.0,22.609240432620297,0.9043696173048119,6.50791067341478e-42,hypothetical scenario
gaussian,0.9,0.075,316912.0,7925000.0,7132500.0,23768.399999999998,,286324.63766573137,False,7925000.0,22.5233505530633,0.9009340221225319,7.40641277190706e-41,hypothetical scenario
gaussian,0.9,0.076,316912.0,7925000.0,7132500.0,24085.311999999998,,286386.8436948862,False,7924999.999999999,22.437240876090332,0.8974896350436132,7.66489962542909e-40,hypothetical scenario
gaussian,0.9,0.077,316912.0,7925000.0,7132500.0,24402.224,,286450.8352158995,False,7925000.0,22.350960175402438,0.8940384070160975,7.248782251996473e-39,hypothetical scenario
gaussian,0.9,0.078,316912.0,7925000.0,7132500.0,24719.136,,286516.6057171868,False,7925000.0,22.264554451715725,0.8905821780686289,6.293264487662663e-38,hypothetical scenario
gaussian,0.9,0.079,316912.0,7925000.0,7132500.0,25036.048,,286584.1481619667,False,7925000.0,22.178067051208135,0.8871226820483255,5.0373989001384115e-37,hypothetical scenario
gaussian,0.9,0.08,316912.0,7925000.0,7132500.0,25352.96,,286653.45503707463,False,7925000.0,22.091538782669275,0.883661551306771,3.732564298877714e-36,hypothetical scenario
gaussian,0.9,0.081,316912.0,7925000.0,7132500.0,25669.872,,286724.51839822996,False,7925000.0,22.005008032699752,0.8802003213079901,2.5699379306760657e-35,hypothetical scenario
gaussian,0.9,0.082,316912.0,7925000.0,7132500.0,25986.784,,286797.32991199073,False,7925000.0,21.918510878439392,0.8767404351375757,1.6500479453856172e-34,hypothetical scenario
gaussian,0.9,0.083,316912.0,7925000.0,7132500.0,26303.696,,286871.8808946161,False,7925000.0,21.832081197417402,0.8732832478966961,9.912446932408246e-34,hypothetical scenario
gaussian,0.9,0.084,316912.0,7925000.0,7132500.0,26620.608,,286948.1623480466,False,7925000.0,21.745750774213484,0.8698300309685394,5.589095077053989e-33,hypothetical scenario
gaussian,0.9,0.085,316912.0,7925000.0,7132500.0,26937.52,,287026.1649931993,False,7925000.000000001,21.659549403700257,0.8663819761480103,2.966637767200531e-32,hypothetical scenario
gaussian,0.9,0.08600000000000001,316912.0,7925000.0,7132500.0,27254.432,,287105.87930076383,False,7925000.000000002,21.573504990705466,0.8629401996282187,1.4864891237142196e-31,hypothetical scenario
gaussian,0.9,0.08700000000000001,316912.0,7925000.0,7132500.0,27571.344,,287187.2955196738,False,7925000.000000006,21.487643645989813,0.8595057458395925,7.049782574595327e-31,hypothetical scenario
gaussian,0.9,0.088,316912.0,7925000.0,7132500.0,27888.255999999998,,287270.4037034185,False,7924999.999999986,21.401989778483205,0.8560795911393282,3.172375201585731e-30,hypothetical scenario
gaussian,0.9,0.089,316912.0,7925000.0,7132500.0,28205.167999999998,,287355.19373434066,False,7925000.0,21.316566183763523,0.852662647350541,1.357707060984065e-29,hypothetical scenario
gaussian,0.9,0.09,316912.0,7925000.0,7132500.0,28522.079999999998,,287441.65534608264,False,7925000.0,21.231394128788654,0.8492557651515462,5.538625235798006e-29,hypothetical scenario
gaussian,0.9,0.091,316912.0,7925000.0,7132500.0,28838.992,,287529.7781442854,False,7925000.0,21.146493432928644,0.8458597373171457,2.158148891162413e-28,hypothetical scenario
gaussian,0.9,0.092,316912.0,7925000.0,7132500.0,29155.904,,287619.5516256915,False,7925000.000000001,21.061882545354514,0.8424753018141806,8.048304124738076e-28,hypothetical scenario
gaussian,0.9,0.093,316912.0,7925000.0,7132500.0,29472.816,,287710.96519575367,False,7925000.0,20.97757861886563,0.8391031447546251,2.8779614695630915e-27,hypothetical scenario
gaussian,0.9,0.094,316912.0,7925000.0,7132500.0,29789.728,,287804.00818485994,False,7925000.0,20.893597580246208,0.8357439032098484,9.88539927045986e-27,hypothetical scenario
gaussian,0.9,0.095,316912.0,7925000.0,7132500.0,30106.64,,287898.6698632778,False,7924999.999999999,20.80995419725284,0.8323981678901136,3.267102638517099e-26,hypothetical scenario
gaussian,0.9,0.096,316912.0,7925000.0,7132500.0,30423.552,,287994.9394549076,False,7925000.000000001,20.726662142342082,0.8290664856936832,1.0405992529096929e-25,hypothetical scenario
gaussian,0.9,0.097,316912.0,7925000.0,7132500.0,30740.464,,288092.80614993477,False,7925000.0,20.64373405325173,0.8257493621300692,3.198996362831056e-25,hypothetical scenario
gaussian,0.9,0.098,316912.0,7925000.0,7132500.0,31057.376,,288192.2591164587,False,7925000.0,20.56118159055358,0.8224472636221433,9.5055550097923e-25,hypothetical scenario
gaussian,0.9,0.099,316912.0,7925000.0,7132500.0,31374.288,,288293.28751117573,False,7924999.999999999,20.479015492296064,0.8191606196918425,2.733803941776382e-24,hypothetical scenario
gaussian,0.9,0.1,316912.0,7925000.0,7132500.0,31691.2,,288395.8804891832,False,7925000.0,20.397245625856698,0.8158898250342679,7.61985302416047e-24,hypothetical scenario
gaussian,0.9,0.101,316912.0,7925000.0,7132500.0,32008.112,,288500.02721297095,False,7925000.0,20.315881037122878,0.8126352414849152,2.0608701709750275e-23,hypothetical scenario
gaussian,0.9,0.10200000000000001,316912.0,7925000.0,7132500.0,32325.024,,288605.7168606584,False,7925000.0,20.234929997118883,0.8093971998847553,5.414880119089713e-23,hypothetical scenario
gaussian,0.9,0.10300000000000001,316912.0,7925000.0,7132500.0,32641.936,,288712.9386335336,False,7925000.0,20.154400046194286,0.8061760018477715,1.3837129582008137e-22,hypothetical scenario
gaussian,0.9,0.10400000000000001,316912.0,7925000.0,7132500.0,32958.848000000005,,288821.6817629459,False,7925000.0,20.074298035886756,0.8029719214354702,3.4425774199790195e-22,hypothetical scenario
gaussian,0.9,0.105,316912.0,7925000.0,7132500.0,33275.76,,288931.93551659834,False,7925000.0,19.994630168569365,0.7997852067427746,8.347217042670736e-22,hypothetical scenario
gaussian,0.9,0.106,316912.0,7925000.0,7132500.0,33592.672,,289043.68920428626,False,7925000.0,19.91540203498869,0.7966160813995476,1.9744179277994446e-21,hypothetical scenario
gaussian,0.9,0.107,316912.0,7925000.0,7132500.0,33909.584,,289156.9321831209,False,7925000.0,19.836618649797217,0.7934647459918887,4.560111729275323e-21,hypothetical scenario
gaussian,0.9,0.108,316912.0,7925000.0,7132500.0,34226.496,,289271.6538622775,False,7924999.999999999,19.75828448517925,0.79033137940717,1.0292766643048364e-20,hypothetical scenario
gaussian,0.9,0.109,316912.0,7925000.0,7132500.0,34543.408,,289387.84370730247,False,7925000.0,19.680403502666127,0.7872161401066451,2.2723375636919237e-20,hypothetical scenario
gaussian,0.9,0.11,316912.0,7925000.0,7132500.0,34860.32,,289505.4912440127,False,7924999.999999999,19.602979183232545,0.7841191673293018,4.9107183993403226e-20,hypothetical scenario
gaussian,0.9,0.111,316912.0,7925000.0,7132500.0,35177.232,,289624.5860620169,False,7924999.999999999,19.52601455576221,0.7810405822304883,1.0396340463431782e-19,hypothetical scenario
gaussian,0.9,0.112,316912.0,7925000.0,7132500.0,35494.144,,289745.11781788716,False,7924999.999999999,19.44951222396691,0.7779804889586763,2.1577261240133157e-19,hypothetical scenario
gaussian,0.9,0.113,316912.0,7925000.0,7132500.0,35811.056000000004,,289867.0762380075,False,7924999.999999998,19.373474391839498,0.7749389756735799,4.393348308188772e-19,hypothetical scenario
gaussian,0.9,0.114,316912.0,7925000.0,7132500.0,36127.968,,289990.45112112234,False,7924999.999999998,19.297902887717832,0.7719161155087133,8.781492668893647e-19,hypothetical scenario
gaussian,0.9,0.115,316912.0,7925000.0,7132500.0,36444.880000000005,,290115.23234060855,False,7924999.999999996,19.222799187032525,0.768911967481301,1.7242165276635569e-18,hypothetical scenario
gaussian,0.9,0.116,316912.0,7925000.0,7132500.0,36761.792,,290241.4098464908,False,7924999.999999995,19.1481644338086,0.7659265773523439,3.327602843691051e-18,hypothetical scenario
gaussian,0.9,0.117,316912.0,7925000.0,7132500.0,37078.704000000005,,290368.9736672206,False,7924999.9999999935,19.07399946098701,0.7629599784394805,6.3159920513630295e-18,hypothetical scenario
gaussian,0.9,0.11800000000000001,316912.0,7925000.0,7132500.0,37395.616,,290497.91391123616,False,7924999.999999991,19.000304809629405,0.7600121923851763,1.1796835822032157e-17,hypothetical scenario
gaussian,0.9,0.11900000000000001,316912.0,7925000.0,7132500.0,37712.528000000006,,290628.2207683196,False,7924999.999999988,18.92708074706566,0.7570832298826263,2.169385127971515e-17,hypothetical scenario
gaussian,0.9,0.12,316912.0,7925000.0,7132500.0,38029.439999999995,,290759.8845107677,False,7924999.999999983,18.854327284041418,0.7541730913616567,3.929873434851008e-17,hypothetical scenario
gaussian,0.9,0.121,316912.0,7925000.0,7132500.0,38346.352,,290892.8954943877,False,7925000.000000013,18.78204419091957,0.7512817676367828,7.016260039161665e-17,hypothetical scenario
gaussian,0.9,0.122,316912.0,7925000.0,7132500.0,38663.263999999996,,291027.24415934377,False,7925000.000000005,18.710231012984686,0.7484092405193874,1.2351613101552844e-16,hypothetical scenario
gaussian,0.9,0.123,316912.0,7925000.0,7132500.0,38980.176,,291162.9210308363,False,7924999.999999999,18.638887084904802,0.745555483396192,2.1450130349736877e-16,hypothetical scenario
gaussian,0.9,0.124,316912.0,7925000.0,7132500.0,39297.087999999996,,291299.9167196662,False,7925000.0,18.568011544388284,0.7427204617755314,3.676324939347653e-16,hypothetical scenario
gaussian,0.9,0.125,316912.0,7925000.0,7132500.0,39614.0,,291438.22192266415,False,7925000.0,18.49760334508544,0.7399041338034177,6.22096057427174e-16,hypothetical scenario
gaussian,0.9,0.126,316912.0,7925000.0,7132500.0,39930.912000000004,,291577.8274230052,False,7925000.0,18.427661268773843,0.7371064507509537,1.0397653352120992e-15,hypothetical scenario
gaussian,0.9,0.127,316912.0,7925000.0,7132500.0,40247.824,,291718.7240904193,False,7925000.0,18.358183936866276,0.734327357474651,1.7171784315145004e-15,hypothetical scenario
gaussian,0.9,0.128,316912.0,7925000.0,7132500.0,40564.736000000004,,291860.90288130305,False,7925000.0,18.28916982127853,0.7315667928511412,2.8032322041968548e-15,hypothetical scenario
gaussian,0.9,0.129,316912.0,7925000.0,7132500.0,40881.648,,292004.3548387426,False,7925000.0,18.220617254691692,0.7288246901876677,4.525029461557915e-15,hypothetical scenario
gaussian,0.9,0.13,316912.0,7925000.0,7132500.0,41198.560000000005,,292149.0710924535,False,7925000.0,18.152524440242217,0.7261009776096887,7.225229227926481e-15,hypothetical scenario
gaussian,0.9,0.131,316912.0,7925000.0,7132500.0,41515.472,,292295.04285864584,False,7925000.0,18.084889460670656,0.7233955784268262,1.1415455814528563e-14,hypothetical scenario
gaussian,0.9,0.132,316912.0,7925000.0,7132500.0,41832.384000000005,,292442.2614398191,False,7925000.0,18.017710286958888,0.7207084114783555,1.7851898539704553e-14,hypothetical scenario
gaussian,0.9,0.133,316912.0,7925000.0,7132500.0,42149.296,,292590.71822449495,False,7925000.0,17.95098478648338,0.7180393914593353,2.764127282952991e-14,hypothetical scenario
gaussian,0.9,0.134,316912.0,7925000.0,7132500.0,42466.208000000006,,292740.40468689054,False,7925000.0,17.8847107307113,0.715388429228452,4.238792468839044e-14,hypothetical scenario
gaussian,0.9,0.135,316912.0,7925000.0,7132500.0,42783.12,,292891.3123865404,False,7925000.0,17.818885802463953,0.7127554320985581,6.43961724224308e-14,hypothetical scenario
gaussian,0.9,0.136,316912.0,7925000.0,7132500.0,43100.03200000001,,293043.43296786904,False,7925000.0,17.753507602771467,0.7101403041108587,9.694614039931097e-14,hypothetical scenario
gaussian,0.9,0.137,316912.0,7925000.0,7132500.0,43416.944,,293196.7581597201,False,7925000.0,17.688573657340875,0.707542946293635,1.4466651917866347e-13,hypothetical scenario
gaussian,0.9,0.138,316912.0,7925000.0,7132500.0,43733.85600000001,,293351.2797748457,False,7925000.0,17.624081422658577,0.7049632569063431,2.1403407625668127e-13,hypothetical scenario
gaussian,0.9,0.139,316912.0,7925000.0,7132500.0,44050.768000000004,,293506.98970935954,False,7925000.0,17.56002829174721,0.7024011316698884,3.140375560357364e-13,hypothetical scenario
gaussian,0.9,0.14,316912.0,7925000.0,7132500.0,44367.68000000001,,293663.8799421573,False,7925000.0,17.496411599595703,0.6998564639838282,4.570530827193389e-13,hypothetical scenario
gaussian,0.9,0.14100000000000001,316912.0,7925000.0,7132500.0,44684.592000000004,,293821.9425343077,False,7925000.0,17.433228628280286,0.6973291451312115,6.599895731939513e-13,hypothetical scenario
gaussian,0.9,0.14200000000000002,316912.0,7925000.0,7132500.0,45001.50400000001,,293981.16962841747,False,7925000.0,17.37047661179314,0.6948190644717256,9.457762558286754e-13,hypothetical scenario
gaussian,0.9,0.14300000000000002,316912.0,7925000.0,7132500.0,45318.416000000005,,294141.55344797176,False,7925000.0,17.308152740594867,0.6923261096237947,1.3452804700337568e-12,hypothetical scenario
gaussian,0.9,0.14400000000000002,316912.0,7925000.0,7132500.0,45635.32800000001,,294303.08629665454,False,7925000.0,17.24625416590544,0.6898501666362177,1.899762798977529e-12,hypothetical scenario
gaussian,0.9,0.145,316912.0,7925000.0,7132500.0,45952.24,,294465.76055764954,False,7925000.0,17.18477800374808,0.6873911201499232,2.6639985826676573e-12,hypothetical scenario
gaussian,0.9,0.146,316912.0,7925000.0,7132500.0,46269.151999999995,,294629.568692925,False,7925000.0,17.123721338759346,0.6849488535503738,3.710220294316883e-12,hypothetical scenario
gaussian,0.9,0.147,316912.0,7925000.0,7132500.0,46586.064,,294794.5032425036,False,7925000.0,17.063081227778195,0.6825232491111278,5.1330644624824585e-12,hypothetical scenario
gaussian,0.9,0.148,316912.0,7925000.0,7132500.0,46902.975999999995,,294960.55682372063,False,7924999.999999999,17.00285470322586,0.6801141881290345,7.055740100602904e-12,hypothetical scenario
gaussian,0.9,0.149,316912.0,7925000.0,7132500.0,47219.888,,295127.72213047015,False,7925000.0,16.943038776288084,0.6777215510515233,9.637673265490171e-12,hypothetical scenario
gaussian,0.9,0.15,316912.0,7925000.0,7132500.0,47536.799999999996,,295295.9919324431,False,7925000.0,16.883630439910192,0.6753452175964076,1.3083924686052994e-11,hypothetical scenario
gaussian,0.9,0.151,316912.0,7925000.0,7132500.0,47853.712,,295465.3590743571,False,7925000.0,16.82462667161531,0.6729850668646123,1.7656724631510056e-11,hypothetical scenario
gaussian,0.9,0.152,316912.0,7925000.0,7132500.0,48170.623999999996,,295635.81647517957,False,7925000.0,16.766024436155288,0.6706409774462115,2.3689521534103506e-11,hypothetical scenario
gaussian,0.9,0.153,316912.0,7925000.0,7132500.0,48487.536,,295807.35712734715,False,7925000.0,16.707820688003167,0.6683128275201267,3.1603998506756706e-11,hypothetical scenario
gaussian,0.9,0.154,316912.0,7925000.0,7132500.0,48804.448,,295979.97409597965,False,7925000.0,16.650012373696107,0.6660004949478443,4.193057490709451e-11,hypothetical scenario
gaussian,0.9,0.155,316912.0,7925000.0,7132500.0,49121.36,,296153.66051809234,False,7925000.0,16.592596434036576,0.6637038573614631,5.533297853741391e-11,hypothetical scenario
gaussian,0.9,0.156,316912.0,7925000.0,7132500.0,49438.272,,296328.40960180596,False,7925000.0,16.53556980615961,0.6614227922463845,7.263754790529083e-11,hypothetical scenario
gaussian,0.9,0.157,316912.0,7925000.0,7132500.0,49755.184,,296504.21462555643,False,7925000.0,16.4789294254733,0.659157177018932,9.486800309261196e-11,hypothetical scenario
gaussian,0.9,0.158,316912.0,7925000.0,7132500.0,50072.096,,296681.0689373038,False,7925000.0,16.422672227479495,0.6569068890991798,1.2328650799810697e-10,hypothetical scenario
gaussian,0.9,0.159,316912.0,7925000.0,7132500.0,50389.008,,296858.96595374274,False,7925000.0,16.366795149481046,0.6546718059792418,1.5944193574672867e-10,hypothetical scenario
gaussian,0.9,0.16,316912.0,7925000.0,7132500.0,50705.92,,297037.8991595141,False,7925000.0,16.311295132181826,0.652451805287273,2.0522634252189396e-10,hypothetical scenario
gaussian,0.9,0.161,316912.0,7925000.0,7132500.0,51022.832,,297217.86210641905,False,7925000.0,16.25616912118528,0.6502467648474112,2.6294075250207267e-10,hypothetical scenario
gaussian,0.9,0.162,316912.0,7925000.0,7132500.0,51339.744,,297398.84841263556,False,7925000.0,16.201414068397042,0.6480565627358817,3.3537145740377504e-10,hypothetical scenario
gaussian,0.9,0.163,316912.0,7925000.0,7132500.0,51656.656,,297580.85176193865,False,7925000.0,16.147026933336747,0.6458810773334699,4.258781376863064e-10,hypothetical scenario
gaussian,0.9,0.164,316912.0,7925000.0,7132500.0,51973.568,,297763.8659029242,False,7925000.0,16.093004684364065,0.6437201873745626,5.384952180053042e-10,hypothetical scenario
gaussian,0.9,0.165,316912.0,7925000.0,7132500.0,52290.48,,297947.8846482374,False,7925000.0,16.039344299823462,0.6415737719929385,6.780479761696737e-10,hypothetical scenario
gaussian,0.9,0.166,316912.0,7925000.0,7132500.0,52607.392,,298132.9018738055,False,7925000.0,15.986042769112222,0.6394417107644889,8.502850317365138e-10,hypothetical scenario
gaussian,0.9,0.167,316912.0,7925000.0,7132500.0,52924.304000000004,,298318.9115180763,False,7925000.0,15.933097093675846,0.6373238837470339,1.0620289464731874e-09,hypothetical scenario
gaussian,0.9,0.168,316912.0,7925000.0,7132500.0,53241.216,,298505.90758126136,False,7925000.0,15.88050428793481,0.6352201715173924,1.3213467731619395e-09,hypothetical scenario
gaussian,0.9,0.169,316912.0,7925000.0,7132500.0,53558.128000000004,,298693.8841245858,False,7925000.0,15.828261380146277,0.6331304552058511,1.637742490504724e-09,hypothetical scenario
gaussian,0.9,0.17,316912.0,7925000.0,7132500.0,53875.04,,298882.8352695434,False,7925000.0,15.776365413204573,0.631054616528183,2.0223733590430347e-09,hypothetical scenario
gaussian,0.9,0.171,316912.0,7925000.0,7132500.0,54191.952000000005,,299072.7551971588,False,7925000.0,15.724813445383507,0.6289925378153403,2.4882923248534573e-09,hypothetical scenario
gaussian,0.9,0.17200000000000001,316912.0,7925000.0,7132500.0,54508.864,,299263.63814725546,False,7925000.0,15.673602551023858,0.6269441020409543,3.050718683106395e-09,hypothetical scenario
gaussian,0.9,0.17300000000000001,316912.0,7925000.0,7132500.0,54825.776000000005,,299455.4784177312,False,7924999.999999999,15.622729821168967,0.6249091928467587,3.72733929117965e-09,hypothetical scenario
gaussian,0.9,0.17400000000000002,316912.0,7925000.0,7132500.0,55142.688,,299648.2703638397,False,7924999.999999999,15.572192364151395,0.6228876945660557,4.5386426897038525e-09,hypothetical scenario
gaussian,0.9,0.17500000000000002,316912.0,7925000.0,7132500.0,55459.600000000006,,299842.00839748024,False,7924999.999999999,15.521987306133086,0.6208794922453235,5.50828854851974e-09,hypothetical scenario
gaussian,0.9,0.176,316912.0,7925000.0,7132500.0,55776.511999999995,,300036.68698649347,False,7925000.0,15.472111791601971,0.6188844716640789,6.6635149019226905e-09,hypothetical scenario
gaussian,0.9,0.177,316912.0,7925000.0,7132500.0,56093.424,,300232.30065396585,False,7925000.0,15.422562983826948,0.6169025193530779,8.035585672693832e-09,hypothetical scenario
gaussian,0.9,0.178,316912.0,7925000.0,7132500.0,56410.335999999996,,300428.8439775401,False,7924999.999999999,15.373338065274078,0.6149335226109631,9.660281006270223e-09,hypothetical scenario
gaussian,0.9,0.179,316912.0,7925000.0,7132500.0,56727.248,,300626.3115887341,False,7925000.0,15.324434237985693,0.6129773695194277,1.1578432944082731e-08,hypothetical scenario
gaussian,0.9,0.18,316912.0,7925000.0,7132500.0,57044.159999999996,,300824.69817226764,False,7925000.0,15.275848723924668,0.6110339489569867,1.3836508957768746e-08,hypothetical scenario
gaussian,0.9,0.181,316912.0,7925000.0,7132500.0,57361.072,,301023.99846539577,False,7925000.0,15.227578765285909,0.6091031506114364,1.6487245842942992e-08,hypothetical scenario
gaussian,0.9,0.182,316912.0,7925000.0,7132500.0,57677.984,,301224.207257251,False,7925000.0,15.179621624776644,0.6071848649910657,1.9590336431889987e-08,hypothetical scenario
gaussian,0.9,0.183,316912.0,7925000.0,7132500.0,57994.896,,301425.3193881925,False,7925000.0,15.131974585867539,0.6052789834347015,2.3213171528463696e-08,hypothetical scenario
gaussian,0.9,0.184,316912.0,7925000.0,7132500.0,58311.808,,301627.3297491633,False,7925000.0,15.084634953016064,0.6033853981206425,2.7431639395305523e-08,hypothetical scenario
gaussian,0.9,0.185,316912.0,7925000.0,7132500.0,58628.72,,301830.23328105535,False,7925000.0,15.037600051863848,0.6015040020745539,3.2330985033027256e-08,hypothetical scenario
gaussian,0.9,0.186,316912.0,7925000.0,7132500.0,58945.632,,302034.02497408236,False,7925000.0,14.990867229409394,0.5996346891763757,3.800673138319886e-08,hypothetical scenario
gaussian,0.9,0.187,316912.0,7925000.0,7132500.0,59262.544,,302238.69986716023,False,7925000.0,14.944433854157642,0.5977773541663057,4.456566446191434e-08,hypothetical scenario
gaussian,0.9,0.188,316912.0,7925000.0,7132500.0,59579.456,,302444.2530472957,False,7924999.999999999,14.898297316247636,0.5959318926499054,5.212688428861857e-08,hypothetical scenario
gaussian,0.9,0.189,316912.0,7925000.0,7132500.0,59896.368,,302650.67964898184,False,7925000.0,14.852455027559696,0.5940982011023879,6.082292331614066e-08,hypothetical scenario
gaussian,0.9,0.19,316912.0,7925000.0,7132500.0,60213.28,,302857.97485360265,False,7925000.0,14.806904421803086,0.5922761768721234,7.080093389299753e-08,hypothetical scenario
gaussian,0.9,0.191,316912.0,7925000.0,7132500.0,60530.192,,303066.133888844,False,7925000.0,14.761642954585536,0.5904657181834214,8.222394609867018e-08,hypothetical scenario
gaussian,0.9,0.192,316912.0,7925000.0,7132500.0,60847.104,,303275.152028113,False,7925000.0,14.716668103465535,0.5886667241386214,9.527219708747539e-08,hypothetical scenario
gaussian,0.9,0.193,316912.0,7925000.0,7132500.0,61164.016,,303485.0245899649,False,7925000.0,14.671977367988509,0.5868790947195404,1.1014453285777807e-07,hypothetical scenario
gaussian,0.9,0.194,316912.0,7925000.0,7132500.0,61480.928,,303695.7469375371,False,7925000.0,14.627568269707766,0.5851027307883107,1.2705988313159139e-07,hypothetical scenario
gaussian,0.9,0.195,316912.0,7925000.0,7132500.0,61797.840000000004,,303907.3144779916,False,7925000.0,14.583438352191205,0.5833375340876482,1.4625880978627536e-07,hypothetical scenario
gaussian,0.9,0.196,316912.0,7925000.0,7132500.0,62114.752,,304119.7226619638,False,7925000.0,14.53958518101465,0.581583407240586,1.6800512902619298e-07,hypothetical scenario
gaussian,0.9,0.197,316912.0,7925000.0,7132500.0,62431.664000000004,,304332.96698301955,False,7925000.0,14.496006343742534,0.5798402537497014,1.925876072192282e-07,hypothetical scenario
gaussian,0.9,0.198,316912.0,7925000.0,7132500.0,62748.576,,304547.0429771191,False,7925000.0,14.452699449896883,0.5781079779958753,2.2032173005223555e-07,hypothetical scenario
gaussian,0.9,0.199,316912.0,7925000.0,7132500.0,63065.488000000005,,304761.94622208865,False,7925000.0,14.409662130915137,0.5763864852366055,2.515515443823749e-07,hypothetical scenario
gaussian,0.9,0.2,316912.0,7925000.0,7132500.0,63382.4,,304977.67233709875,False,7925000.000000001,14.366892040097701,0.574675681603908,2.866515718791933e-07,hypothetical scenario
gaussian,0.9,0.201,316912.0,7925000.0,7132500.0,63699.312000000005,,305194.21698215016,False,7925000.0,14.324386852545743,0.5729754741018297,3.2602879326688974e-07,hypothetical scenario
gaussian,0.9,0.202,316912.0,7925000.0,7132500.0,64016.224,,305411.5758575665,False,7925000.0,14.282144265089983,0.5712857706035993,3.70124701688902e-07,hypothetical scenario
gaussian,0.9,0.203,316912.0,7925000.0,7132500.0,64333.136000000006,,305629.7447034942,False,7925000.0,14.240161996210944,0.5696064798484377,4.194174234293717e-07,hypothetical scenario
gaussian,0.9,0.20400000000000001,316912.0,7925000.0,7132500.0,64650.048,,305848.7192994093,False,7925000.0,14.198437785951318,0.5679375114380527,4.7442390393960894e-07,hypothetical scenario
gaussian,0.9,0.20500000000000002,316912.0,7925000.0,7132500.0,64966.96000000001,,306068.4954636309,False,7925000.0,14.156969395821006,0.5662787758328403,5.357021568341662e-07,hypothetical scenario
gaussian,0.9,0.20600000000000002,316912.0,7925000.0,7132500.0,65283.872,,306289.0690528413,False,7925000.000000001,14.11575460869527,0.5646301843478108,6.038535732416752e-07,hypothetical scenario
gaussian,0.9,0.20700000000000002,316912.0,7925000.0,7132500.0,65600.784,,306510.4359616136,False,7925000.000000001,14.074791228706404,0.5629916491482562,6.795252886220212e-07,hypothetical scenario
gaussian,0.9,0.20800000000000002,316912.0,7925000.0,7132500.0,65917.69600000001,,306732.592121945,False,7925000.0,14.034077081129642,0.5613630832451857,7.63412603894992e-07,hypothetical scenario
gaussian,0.9,0.209,316912.0,7925000.0,7132500.0,66234.608,,306955.5335027969,False,7925000.000000001,13.99361001226343,0.5597444004905372,8.562614574673742e-07,hypothetical scenario
gaussian,0.9,0.21,316912.0,7925000.0,7132500.0,66551.52,,307179.25610964204,False,7925000.0,13.953387889304626,0.558135515572185,9.58870944497607e-07,hypothetical scenario
gaussian,0.9,0.211,316912.0,7925000.0,7132500.0,66868.432,,307403.75598401704,False,7925000.0,13.913408600219048,0.556536344008762,1.0720958794995939e-06,hypothetical scenario
gaussian,0.9,0.212,316912.0,7925000.0,7132500.0,67185.344,,307629.02920308197,False,7925000.000000001,13.873670053607631,0.5549468021443053,1.1968493981625818e-06,hypothetical scenario
gaussian,0.9,0.213,316912.0,7925000.0,7132500.0,67502.256,,307855.0718791862,False,7925000.000000001,13.834170178568511,0.5533668071427404,1.3341055940522048e-06,hypothetical scenario
gaussian,0.9,0.214,316912.0,7925000.0,7132500.0,67819.168,,308081.88015943946,False,7925000.000000001,13.794906924555622,0.5517962769822249,1.484902185660213e-06,hypothetical scenario
gaussian,0.9,0.215,316912.0,7925000.0,7132500.0,68136.08,,308309.45022529026,False,7925000.000000001,13.755878261233715,0.5502351304493486,1.6503432090880766e-06,hypothetical scenario
gaussian,0.9,0.216,316912.0,7925000.0,7132500.0,68452.992,,308537.77829210914,False,7925000.000000001,13.717082178330456,0.5486832871332182,1.8316017314831133e-06,hypothetical scenario
gaussian,0.9,0.217,316912.0,7925000.0,7132500.0,68769.904,,308766.86060877866,False,7925000.000000001,13.678516685485635,0.5471406674194254,2.0299225801956155e-06,hypothetical scenario
gaussian,0.9,0.218,316912.0,7925000.0,7132500.0,69086.816,,308996.69345728855,False,7925000.000000002,13.640179812097896,0.5456071924839159,2.246625082492948e-06,hypothetical scenario
gaussian,0.9,0.219,316912.0,7925000.0,7132500.0,69403.728,,309227.2731523372,False,7925000.000000002,13.602069607169135,0.5440827842867654,2.483105810550789e-06,hypothetical scenario
gaussian,0.9,0.22,316912.0,7925000.0,7132500.0,69720.64,,309458.5960409382,False,7925000.000000002,13.564184139146858,0.5425673655658744,2.7408413263450336e-06,hypothetical scenario
gaussian,0.9,0.221,316912.0,7925000.0,7132500.0,70037.552,,309690.65850203304,False,7925000.000000003,13.526521495764737,0.5410608598305895,3.0213909209882114e-06,hypothetical scenario
gaussian,0.9,0.222,316912.0,7925000.0,7132500.0,70354.464,,309923.4569461088,False,7925000.000000003,13.489079783881458,0.5395631913552583,3.326399342994174e-06,hypothetical scenario
gaussian,0.9,0.223,316912.0,7925000.0,7132500.0,70671.376,,310156.9878148216,False,7925000.000000004,13.451857129318215,0.5380742851727286,3.6575995099122623e-06,hypothetical scenario
gaussian,0.9,0.224,316912.0,7925000.0,7132500.0,70988.288,,310391.2475806253,False,7925000.000000004,13.41485167669492,0.5365940670677968,4.0168151977489704e-06,hypothetical scenario
gaussian,0.9,0.225,316912.0,7925000.0,7132500.0,71305.2,,310626.2327464054,False,7925000.000000005,13.378061589265352,0.5351224635706141,4.405963702589184e-06,hypothetical scenario
gaussian,0.9,0.226,316912.0,7925000.0,7132500.0,71622.11200000001,,310861.9398451182,False,7925000.000000006,13.341485048751409,0.5336594019500563,4.827058468842682e-06,hypothetical scenario
gaussian,0.9,0.227,316912.0,7925000.0,7132500.0,71939.024,,311098.3654394352,False,7925000.000000006,13.305120255176567,0.5322048102070627,5.282211678571527e-06,hypothetical scenario
gaussian,0.9,0.228,316912.0,7925000.0,7132500.0,72255.936,,311335.5061213919,False,7925000.000000007,13.268965426698836,0.5307586170679535,5.77363679640302e-06,hypothetical scenario
gaussian,0.9,0.229,316912.0,7925000.0,7132500.0,72572.848,,311573.3585120428,False,7925000.000000007,13.233018799443123,0.5293207519777249,6.303651064597541e-06,hypothetical scenario
gaussian,0.9,0.23,316912.0,7925000.0,7132500.0,72889.76000000001,,311811.9192611199,False,7925000.000000009,13.197278627333365,0.5278911450933346,6.874677942922483e-06,hypothetical scenario
gaussian,0.9,0.231,316912.0,7925000.0,7132500.0,73206.672,,312051.1850466972,False,7925000.000000009,13.161743181924388,0.5264697272769755,7.489249488081726e-06,hypothetical scenario
gaussian,0.9,0.232,316912.0,7925000.0,7132500.0,73523.584,,312291.1525748589,False,7925000.00000001,13.126410752233733,0.5250564300893493,8.150008667563266e-06,hypothetical scenario
gaussian,0.9,0.233,316912.0,7925000.0,7132500.0,73840.496,,312531.8185793732,False,7925000.000000011,13.091279644573433,0.5236511857829373,8.859711602894536e-06,hypothetical scenario
gaussian,0.9,0.234,316912.0,7925000.0,7132500.0,74157.40800000001,,312773.17982137017,False,7925000.000000012,13.056348182381901,0.5222539272952761,9.621229737438171e-06,hypothetical scenario
gaussian,0.9,0.23500000000000001,316912.0,7925000.0,7132500.0,74474.32,,313015.2330890242,False,7925000.000000013,13.02161470605614,0.5208645882422456,1.0437551924014494e-05,hypothetical scenario
gaussian,0.9,0.23600000000000002,316912.0,7925000.0,7132500.0,74791.232,,313257.97519724123,False,7925000.000000014,12.987077572784084,0.5194831029113633,1.1311786427806036e-05,hypothetical scenario
gaussian,0.9,0.23700000000000002,316912.0,7925000.0,7132500.0,75108.144,,313501.40298735,False,7925000.000000015,12.952735156377464,0.5181094062550986,1.2247162840175534e-05,hypothetical scenario
gaussian,0.9,0.23800000000000002,316912.0,7925000.0,7132500.0,75425.05600000001,,313745.5133267978,False,7925000.000000017,12.918585847105089,0.5167434338842035,1.3247033899221907e-05,hypothetical scenario
gaussian,0.9,0.23900000000000002,316912.0,7925000.0,7132500.0,75741.96800000001,,313990.30310885055,False,7925000.000000018,12.884628051526636,0.5153851220610655,1.4314877213094277e-05,hypothetical scenario
gaussian,0.9,0.24,316912.0,7925000.0,7132500.0,76058.87999999999,,314235.76925229706,False,7925000.000000019,12.850860192327094,0.5140344076930837,1.5454296882295967e-05,hypothetical scenario
gaussian,0.9,0.241,316912.0,7925000.0,7132500.0,76375.792,,314481.9087011573,False,7925000.00000002,12.81728070815186,0.5126912283260744,1.6669025017422605e-05,hypothetical scenario
gaussian,0.9,0.242,316912.0,7925000.0,7132500.0,76692.704,,314728.7184243948,False,7925000.000000021,12.783888053442585,0.5113555221377034,1.7962923149005337e-05,hypothetical scenario
gaussian,0.9,0.243,316912.0,7925000.0,7132500.0,77009.616,,314976.1954156332,False,7925000.000000023,12.750680698273765,0.5100272279309506,1.9339983526357357e-05,hypothetical scenario
gaussian,0.9,0.244,316912.0,7925000.0,7132500.0,77326.52799999999,,315224.33669288066,False,7924999.999999976,12.717657128189707,0.5087062851275883,2.0804330302557193e-05,hypothetical scenario
gaussian,0.9,0.245,316912.0,7925000.0,7132500.0,77643.44,,315473.1392982384,False,7924999.999999977,12.68481584404491,0.5073926337617964,2.236022060294167e-05,hypothetical scenario
gaussian,0.9,0.246,316912.0,7925000.0,7132500.0,77960.352,,315722.600297652,False,7924999.999999979,12.652155361840334,0.5060862144736133,2.4012045474722966e-05,hypothetical scenario
gaussian,0.9,0.247,316912.0,7925000.0,7132500.0,78277.264,,315972.7167806282,False,7924999.99999998,12.619674212565663,0.5047869685026265,2.576433071559168e-05,hypothetical scenario
gaussian,0.9,0.248,316912.0,7925000.0,7132500.0,78594.17599999999,,316223.4858599741,False,7924999.999999982,12.587370942040078,0.5034948376816031,2.7621737579410466e-05,hypothetical scenario
gaussian,0.9,0.249,316912.0,7925000.0,7132500.0,78911.088,,316474.90467153647,False,7924999.999999985,12.555244110754623,0.502209764430185,2.9589063357357552e-05,hypothetical scenario
gaussian,0.9,0.25,316912.0,7925000.0,7132500.0,79228.0,,316726.97037394467,False,7924999.999999987,12.523292293715595,0.5009316917486238,3.167124183311986e-05,hypothetical scenario
gaussian,0.9,0.251,316912.0,7925000.0,7132500.0,79544.912,,316979.680148357,False,7924999.99999999,12.4915140802891,0.499660563211564,3.387334361098921e-05,hypothetical scenario
gaussian,0.9,0.252,316912.0,7925000.0,7132500.0,79861.82400000001,,317233.0311982108,False,7924999.999999992,12.45990807404671,0.4983963229618684,3.620057631595862e-05,hypothetical scenario
gaussian,0.9,0.253,316912.0,7925000.0,7132500.0,80178.736,,317487.02074897534,False,7924999.999999994,12.428472892612353,0.49713891570449414,3.865828466515987e-05,hypothetical scenario
gaussian,0.9,0.254,316912.0,7925000.0,7132500.0,80495.648,,317741.6460479091,False,7924999.999999997,12.39720716751032,0.4958882867004128,4.12519504102262e-05,hypothetical scenario
gaussian,0.9,0.255,316912.0,7925000.0,7132500.0,80812.56,,317996.9043638196,False,7925000.0,12.366109544014524,0.49464438176058095,4.398719215040226e-05,hypothetical scenario
gaussian,0.9,0.256,316912.0,7925000.0,7132500.0,81129.47200000001,,318252.79298682674,False,7925000.0,12.335178680998983,0.4934071472399593,4.6869765016455296e-05,hypothetical scenario
gaussian,0.9,0.257,316912.0,7925000.0,7132500.0,81446.384,,318509.3092281289,False,7925000.0,12.304413250789656,0.49217653003158623,4.990556022567486e-05,hypothetical scenario
gaussian,0.9,0.258,316912.0,7925000.0,7132500.0,81763.296,,318766.45041977364,False,7925000.0,12.273811939017303,0.49095247756069216,5.310060450847341e-05,hypothetical scenario
gaussian,0.9,0.259,316912.0,7925000.0,7132500.0,82080.208,,319024.2139144296,False,7925000.0,12.243373444471887,0.4897349377788755,5.6461059407311624e-05,hypothetical scenario
gaussian,0.9,0.26,316912.0,7925000.0,7132500.0,82397.12000000001,,319282.59708516323,False,7925000.0,12.213096478958073,0.4885238591583229,5.9993220448899674e-05,hypothetical scenario
gaussian,0.9,0.261,316912.0,7925000.0,7132500.0,82714.032,,319541.59732521727,False,7925000.0,12.182979767152167,0.4873191906860867,6.370351619081719e-05,hypothetical scenario
gaussian,0.9,0.262,316912.0,7925000.0,7132500.0,83030.944,,319801.212047793,False,7925000.0,12.153022046460277,0.48612088185841107,6.759850714390826e-05,hypothetical scenario
gaussian,0.9,0.263,316912.0,7925000.0,7132500.0,83347.856,,320061.43868583493,False,7925000.0,12.123222066877833,0.4849288826751133,7.16848845719897e-05,hypothetical scenario
gaussian,0.9,0.264,316912.0,7925000.0,7132500.0,83664.76800000001,,320322.2746918188,False,7925000.0,12.09357859085043,0.4837431436340172,7.596946917060706e-05,hypothetical scenario
gaussian,0.9,0.265,316912.0,7925000.0,7132500.0,83981.68000000001,,320583.71753754216,False,7925000.0,12.064090393135986,0.48256361572543943,8.045920962674033e-05,hypothetical scenario
gaussian,0.9,0.266,316912.0,7925000.0,7132500.0,84298.592,,320845.76471391786,False,7925000.0,12.034756260668242,0.48139025042672967,8.51611810615419e-05,hypothetical scenario
gaussian,0.9,0.267,316912.0,7925000.0,7132500.0,84615.504,,321108.4137307701,False,7925000.0,12.005574992421632,0.48022299969686527,9.008258335834178e-05,hypothetical scenario
gaussian,0.9,0.268,316912.0,7925000.0,7132500.0,84932.41600000001,,321371.6621166337,False,7925000.0,11.976545399277423,0.4790618159710969,9.523073937831551e-05,hypothetical scenario
gaussian,0.9,0.269,316912.0,7925000.0,7132500.0,85249.32800000001,,321635.5074185555,False,7925000.0,11.947666303891271,0.47790665215565087,0.00010061309306635517,hypothetical scenario
gaussian,0.9,0.27,316912.0,7925000.0,7132500.0,85566.24,,321899.94720189855,False,7925000.0,11.918936540562065,0.4767574616224826,0.00010623720744981464,hypothetical scenario
gaussian,0.9,0.271,316912.0,7925000.0,7132500.0,85883.152,,322164.97905014927,False,7925000.0,11.89035495510214,0.47561419820408557,0.00011211076253293826,hypothetical scenario
gaussian,0.9,0.272,316912.0,7925000.0,7132500.0,86200.06400000001,,322430.60056472657,False,7925000.0,11.861920404708817,0.4744768161883527,0.00011824155308989318,hypothetical scenario
gaussian,0.9,0.273,316912.0,7925000.0,7132500.0,86516.97600000001,,322696.80936479394,False,7925000.0,11.833631757837287,0.4733452703134915,0.00012463748635944158,hypothetical scenario
gaussian,0.9,0.274,316912.0,7925000.0,7132500.0,86833.888,,322963.6030870737,False,7925000.0,11.80548789407483,0.4722195157629932,0.00013130657964439176,hypothetical scenario
gaussian,0.9,0.275,316912.0,7925000.0,7132500.0,87150.8,,323230.9793856642,False,7925000.0,11.777487704016334,0.4710995081606534,0.00013825695781905753,hypothetical scenario
gaussian,0.9,0.276,316912.0,7925000.0,7132500.0,87467.71200000001,,323498.9359318588,False,7925000.0,11.749630089141185,0.4699852035656474,0.00014549685074804686,hypothetical scenario
gaussian,0.9,0.277,316912.0,7925000.0,7132500.0,87784.62400000001,,323767.47041396727,False,7925000.0,11.721913961691477,0.4688765584676591,0.00015303459061976544,hypothetical scenario
gaussian,0.9,0.278,316912.0,7925000.0,7132500.0,88101.53600000001,,324036.5805371403,False,7925000.0,11.694338244551481,0.46777352978205927,0.0001608786091981148,hypothetical scenario
gaussian,0.9,0.279,316912.0,7925000.0,7132500.0,88418.448,,324306.2640231955,False,7925000.0,11.666901871128479,0.4666760748451392,0.000169037434995891,hypothetical scenario
gaussian,0.9,0.28,316912.0,7925000.0,7132500.0,88735.36000000002,,324576.51861044567,False,7925000.0,11.63960378523489,0.4655841514093956,0.00017751969037347104,hypothetical scenario
gaussian,0.9,0.281,316912.0,7925000.0,7132500.0,89052.27200000001,,324847.34205352986,False,7925000.0,11.612442940971683,0.4644977176388673,0.00018633408856640692,hypothetical scenario
gaussian,0.9,0.28200000000000003,316912.0,7925000.0,7132500.0,89369.18400000001,,325118.7321232463,False,7925000.0,11.585418302613077,0.46341673210452305,0.00019548943064558337,hypothetical scenario
gaussian,0.9,0.28300000000000003,316912.0,7925000.0,7132500.0,89686.096,,325390.6866063872,False,7925000.0,11.558528844492546,0.46234115377970186,0.0002049946024136303,hypothetical scenario
gaussian,0.9,0.28400000000000003,316912.0,7925000.0,7132500.0,90003.00800000002,,325663.2033055763,False,7925000.0,11.531773550890062,0.4612709420356025,0.00021485857124129627,hypothetical scenario
gaussian,0.9,0.28500000000000003,316912.0,7925000.0,7132500.0,90319.92000000001,,325936.28003910783,False,7925000.0,11.505151415920652,0.46020605663682607,0.00022509038284750777,hypothetical scenario
gaussian,0.9,0.28600000000000003,316912.0,7925000.0,7132500.0,90636.83200000001,,326209.91464078834,False,7925000.0,11.47866144342415,0.459146457736966,0.0002356991580268595,hypothetical scenario
gaussian,0.9,0.28700000000000003,316912.0,7925000.0,7132500.0,90953.744,,326484.1049597797,False,7925000.0,11.452302646856253,0.45809210587425014,0.00024669408932824813,hypothetical scenario
gaussian,0.9,0.28800000000000003,316912.0,7925000.0,7132500.0,91270.65600000002,,326758.8488604447,False,7925000.0,11.426074049180803,0.45704296196723215,0.00025808443768840343,hypothetical scenario
gaussian,0.9,0.289,316912.0,7925000.0,7132500.0,91587.568,,327034.1442221942,False,7925000.0,11.399974682763277,0.45599898731053107,0.00026987952902401345,hypothetical scenario
gaussian,0.9,0.29,316912.0,7925000.0,7132500.0,91904.48,,327309.988939337,False,7925000.0,11.374003589265499,0.4549601435706199,0.00028208875078616945,hypothetical scenario
gaussian,0.9,0.291,316912.0,7925000.0,7132500.0,92221.39199999999,,327586.3809209304,False,7925000.0,11.348159819541614,0.4539263927816646,0.00029472154848078305,hypothetical scenario
gaussian,0.9,0.292,316912.0,7925000.0,7132500.0,92538.30399999999,,327863.31809063384,False,7925000.0,11.32244243353518,0.45289769734140717,0.00030778742215864524,hypothetical scenario
gaussian,0.9,0.293,316912.0,7925000.0,7132500.0,92855.216,,328140.7983865634,False,7925000.0,11.29685050017754,0.4518740200071016,0.000321295922878744,hypothetical scenario
gaussian,0.9,0.294,316912.0,7925000.0,7132500.0,93172.128,,328418.819761149,False,7925000.0,11.271383097287288,0.4508553238914915,0.0003352566491484021,hypothetical scenario
gaussian,0.9,0.295,316912.0,7925000.0,7132500.0,93489.04,,328697.38018099294,False,7925000.0,11.246039311470971,0.4498415724588389,0.00034967924334379486,hypothetical scenario
gaussian,0.9,0.296,316912.0,7925000.0,7132500.0,93805.95199999999,,328976.47762673,False,7925000.0,11.220818238024927,0.44883272952099706,0.0003645733881143164,hypothetical scenario
gaussian,0.9,0.297,316912.0,7925000.0,7132500.0,94122.864,,329256.1100928899,False,7925000.0,11.19571898083825,0.44782875923352994,0.0003799488027742443,hypothetical scenario
gaussian,0.9,0.298,316912.0,7925000.0,7132500.0,94439.776,,329536.2755877609,False,7925000.0,11.170740652296946,0.4468296260918778,0.00039581523968507755,hypothetical scenario
gaussian,0.9,0.299,316912.0,7925000.0,7132500.0,94756.688,,329816.9721332555,False,7925000.0,11.145882373189151,0.445835294927566,0.000412182480631873,hypothetical scenario
gaussian,0.9,0.3,316912.0,7925000.0,7132500.0,95073.59999999999,,330098.1977647775,False,7925000.0,11.121143272611528,0.4448457309044611,0.0004290603331968372,hypothetical scenario
gaussian,0.95,0.0,316912.0,7925000.0,7528750.0,0.0,,301062.0,False,7925000.0,25.0,1.0,0.0,hypothetical scenario
gaussian,0.95,0.001,316912.0,7925000.0,7528750.0,316.91200000000003,,301062.0,False,7925000.0,25.0,1.0,0.0,hypothetical scenario
gaussian,0.95,0.002,316912.0,7925000.0,7528750.0,633.8240000000001,,301062.0,False,7925000.0,25.0,1.0,0.0,hypothetical scenario
gaussian,0.95,0.003,316912.0,7925000.0,7528750.0,950.736,,301062.0,False,7925000.0,25.0,1.0,0.0,hypothetical scenario
gaussian,0.95,0.004,316912.0,7925000.0,7528750.0,1267.6480000000001,,301062.0,False,7925000.0,25.0,1.0,0.0,hypothetical scenario
gaussian,0.95,0.005,316912.0,7925000.0,7528750.0,1584.56,,301062.0,False,7925000.0,25.0,1.0,0.0,hypothetical scenario
gaussian,0.95,0.006,316912.0,7925000.0,7528750.0,1901.472,,301062.0,False,7925000.0,25.0,1.0,0.0,hypothetical scenario
gaussian,0.95,0.007,316912.0,7925000.0,7528750.0,2218.384,,301062.0000000001,False,7925000.0,24.999999999988738,0.9999999999995495,0.0,hypothetical scenario
gaussian,0.95,0.008,316912.0,7925000.0,7528750.0,2535.2960000000003,,301062.0000000786,False,7924999.999999999,24.999999994926046,0.9999999997970419,0.0,hypothetical scenario
gaussian,0.95,0.009000000000000001,316912.0,7925000.0,7528750.0,2852.2080000000005,,301062.0000066435,False,7925000.0,24.99999965712946,0.9999999862851784,0.0,hypothetical scenario
gaussian,0.95,0.01,316912.0,7925000.0,7528750.0,3169.12,,301062.0001681697,False,7925000.000000001,24.999992885133988,0.9999997154053595,0.0,hypothetical scenario
gaussian,0.95,0.011,316912.0,7925000.0,7528750.0,3486.0319999999997,,301062.00192346645,False,7925000.0,24.999931888249606,0.9999972755299842,0.0,hypothetical scenario
gaussian,0.95,0.012,316912.0,7925000.0,7528750.0,3802.944,,301062.0127486945,False,7925000.0,24.99961559225106,0.9999846236900425,0.0,hypothetical scenario
gaussian,0.95,0.013000000000000001,316912.0,7925000.0,7528750.0,4119.856000000001,,301062.05733029835,False,7925000.0,24.99850660536097,0.9999402642144388,0.0,hypothetical scenario
gaussian,0.95,0.014,316912.0,7925000.0,7528750.0,4436.768,,301062.19409756426,False,7925000.000000002,24.995578046556595,0.9998231218622639,0.0,hypothetical scenario
gaussian,0.95,0.015,316912.0,7925000.0,7528750.0,4753.679999999999,,301062.53112484846,False,7925000.0,24.989304829485025,0.999572193179401,0.0,hypothetical scenario
gaussian,0.95,0.016,316912.0,7925000.0,7528750.0,5070.592000000001,,301063.23468707636,False,7925000.0,24.977821487596753,0.9991128595038701,0.0,hypothetical scenario
gaussian,0.95,0.017,316912.0,7925000.0,7528750.0,5387.504000000001,,301064.5274339611,False,7925000.0,24.95917481449161,0.9983669925796644,0.0,hypothetical scenario
gaussian,0.95,0.018000000000000002,316912.0,7925000.0,7528750.0,5704.416000000001,,301066.6775985252,False,7924999.999999999,24.931574709055898,0.9972629883622359,0.0,hypothetical scenario
gaussian,0.95,0.019,316912.0,7925000.0,7528750.0,6021.3279999999995,,301069.98311534396,False,7925000.0,24.893577406261,0.99574309625044,0.0,hypothetical scenario
gaussian,0.95,0.02,316912.0,7925000.0,7528750.0,6338.24,,301074.75467881595,False,7925000.000000001,24.84417979601295,0.993767191840518,0.0,hypothetical scenario
gaussian,0.95,0.021,316912.0,7925000.0,7528750.0,6655.152,,301081.3006235114,False,7925000.0,24.782835290953944,0.9913134116381578,0.0,hypothetical scenario
gaussian,0.95,0.022,316912.0,7925000.0,7528750.0,6972.063999999999,,301089.9150906759,False,7925000.0,24.709415300984716,0.9883766120393886,0.0,hypothetical scenario
gaussian,0.95,0.023,316912.0,7925000.0,7528750.0,7288.976,,301100.8698233226,False,7925000.0,24.624141040841224,0.984965641633649,0.0,hypothetical scenario
gaussian,0.95,0.024,316912.0,7925000.0,7528750.0,7605.888,,301114.4092550354,False,7924999.999999998,24.527504986438604,0.9811001994575441,0.0,hypothetical scenario
gaussian,0.95,0.025,316912.0,7925000.0,7528750.0,7922.8,,301130.74825528316,False,7925000.0,24.420194558830694,0.9768077823532277,0.0,hypothetical scenario
gaussian,0.95,0.026000000000000002,316912.0,7925000.0,7528750.0,8239.712000000001,,301150.0718359909,False,7925000.0,24.303024867130453,0.9721209946852182,0.0,hypothetical scenario
gaussian,0.95,0.027,316912.0,7925000.0,7528750.0,8556.624,,301172.5361946649,False,7925000.0,24.176883269157585,0.9670753307663034,1.4519203135967527e-300,hypothetical scenario
gaussian,0.95,0.028,316912.0,7925000.0,7528750.0,8873.536,,301198.27059000346,False,7925000.0,24.042685994113853,0.9617074397645541,1.1863331143132045e-279,hypothetical scenario
gaussian,0.95,0.029,316912.0,7925000.0,7528750.0,9190.448,,301227.3796720557,False,7925000.0,23.901345727104573,0.9560538290841829,7.272870124361782e-261,hypothetical scenario
gaussian,0.95,0.03,316912.0,7925000.0,7528750.0,9507.359999999999,,301259.945999742,False,7924999.999999999,23.753748482251503,0.9501499392900601,6.35227312020053e-244,hypothetical scenario
gaussian,0.95,0.031,316912.0,7925000.0,7528750.0,9824.271999999999,,301296.03256699204,False,7925000.0,23.600737975145485,0.9440295190058194,1.355774299001506e-228,hypothetical scenario
gaussian,0.95,0.032,316912.0,7925000.0,7528750.0,10141.184000000001,,301335.6852251209,False,7924999.999999997,23.443105830039286,0.9377242332015715,1.1162564144637098e-214,hypothetical scenario
gaussian,0.95,0.033,316912.0,7925000.0,7528750.0,10458.096000000001,,301378.9349365765,False,7925000.000000001,23.28158618700099,0.9312634474800396,5.228339382065224e-202,hypothetical scenario
gaussian,0.95,0.034,316912.0,7925000.0,7528750.0,10775.008000000002,,301425.7998278702,False,7924999.999999999,23.116853531379185,0.9246741412551674,1.9420228696683258e-190,hypothetical scenario
gaussian,0.95,0.035,316912.0,7925000.0,7528750.0,11091.920000000002,,301476.2870310892,False,7925000.000000001,22.94952281190729,0.9179809124762915,7.610161632956026e-180,hypothetical scenario
gaussian,0.95,0.036000000000000004,316912.0,7925000.0,7528750.0,11408.832000000002,,301530.3943170344,False,7925000.0,22.780151126659558,0.9112060450663823,4.0250203706699705e-170,hypothetical scenario
gaussian,0.95,0.037,316912.0,7925000.0,7528750.0,11725.743999999999,,301588.11153110996,False,7925000.0,22.609240432620297,0.9043696173048119,3.557168156783019e-161,hypothetical scenario
gaussian,0.95,0.038,316912.0,7925000.0,7528750.0,12042.655999999999,,301649.4218474431,False,7925000.0,22.437240876090332,0.8974896350436132,6.325473794806237e-153,hypothetical scenario
gaussian,0.95,0.039,316912.0,7925000.0,7528750.0,12359.568,,301714.3028585934,False,7925000.0,22.264554451715725,0.8905821780686289,2.662040933648429e-145,hypothetical scenario
gaussian,0.95,0.04,316912.0,7925000.0,7528750.0,12676.48,,301782.7275185373,False,7925000.0,22.091538782669275,0.883661551306771,3.056696706382561e-138,hypothetical scenario
gaussian,0.95,0.041,316912.0,7925000.0,7528750.0,12993.392,,301854.66495599534,False,7925000.0,21.918510878439402,0.876740435137576,1.0852958612678295e-131,hypothetical scenario
gaussian,0.95,0.042,316912.0,7925000.0,7528750.0,13310.304,,301930.0811740233,False,7925000.000000001,21.745750774213494,0.8698300309685397,1.3306188364645698e-125,hypothetical scenario
gaussian,0.95,0.043000000000000003,316912.0,7925000.0,7528750.0,13627.216,,302008.9396503819,False,7925000.000000001,21.573504990705466,0.8629401996282187,6.211706228587909e-120,hypothetical scenario
gaussian,0.95,0.044,316912.0,7925000.0,7528750.0,13944.127999999999,,302091.2018517093,False,7924999.999999993,21.40198977848319,0.8560795911393276,1.2041897029906812e-114,hypothetical scenario
gaussian,0.95,0.045,316912.0,7925000.0,7528750.0,14261.039999999999,,302176.8276730413,False,7925000.0,21.231394128788654,0.8492557651515462,1.0472301409582247e-109,hypothetical scenario
gaussian,0.95,0.046,316912.0,7925000.0,7528750.0,14577.952,,302265.7758128458,False,7925000.0,21.061882545354504,0.8424753018141802,4.377078080897577e-105,hypothetical scenario
gaussian,0.95,0.047,316912.0,7925000.0,7528750.0,14894.864,,302358.00409243,False,7925000.0,20.893597580246194,0.8357439032098477,9.351979283329529e-101,hypothetical scenario
gaussian,0.95,0.048,316912.0,7925000.0,7528750.0,15211.776,,302453.46972745383,False,7925000.0,20.72666214234207,0.8290664856936829,1.0794982608395087e-96,hypothetical scenario
gaussian,0.95,0.049,316912.0,7925000.0,7528750.0,15528.688,,302552.12955822935,False,7925000.0,20.56118159055358,0.8224472636221433,7.075155675118959e-93,hypothetical scenario
gaussian,0.95,0.05,316912.0,7925000.0,7528750.0,15845.6,,302653.9402445916,False,7925000.0,20.397245625856687,0.8158898250342674,2.7536241186061556e-89,hypothetical scenario
gaussian,0.95,0.051000000000000004,316912.0,7925000.0,7528750.0,16162.512,,302758.8584303292,False,7925000.0,20.234929997118883,0.8093971998847553,6.626715424496266e-86,hypothetical scenario
gaussian,0.95,0.052000000000000005,316912.0,7925000.0,7528750.0,16479.424000000003,,302866.8408814729,False,7925000.0,20.074298035886766,0.8029719214354707,1.022856259359207e-82,hypothetical scenario
gaussian,0.95,0.053,316912.0,7925000.0,7528750.0,16796.336,,302977.84460214316,False,7925000.0,19.915402034988677,0.7966160813995471,1.0468052461257875e-79,hypothetical scenario
gaussian,0.95,0.054,316912.0,7925000.0,7528750.0,17113.248,,303091.82693113876,False,7925000.0,19.75828448517925,0.79033137940717,7.320534120644655e-77,hypothetical scenario
gaussian,0.95,0.055,316912.0,7925000.0,7528750.0,17430.16,,303208.74562200636,False,7925000.0,19.602979183232545,0.7841191673293018,3.5954803508438554e-74,hypothetical scenario
gaussian,0.95,0.056,316912.0,7925000.0,7528750.0,17747.072,,303328.5589089436,False,7924999.999999999,19.4495122239669,0.777980488958676,1.2716460773002787e-71,hypothetical scenario
gaussian,0.95,0.057,316912.0,7925000.0,7528750.0,18063.984,,303451.2255605612,False,7924999.999999999,19.297902887717832,0.7719161155087133,3.313483837424271e-69,hypothetical scenario
gaussian,0.95,0.058,316912.0,7925000.0,7528750.0,18380.896,,303576.70492324536,False,7924999.999999998,19.14816443380861,0.7659265773523444,6.495008767824641e-67,hypothetical scenario
gaussian,0.95,0.059000000000000004,316912.0,7925000.0,7528750.0,18697.808,,303704.95695561805,False,7924999.999999996,19.000304809629416,0.7600121923851766,9.762392560234153e-65,hypothetical scenario
gaussian,0.95,0.06,316912.0,7925000.0,7528750.0,19014.719999999998,,303835.9422553838,False,7924999.999999992,18.85432728404143,0.7541730913616572,1.1450742312621194e-62,hypothetical scenario
gaussian,0.95,0.061,316912.0,7925000.0,7528750.0,19331.631999999998,,303969.6220796719,False,7925000.000000002,18.710231012984686,0.7484092405193874,1.0651526382398323e-60,hypothetical scenario
gaussian,0.95,0.062,316912.0,7925000.0,7528750.0,19648.543999999998,,304105.9583598331,False,7925000.0,18.568011544388284,0.7427204617755314,7.975007009299747e-59,hypothetical scenario
gaussian,0.95,0.063,316912.0,7925000.0,7528750.0,19965.456000000002,,304244.9137115026,False,7925000.0,18.427661268773832,0.7371064507509533,4.8721942230337506e-57,hypothetical scenario
gaussian,0.95,0.064,316912.0,7925000.0,7528750.0,20282.368000000002,,304386.45144065155,False,7924999.999999999,18.28916982127852,0.7315667928511408,2.45960804336852e-55,hypothetical scenario
gaussian,0.95,0.065,316912.0,7925000.0,7528750.0,20599.280000000002,,304530.5355462268,False,7925000.0,18.152524440242207,0.7261009776096883,1.0380322395814411e-53,hypothetical scenario
gaussian,0.95,0.066,316912.0,7925000.0,7528750.0,20916.192000000003,,304677.13071990956,False,7925000.0,18.017710286958888,0.7207084114783555,3.701990027108047e-52,hypothetical scenario
gaussian,0.95,0.067,316912.0,7925000.0,7528750.0,21233.104000000003,,304826.2023434453,False,7925000.0,17.8847107307113,0.715388429228452,1.126856788758045e-50,hypothetical scenario
gaussian,0.95,0.068,316912.0,7925000.0,7528750.0,21550.016000000003,,304977.7164839345,False,7925000.0,17.753507602771478,0.7101403041108592,2.9547789220985938e-49,hypothetical scenario
gaussian,0.95,0.069,316912.0,7925000.0,7528750.0,21866.928000000004,,305131.63988742285,False,7925000.0,17.624081422658577,0.7049632569063431,6.731767540207991e-48,hypothetical scenario
gaussian,0.95,0.07,316912.0,7925000.0,7528750.0,22183.840000000004,,305287.93997107865,False,7925000.0,17.496411599595703,0.6998564639838282,1.3432042673007552e-46,hypothetical scenario
gaussian,0.95,0.07100000000000001,316912.0,7925000.0,7528750.0,22500.752000000004,,305446.58481420873,False,7925000.0,17.37047661179314,0.6948190644717256,2.36473730984523e-45,hypothetical scenario
gaussian,0.95,0.07200000000000001,316912.0,7925000.0,7528750.0,22817.664000000004,,305607.54314832727,False,7925000.0,17.24625416590544,0.6898501666362177,3.69869717173558e-44,hypothetical scenario
gaussian,0.95,0.073,316912.0,7925000.0,7528750.0,23134.575999999997,,305770.78434646246,False,7925000.0,17.123721338759356,0.6849488535503743,5.1728873266439785e-43,hypothetical scenario
gaussian,0.95,0.074,316912.0,7925000.0,7528750.0,23451.487999999998,,305936.2784118603,False,7925000.0,17.00285470322587,0.6801141881290349,6.50791067341478e-42,hypothetical scenario
gaussian,0.95,0.075,316912.0,7925000.0,7528750.0,23768.399999999998,,306103.99596622156,False,7925000.0,16.883630439910192,0.6753452175964076,7.40641277190706e-41,hypothetical scenario
gaussian,0.95,0.076,316912.0,7925000.0,7528750.0,24085.311999999998,,306273.9082375898,False,7925000.0,16.766024436155277,0.6706409774462111,7.66489962542909e-40,hypothetical scenario
gaussian,0.95,0.077,316912.0,7925000.0,7528750.0,24402.224,,306445.98704798985,False,7925000.0,16.650012373696097,0.6660004949478439,7.248782251996473e-39,hypothetical scenario
gaussian,0.95,0.078,316912.0,7925000.0,7528750.0,24719.136,,306620.204800903,False,7925000.0,16.53556980615961,0.6614227922463845,6.293264487662663e-38,hypothetical scenario
gaussian,0.95,0.079,316912.0,7925000.0,7528750.0,25036.048,,306796.5344686519,False,7925000.0,16.422672227479485,0.6569068890991794,5.0373989001384115e-37,hypothetical scenario
gaussian,0.95,0.08,316912.0,7925000.0,7528750.0,25352.96,,306974.94957975706,False,7925000.0,16.311295132181826,0.652451805287273,3.732564298877714e-36,hypothetical scenario
gaussian,0.95,0.081,316912.0,7925000.0,7528750.0,25669.872,,307155.42420631775,False,7925000.0,16.201414068397053,0.6480565627358821,2.5699379306760657e-35,hypothetical scenario
gaussian,0.95,0.082,316912.0,7925000.0,7528750.0,25986.784,,307337.9329514621,False,7925000.0,16.093004684364065,0.6437201873745626,1.6500479453856172e-34,hypothetical scenario
gaussian,0.95,0.083,316912.0,7925000.0,7528750.0,26303.696,,307522.4509369028,False,7925000.0,15.98604276911221,0.6394417107644884,9.912446932408246e-34,hypothetical scenario
gaussian,0.95,0.084,316912.0,7925000.0,7528750.0,26620.608,,307708.9537906307,False,7925000.0,15.88050428793481,0.6352201715173924,5.589095077053989e-33,hypothetical scenario
gaussian,0.95,0.085,316912.0,7925000.0,7528750.0,26937.52,,307897.41763477173,False,7924999.999999999,15.776365413204562,0.6310546165281825,2.966637767200531e-32,hypothetical scenario
gaussian,0.95,0.08600000000000001,316912.0,7925000.0,7528750.0,27254.432,,308087.81907362776,False,7924999.999999999,15.673602551023846,0.6269441020409539,1.4864891237142196e-31,hypothetical scenario
gaussian,0.95,0.08700000000000001,316912.0,7925000.0,7528750.0,27571.344,,308280.13518191985,False,7925000.0,15.572192364151395,0.6228876945660557,7.049782574595327e-31,hypothetical scenario
gaussian,0.95,0.088,316912.0,7925000.0,7528750.0,27888.255999999998,,308474.34349324676,False,7925000.0,15.47211179160196,0.6188844716640785,3.172375201585731e-30,hypothetical scenario
gaussian,0.95,0.089,316912.0,7925000.0,7528750.0,28205.167999999998,,308670.42198877,False,7925000.0,15.373338065274087,0.6149335226109635,1.357707060984065e-29,hypothetical scenario
gaussian,0.95,0.09,316912.0,7925000.0,7528750.0,28522.079999999998,,308868.3490861338,False,7925000.0,15.275848723924668,0.6110339489569867,5.538625235798006e-29,hypothetical scenario
gaussian,0.95,0.091,316912.0,7925000.0,7528750.0,28838.992,,309068.1036286255,False,7925000.0,15.179621624776644,0.6071848649910657,2.158148891162413e-28,hypothetical scenario
gaussian,0.95,0.092,316912.0,7925000.0,7528750.0,29155.904,,309269.6648745816,False,7925000.0,15.08463495301607,0.6033853981206428,8.048304124738076e-28,hypothetical scenario
gaussian,0.95,0.093,316912.0,7925000.0,7528750.0,29472.816,,309473.0124870412,False,7925000.0,14.990867229409394,0.5996346891763757,2.8779614695630915e-27,hypothetical scenario
gaussian,0.95,0.094,316912.0,7925000.0,7528750.0,29789.728,,309678.1265236478,False,7925000.0,14.898297316247646,0.5959318926499059,9.88539927045986e-27,hypothetical scenario
gaussian,0.95,0.095,316912.0,7925000.0,7528750.0,30106.64,,309884.98742680135,False,7925000.0,14.806904421803074,0.592276176872123,3.267102638517099e-26,hypothetical scenario
gaussian,0.95,0.096,316912.0,7925000.0,7528750.0,30423.552,,310093.5760140565,False,7925000.0,14.716668103465535,0.5886667241386214,1.0405992529096929e-25,hypothetical scenario
gaussian,0.95,0.097,316912.0,7925000.0,7528750.0,30740.464,,310303.87346876855,False,7925000.0,14.627568269707766,0.5851027307883107,3.198996362831056e-25,hypothetical scenario
gaussian,0.95,0.098,316912.0,7925000.0,7528750.0,31057.376,,310515.8613309819,False,7925000.0,14.53958518101465,0.581583407240586,9.5055550097923e-25,hypothetical scenario
gaussian,0.95,0.099,316912.0,7925000.0,7528750.0,31374.288,,310729.52148855955,False,7925000.0,14.452699449896883,0.5781079779958753,2.733803941776382e-24,hypothetical scenario
gaussian,0.95,0.1,316912.0,7925000.0,7528750.0,31691.2,,310944.8361685494,False,7925000.0,14.366892040097701,0.574675681603908,7.61985302416047e-24,hypothetical scenario
gaussian,0.95,0.101,316912.0,7925000.0,7528750.0,32008.112,,311161.7879287832,False,7925000.0,14.282144265089991,0.5712857706035996,2.0608701709750275e-23,hypothetical scenario
gaussian,0.95,0.10200000000000001,316912.0,7925000.0,7528750.0,32325.024,,311380.35964970465,False,7925000.0,14.198437785951318,0.5679375114380527,5.414880119089713e-23,hypothetical scenario
gaussian,0.95,0.10300000000000001,316912.0,7925000.0,7528750.0,32641.936,,311600.53452642064,False,7925000.0,14.11575460869527,0.5646301843478108,1.3837129582008137e-22,hypothetical scenario
gaussian,0.95,0.10400000000000001,316912.0,7925000.0,7528750.0,32958.848000000005,,311822.2960609725,False,7925000.0,14.034077081129642,0.5613630832451857,3.4425774199790195e-22,hypothetical scenario
gaussian,0.95,0.105,316912.0,7925000.0,7528750.0,33275.76,,312045.62805482105,False,7925000.0,13.953387889304617,0.5581355155721847,8.347217042670736e-22,hypothetical scenario
gaussian,0.95,0.106,316912.0,7925000.0,7528750.0,33592.672,,312270.514601541,False,7925000.000000001,13.873670053607631,0.5549468021443053,1.9744179277994446e-21,hypothetical scenario
gaussian,0.95,0.107,316912.0,7925000.0,7528750.0,33909.584,,312496.94007971976,False,7925000.0,13.794906924555614,0.5517962769822246,4.560111729275323e-21,hypothetical scenario
gaussian,0.95,0.108,316912.0,7925000.0,7528750.0,34226.496,,312724.8891460546,False,7925000.000000001,13.717082178330456,0.5486832871332182,1.0292766643048364e-20,hypothetical scenario
gaussian,0.95,0.109,316912.0,7925000.0,7528750.0,34543.408,,312954.3467286443,False,7925000.000000001,13.640179812097896,0.5456071924839159,2.2723375636919237e-20,hypothetical scenario
gaussian,0.95,0.11,316912.0,7925000.0,7528750.0,34860.32,,313185.2980204691,False,7925000.000000002,13.564184139146867,0.5425673655658747,4.9107183993403226e-20,hypothetical scenario
gaussian,0.95,0.111,316912.0,7925000.0,7528750.0,35177.232,,313417.7284730544,False,7925000.000000001,13.489079783881449,0.539563191355258,1.0396340463431782e-19,hypothetical scenario
gaussian,0.95,0.112,316912.0,7925000.0,7528750.0,35494.144,,313651.6237903126,False,7925000.000000002,13.414851676694928,0.5365940670677971,2.1577261240133157e-19,hypothetical scenario
gaussian,0.95,0.113,316912.0,7925000.0,7528750.0,35811.056000000004,,313886.9699225591,False,7925000.000000003,13.341485048751409,0.5336594019500563,4.393348308188772e-19,hypothetical scenario
gaussian,0.95,0.114,316912.0,7925000.0,7528750.0,36127.968,,314123.75306069595,False,7925000.000000004,13.268965426698836,0.5307586170679535,8.781492668893647e-19,hypothetical scenario
gaussian,0.95,0.115,316912.0,7925000.0,7528750.0,36444.880000000005,,314361.95963055996,False,7925000.000000005,13.197278627333365,0.5278911450933346,1.7242165276635569e-18,hypothetical scenario
gaussian,0.95,0.116,316912.0,7925000.0,7528750.0,36761.792,,314601.57628742943,False,7925000.000000006,13.126410752233742,0.5250564300893497,3.327602843691051e-18,hypothetical scenario
gaussian,0.95,0.117,316912.0,7925000.0,7528750.0,37078.704000000005,,314842.5899106851,False,7925000.000000006,13.056348182381901,0.5222539272952761,6.3159920513630295e-18,hypothetical scenario
gaussian,0.95,0.11800000000000001,316912.0,7925000.0,7528750.0,37395.616,,315084.9875986206,False,7925000.000000007,12.987077572784091,0.5194831029113637,1.1796835822032157e-17,hypothetical scenario
gaussian,0.95,0.11900000000000001,316912.0,7925000.0,7528750.0,37712.528000000006,,315328.7566633989,False,7925000.000000008,12.918585847105096,0.5167434338842039,2.169385127971515e-17,hypothetical scenario
gaussian,0.95,0.12,316912.0,7925000.0,7528750.0,38029.439999999995,,315573.88462614856,False,7925000.000000009,12.850860192327088,0.5140344076930835,3.929873434851008e-17,hypothetical scenario
gaussian,0.95,0.121,316912.0,7925000.0,7528750.0,38346.352,,315820.35921219736,False,7925000.000000011,12.783888053442594,0.5113555221377037,7.016260039161665e-17,hypothetical scenario
gaussian,0.95,0.122,316912.0,7925000.0,7528750.0,38663.263999999996,,316068.16834644036,False,7924999.999999988,12.7176571281897,0.508706285127588,1.2351613101552844e-16,hypothetical scenario
gaussian,0.95,0.123,316912.0,7925000.0,7528750.0,38980.176,,316317.300148826,False,7924999.99999999,12.65215536184034,0.5060862144736136,2.1450130349736877e-16,hypothetical scenario
gaussian,0.95,0.124,316912.0,7925000.0,7528750.0,39297.087999999996,,316567.742929987,False,7924999.999999992,12.587370942040085,0.5034948376816034,3.676324939347653e-16,hypothetical scenario
gaussian,0.95,0.125,316912.0,7925000.0,7528750.0,39614.0,,316819.48518697236,False,7924999.9999999935,12.52329229371559,0.5009316917486236,6.22096057427174e-16,hypothetical scenario
gaussian,0.95,0.126,316912.0,7925000.0,7528750.0,39930.912000000004,,317072.5155991054,False,7924999.999999995,12.45990807404671,0.4983963229618684,1.0397653352120992e-15,hypothetical scenario
gaussian,0.95,0.127,316912.0,7925000.0,7528750.0,40247.824,,317326.8230239546,False,7924999.999999998,12.397207167510313,0.4958882867004125,1.7171784315145004e-15,hypothetical scenario
gaussian,0.95,0.128,316912.0,7925000.0,7528750.0,40564.736000000004,,317582.39649341337,False,7925000.0,12.335178680998983,0.4934071472399593,2.8032322041968548e-15,hypothetical scenario
gaussian,0.95,0.129,316912.0,7925000.0,7528750.0,40881.648,,317839.2252098868,False,7925000.0,12.27381193901731,0.49095247756069244,4.525029461557915e-15,hypothetical scenario
gaussian,0.95,0.13,316912.0,7925000.0,7528750.0,41198.560000000005,,318097.2985425816,False,7925000.0,12.213096478958073,0.4885238591583229,7.225229227926481e-15,hypothetical scenario
gaussian,0.95,0.131,316912.0,7925000.0,7528750.0,41515.472,,318356.6060238965,False,7925000.0,12.153022046460277,0.48612088185841107,1.1415455814528563e-14,hypothetical scenario
gaussian,0.95,0.132,316912.0,7925000.0,7528750.0,41832.384000000005,,318617.1373459094,False,7925000.0,12.093578590850438,0.4837431436340175,1.7851898539704553e-14,hypothetical scenario
gaussian,0.95,0.133,316912.0,7925000.0,7528750.0,42149.296,,318878.88235695893,False,7925000.0,12.034756260668242,0.48139025042672967,2.764127282952991e-14,hypothetical scenario
gaussian,0.95,0.134,316912.0,7925000.0,7528750.0,42466.208000000006,,319141.83105831686,False,7925000.0,11.976545399277423,0.4790618159710969,4.238792468839044e-14,hypothetical scenario
gaussian,0.95,0.135,316912.0,7925000.0,7528750.0,42783.12,,319405.9736009493,False,7925000.0,11.918936540562065,0.4767574616224826,6.43961724224308e-14,hypothetical scenario
gaussian,0.95,0.136,316912.0,7925000.0,7528750.0,43100.03200000001,,319671.3002823633,False,7925000.0,11.861920404708812,0.47447681618835247,9.694614039931097e-14,hypothetical scenario
gaussian,0.95,0.137,316912.0,7925000.0,7528750.0,43416.944,,319937.8015435369,False,7925000.0,11.805487894074822,0.4722195157629929,1.4466651917866347e-13,hypothetical scenario
gaussian,0.95,0.138,316912.0,7925000.0,7528750.0,43733.85600000001,,320205.46796592936,False,7925000.0,11.749630089141192,0.46998520356564766,2.1403407625668127e-13,hypothetical scenario
gaussian,0.95,0.139,316912.0,7925000.0,7528750.0,44050.768000000004,,320474.2902685702,False,7925000.0,11.694338244551474,0.467773529782059,3.140375560357364e-13,hypothetical scenario
gaussian,0.95,0.14,316912.0,7925000.0,7528750.0,44367.68000000001,,320744.25930522283,False,7925000.0,11.63960378523489,0.4655841514093956,4.570530827193389e-13,hypothetical scenario
gaussian,0.95,0.14100000000000001,316912.0,7925000.0,7528750.0,44684.592000000004,,321015.36606162315,False,7925000.0,11.585418302613077,0.46341673210452305,6.599895731939513e-13,hypothetical scenario
gaussian,0.95,0.14200000000000002,316912.0,7925000.0,7528750.0,45001.50400000001,,321287.6016527881,False,7925000.0,11.531773550890069,0.46127094203560276,9.457762558286754e-13,hypothetical scenario
gaussian,0.95,0.14300000000000002,316912.0,7925000.0,7528750.0,45318.416000000005,,321560.95732039417,False,7925000.0,11.47866144342415,0.459146457736966,1.3452804700337568e-12,hypothetical scenario
gaussian,0.95,0.14400000000000002,316912.0,7925000.0,7528750.0,45635.32800000001,,321835.4244302223,False,7925000.0,11.426074049180809,0.4570429619672323,1.899762798977529e-12,hypothetical scenario
gaussian,0.95,0.145,316912.0,7925000.0,7528750.0,45952.24,,322110.9944696685,False,7925000.0,11.374003589265506,0.45496014357062026,2.6639985826676573e-12,hypothetical scenario
gaussian,0.95,0.146,316912.0,7925000.0,7528750.0,46269.151999999995,,322387.6590453169,False,7925000.0,11.32244243353518,0.45289769734140717,3.710220294316883e-12,hypothetical scenario
gaussian,0.95,0.147,316912.0,7925000.0,7528750.0,46586.064,,322665.4098805745,False,7925000.0,11.271383097287288,0.4508553238914915,5.1330644624824585e-12,hypothetical scenario
gaussian,0.95,0.148,316912.0,7925000.0,7528750.0,46902.975999999995,,322944.238813365,False,7925000.0,11.220818238024927,0.44883272952099706,7.055740100602904e-12,hypothetical scenario
gaussian,0.95,0.149,316912.0,7925000.0,7528750.0,47219.888,,323224.1377938805,False,7925000.0,11.17074065229694,0.4468296260918776,9.637673265490171e-12,hypothetical scenario
gaussian,0.95,0.15,316912.0,7925000.0,7528750.0,47536.799999999996,,323505.0988823888,False,7925000.0,11.121143272611521,0.44484573090446083,1.3083924686052994e-11,hypothetical scenario
gaussian,0.95,0.151,316912.0,7925000.0,7528750.0,47853.712,,323787.11424709554,False,7925000.0,11.072019164421947,0.4428807665768779,1.7656724631510056e-11,hypothetical scenario
gaussian,0.95,0.152,316912.0,7925000.0,7528750.0,48170.623999999996,,324070.1761620585,False,7925000.0,11.023361523183132,0.4409344609273253,2.3689521534103506e-11,hypothetical scenario
gaussian,0.95,0.153,316912.0,7925000.0,7528750.0,48487.536,,324354.2770051535,False,7925000.0,10.975163671477475,0.439006546859099,3.1603998506756706e-11,hypothetical scenario
gaussian,0.95,0.154,316912.0,7925000.0,7528750.0,48804.448,,324639.4092560895,False,7925000.0,10.927419056208795,0.43709676224835176,4.193057490709451e-11,hypothetical scenario
gaussian,0.95,0.155,316912.0,7925000.0,7528750.0,49121.36,,324925.5654944725,False,7925000.0,10.880121245862675,0.435204849834507,5.533297853741391e-11,hypothetical scenario
gaussian,0.95,0.156,316912.0,7925000.0,7528750.0,49438.272,,325212.73839791596,False,7925000.0,10.833263927832036,0.43333055711328144,7.263754790529083e-11,hypothetical scenario
gaussian,0.95,0.157,316912.0,7925000.0,7528750.0,49755.184,,325500.92074019666,False,7925000.0,10.786840905806406,0.4314736362322562,9.486800309261196e-11,hypothetical scenario
gaussian,0.95,0.158,316912.0,7925000.0,7528750.0,50072.096,,325790.105389455,False,7925000.0,10.740846097223532,0.42963384388894127,1.2328650799810697e-10,hypothetical scenario
gaussian,0.95,0.159,316912.0,7925000.0,7528750.0,50389.008,,326080.28530643816,False,7925000.0,10.695273530781929,0.42781094123127716,1.5944193574672867e-10,hypothetical scenario
gaussian,0.95,0.16,316912.0,7925000.0,7528750.0,50705.92,,326371.45354278485,False,7925000.0,10.650117344013038,0.4260046937605215,2.0522634252189396e-10,hypothetical scenario
gaussian,0.95,0.161,316912.0,7925000.0,7528750.0,51022.832,,326663.60323935084,False,7925000.0,10.605371780911506,0.42421487123646023,2.6294075250207267e-10,hypothetical scenario
gaussian,0.95,0.162,316912.0,7925000.0,7528750.0,51339.744,,326956.7276245735,False,7925000.0,10.561031189622435,0.4224412475848974,3.3537145740377504e-10,hypothetical scenario
gaussian,0.95,0.163,316912.0,7925000.0,7528750.0,51656.656,,327250.82001287513,False,7925000.0,10.517090020184083,0.42068360080736333,4.258781376863064e-10,hypothetical scenario
gaussian,0.95,0.164,316912.0,7925000.0,7528750.0,51973.568,,327545.8738031031,False,7925000.0,10.473542822324799,0.4189417128929919,5.384952180053042e-10,hypothetical scenario
gaussian,0.95,0.165,316912.0,7925000.0,7528750.0,52290.48,,327841.8824770064,False,7925000.0,10.430384243312922,0.4172153697325169,6.780479761696737e-10,hypothetical scenario
gaussian,0.95,0.166,316912.0,7925000.0,7528750.0,52607.392,,328138.8395977471,False,7925000.0,10.387609025858355,0.4155043610343342,8.502850317365138e-10,hypothetical scenario
gaussian,0.95,0.167,316912.0,7925000.0,7528750.0,52924.304000000004,,328436.73880844633,False,7925000.0,10.34521200606448,0.4138084802425792,1.0620289464731874e-09,hypothetical scenario
gaussian,0.95,0.168,316912.0,7925000.0,7528750.0,53241.216,,328735.5738307635,False,7925000.0,10.303188111429334,0.4121275244571734,1.3213467731619395e-09,hypothetical scenario
gaussian,0.95,0.169,316912.0,7925000.0,7528750.0,53558.128000000004,,329035.33846350753,False,7925000.0,10.26153235889477,0.4104612943557908,1.637742490504724e-09,hypothetical scenario
gaussian,0.95,0.17,316912.0,7925000.0,7528750.0,53875.04,,329336.0265812798,False,7925000.0,10.220239852942397,0.4088095941176959,2.0223733590430347e-09,hypothetical scenario
gaussian,0.95,0.171,316912.0,7925000.0,7528750.0,54191.952000000005,,329637.63213314774,False,7925000.0,10.179305783735215,0.4071722313494086,2.4882923248534573e-09,hypothetical scenario
gaussian,0.95,0.17200000000000001,316912.0,7925000.0,7528750.0,54508.864,,329940.1491413481,False,7925000.0,10.138725425303718,0.40554901701214874,3.050718683106395e-09,hypothetical scenario
gaussian,0.95,0.17300000000000001,316912.0,7925000.0,7528750.0,54825.776000000005,,330243.5717000191,False,7925000.0,10.098494133775494,0.4039397653510198,3.72733929117965e-09,hypothetical scenario
gaussian,0.95,0.17400000000000002,316912.0,7925000.0,7528750.0,55142.688,,330547.8939739612,False,7925000.0,10.058607345647081,0.4023442938258832,4.5386426897038525e-09,hypothetical scenario
gaussian,0.95,0.17500000000000002,316912.0,7925000.0,7528750.0,55459.600000000006,,330853.11019742454,False,7925000.0,10.019060576097125,0.400762423043885,5.50828854851974e-09,hypothetical scenario
gaussian,0.95,0.176,316912.0,7925000.0,7528750.0,55776.511999999995,,331159.214672924,False,7925000.0,9.97984941733978,0.3991939766935912,6.6635149019226905e-09,hypothetical scenario
gaussian,0.95,0.177,316912.0,7925000.0,7528750.0,56093.424,,331466.2017700796,False,7925000.0,9.940969537017311,0.3976387814806925,8.035585672693832e-09,hypothetical scenario
gaussian,0.95,0.178,316912.0,7925000.0,7528750.0,56410.335999999996,,331774.06592448236,False,7925000.0,9.902416676630944,0.3960966670652378,9.660281006270223e-09,hypothetical scenario
gaussian,0.95,0.179,316912.0,7925000.0,7528750.0,56727.248,,332082.80163658503,False,7925000.0,9.864186650008955,0.3945674660003582,1.1578432944082731e-08,hypothetical scenario
gaussian,0.95,0.18,316912.0,7925000.0,7528750.0,57044.159999999996,,332392.40347061655,False,7925000.0,9.826275341811112,0.3930510136724445,1.3836508957768746e-08,hypothetical scenario
gaussian,0.95,0.181,316912.0,7925000.0,7528750.0,57361.072,,332702.86605352,False,7925000.0,9.788678706068492,0.3915471482427397,1.6487245842942992e-08,hypothetical scenario
gaussian,0.95,0.182,316912.0,7925000.0,7528750.0,57677.984,,333014.18407391343,False,7925000.0,9.751392764757782,0.39005571059031124,1.9590336431889987e-08,hypothetical scenario
gaussian,0.95,0.183,316912.0,7925000.0,7528750.0,57994.896,,333326.35228107264,False,7925000.0,9.714413606409241,0.38857654425636967,2.3213171528463696e-08,hypothetical scenario
gaussian,0.95,0.184,316912.0,7925000.0,7528750.0,58311.808,,333639.3654839355,False,7925000.0,9.677737384747429,0.38710949538989714,2.7431639395305523e-08,hypothetical scenario
gaussian,0.95,0.185,316912.0,7925000.0,7528750.0,58628.72,,333953.218550128,False,7925000.0,9.641360317363782,0.3856544126945513,3.2330985033027256e-08,hypothetical scenario
gaussian,0.95,0.186,316912.0,7925000.0,7528750.0,58945.632,,334267.90640500956,False,7925000.0,9.605278684420457,0.3842111473768183,3.800673138319886e-08,hypothetical scenario
gaussian,0.95,0.187,316912.0,7925000.0,7528750.0,59262.544,,334583.42403073993,False,7925000.0,9.569488827384319,0.38277955309537276,4.456566446191434e-08,hypothetical scenario
gaussian,0.95,0.188,316912.0,7925000.0,7528750.0,59579.456,,334899.76646536385,False,7925000.0,9.533987147790684,0.3813594859116274,5.212688428861857e-08,hypothetical scenario
gaussian,0.95,0.189,316912.0,7925000.0,7528750.0,59896.368,,335216.92880191625,False,7925000.0,9.49877010603567,0.3799508042414268,6.082292331614066e-08,hypothetical scenario
gaussian,0.95,0.19,316912.0,7925000.0,7528750.0,60213.28,,335534.9061875448,False,7925000.0,9.463834220196757,0.37855336880787027,7.080093389299753e-08,hypothetical scenario
gaussian,0.95,0.191,316912.0,7925000.0,7528750.0,60530.192,,335853.69382265134,False,7925000.0,9.429176064880613,0.3771670425952245,8.222394609867018e-08,hypothetical scenario
gaussian,0.95,0.192,316912.0,7925000.0,7528750.0,60847.104,,336173.28696005023,False,7925000.0,9.394792270097623,0.37579169080390495,9.527219708747539e-08,hypothetical scenario
gaussian,0.95,0.193,316912.0,7925000.0,7528750.0,61164.016,,336493.68090414436,False,7925000.0,9.360679520162387,0.3744271808064955,1.1014453285777807e-07,hypothetical scenario
gaussian,0.95,0.194,316912.0,7925000.0,7528750.0,61480.928,,336814.87101011776,False,7925000.0,9.326834552619493,0.37307338210477975,1.2705988313159139e-07,hypothetical scenario
gaussian,0.95,0.195,316912.0,7925000.0,7528750.0,61797.840000000004,,337136.8526831443,False,7925000.0,9.293254157194056,0.37173016628776223,1.4625880978627536e-07,hypothetical scenario
gaussian,0.95,0.196,316912.0,7925000.0,7528750.0,62114.752,,337459.6213776126,False,7925000.0,9.259935174766195,0.37039740699064777,1.6800512902619298e-07,hypothetical scenario
gaussian,0.95,0.197,316912.0,7925000.0,7528750.0,62431.664000000004,,337783.17259636655,False,7925000.0,9.226874496369023,0.3690749798547609,1.925876072192282e-07,hypothetical scenario
gaussian,0.95,0.198,316912.0,7925000.0,7528750.0,62748.576,,338107.5018899605,False,7925000.0,9.194069062209483,0.3677627624883793,2.2032173005223555e-07,hypothetical scenario
gaussian,0.95,0.199,316912.0,7925000.0,7528750.0,63065.488000000005,,338432.60485592973,False,7925000.0,9.161515860711399,0.36646063442845594,2.515515443823749e-07,hypothetical scenario
gaussian,0.95,0.2,316912.0,7925000.0,7528750.0,63382.4,,338758.4771380752,False,7925000.0,9.129211927580272,0.3651684771032109,2.866515718791933e-07,hypothetical scenario
gaussian,0.95,0.201,316912.0,7925000.0,7528750.0,63699.312000000005,,339085.1144257623,False,7925000.0,9.097154344889235,0.3638861737955694,3.2602879326688974e-07,hypothetical scenario
gaussian,0.95,0.202,316912.0,7925000.0,7528750.0,64016.224,,339412.5124532334,False,7925000.0,9.065340240185607,0.3626136096074243,3.70124701688902e-07,hypothetical scenario
gaussian,0.95,0.203,316912.0,7925000.0,7528750.0,64333.136000000006,,339740.66699893377,False,7925000.0,9.033766785617578,0.3613506714247031,4.194174234293717e-07,hypothetical scenario
gaussian,0.95,0.20400000000000001,316912.0,7925000.0,7528750.0,64650.048,,340069.5738848509,False,7925000.0,9.002431197080453,0.3600972478832181,4.7442390393960894e-07,hypothetical scenario
gaussian,0.95,0.20500000000000002,316912.0,7925000.0,7528750.0,64966.96000000001,,340399.2289758661,False,7925000.0,8.97133073338207,0.3588532293352828,5.357021568341662e-07,hypothetical scenario
gaussian,0.95,0.20600000000000002,316912.0,7925000.0,7528750.0,65283.872,,340729.628179119,False,7925000.0,8.94046269542679,0.3576185078170716,6.038535732416752e-07,hypothetical scenario
gaussian,0.95,0.20700000000000002,316912.0,7925000.0,7528750.0,65600.784,,341060.76744338416,False,7925000.0,8.909824425417675,0.35639297701670697,6.795252886220212e-07,hypothetical scenario
gaussian,0.95,0.20800000000000002,316912.0,7925000.0,7528750.0,65917.69600000001,,341392.6427584594,False,7925000.0,8.87941330607637,0.3551765322430548,7.63412603894992e-07,hypothetical scenario
gaussian,0.95,0.209,316912.0,7925000.0,7528750.0,66234.608,,341725.2501545658,False,7925000.0,8.84922675988028,0.3539690703952112,8.562614574673742e-07,hypothetical scenario
gaussian,0.95,0.21,316912.0,7925000.0,7528750.0,66551.52,,342058.5857017598,False,7925000.0,8.819262248316512,0.35277048993266047,9.58870944497607e-07,hypothetical scenario
gaussian,0.95,0.211,316912.0,7925000.0,7528750.0,66868.432,,342392.6455093549,False,7925000.0,8.789517271152372,0.3515806908460949,1.0720958794995939e-06,hypothetical scenario
gaussian,0.95,0.212,316912.0,7925000.0,7528750.0,67185.344,,342727.42572535574,False,7925000.0,8.759989365721733,0.35039957462886934,1.1968493981625818e-06,hypothetical scenario
gaussian,0.95,0.213,316912.0,7925000.0,7528750.0,67502.256,,343062.92253590195,False,7925000.0,8.730676106227106,0.34922704424908424,1.3341055940522048e-06,hypothetical scenario
gaussian,0.95,0.214,316912.0,7925000.0,7528750.0,67819.168,,343399.1321647223,False,7925000.0,8.70157510305696,0.3480630041222784,1.484902185660213e-06,hypothetical scenario
gaussian,0.95,0.215,316912.0,7925000.0,7528750.0,68136.08,,343736.0508725996,False,7925000.0,8.672684002117828,0.3469073600847131,1.6503432090880766e-06,hypothetical scenario
gaussian,0.95,0.216,316912.0,7925000.0,7528750.0,68452.992,,344073.67495684477,False,7925000.0,8.64400048418097,0.34576001936723877,1.8316017314831133e-06,hypothetical scenario
gaussian,0.95,0.217,316912.0,7925000.0,7528750.0,68769.904,,344412.00075078115,False,7925000.0,8.615522264243149,0.34462089056972595,2.0299225801956155e-06,hypothetical scenario
gaussian,0.95,0.218,316912.0,7925000.0,7528750.0,69086.816,,344751.02462323784,False,7925000.0,8.58724709090122,0.3434898836360488,2.246625082492948e-06,hypothetical scenario
gaussian,0.95,0.219,316912.0,7925000.0,7528750.0,69403.728,,345090.7429780526,False,7925000.0,8.559172745740145,0.3423669098296058,2.483105810550789e-06,hypothetical scenario
gaussian,0.95,0.22,316912.0,7925000.0,7528750.0,69720.64,,345431.1522535836,False,7925000.0,8.531297042734149,0.34125188170936593,2.7408413263450336e-06,hypothetical scenario
gaussian,0.95,0.221,316912.0,7925000.0,7528750.0,70037.552,,345772.2489222301,False,7925000.0,8.503617827660717,0.3401447131064287,3.0213909209882114e-06,hypothetical scenario
gaussian,0.95,0.222,316912.0,7925000.0,7528750.0,70354.464,,346114.0294899617,False,7925000.0,8.476132977527032,0.33904531910108127,3.326399342994174e-06,hypothetical scenario
gaussian,0.95,0.223,316912.0,7925000.0,7528750.0,70671.376,,346456.49049585604,False,7925000.0,8.448840400008665,0.3379536160003466,3.6575995099122623e-06,hypothetical scenario
gaussian,0.95,0.224,316912.0,7925000.0,7528750.0,70988.288,,346799.6285116449,False,7925000.0,8.421738032900139,0.33686952131600556,4.0168151977489704e-06,hypothetical scenario
gaussian,0.95,0.225,316912.0,7925000.0,7528750.0,71305.2,,347143.4401412682,False,7925000.0,8.394823843577113,0.3357929537430845,4.405963702589184e-06,hypothetical scenario
gaussian,0.95,0.226,316912.0,7925000.0,7528750.0,71622.11200000001,,347487.92202043603,False,7925000.0,8.368095828469894,0.3347238331387958,4.827058468842682e-06,hypothetical scenario
gaussian,0.95,0.227,316912.0,7925000.0,7528750.0,71939.024,,347833.07081619836,False,7925000.0,8.341552012548044,0.33366208050192175,5.282211678571527e-06,hypothetical scenario
gaussian,0.95,0.228,316912.0,7925000.0,7528750.0,72255.936,,348178.88322652236,False,7925000.0,8.315190448815773,0.33260761795263094,5.77363679640302e-06,hypothetical scenario
gaussian,0.95,0.229,316912.0,7925000.0,7528750.0,72572.848,,348525.3559798771,False,7925000.0,8.289009217817839,0.33156036871271355,6.303651064597541e-06,hypothetical scenario
gaussian,0.95,0.23,316912.0,7925000.0,7528750.0,72889.76000000001,,348872.4858348256,False,7925000.0,8.263006427155805,0.33052025708623217,6.874677942922483e-06,hypothetical scenario
gaussian,0.95,0.231,316912.0,7925000.0,7528750.0,73206.672,,349220.26957962365,False,7925000.0,8.237180211014314,0.32948720844057255,7.489249488081726e-06,hypothetical scenario
gaussian,0.95,0.232,316912.0,7925000.0,7528750.0,73523.584,,349568.7040318261,False,7925000.0,8.211528729697138,0.3284611491878855,8.150008667563266e-06,hypothetical scenario
gaussian,0.95,0.233,316912.0,7925000.0,7528750.0,73840.496,,349917.78603789944,False,7925000.0,8.18605016917289,0.32744200676691565,8.859711602894536e-06,hypothetical scenario
gaussian,0.95,0.234,316912.0,7925000.0,7528750.0,74157.40800000001,,350267.5124728413,False,7925000.0,8.160742740630019,0.32642970962520074,9.621229737438171e-06,hypothetical scenario
gaussian,0.95,0.23500000000000001,316912.0,7925000.0,7528750.0,74474.32,,350617.8802398064,False,7925000.0,8.135604680040952,0.32542418720163807,1.0437551924014494e-05,hypothetical scenario
gaussian,0.95,0.23600000000000002,316912.0,7925000.0,7528750.0,74791.232,,350968.8862697392,False,7925000.0,8.110634247735165,0.3244253699094066,1.1311786427806036e-05,hypothetical scenario
gaussian,0.95,0.23700000000000002,316912.0,7925000.0,7528750.0,75108.144,,351320.52752101177,False,7925000.0,8.085829727980997,0.32343318911923985,1.2247162840175534e-05,hypothetical scenario
gaussian,0.95,0.23800000000000002,316912.0,7925000.0,7528750.0,75425.05600000001,,351672.8009790692,False,7925000.0,8.061189428575895,0.3224475771430358,1.3247033899221907e-05,hypothetical scenario
gaussian,0.95,0.23900000000000002,316912.0,7925000.0,7528750.0,75741.96800000001,,352025.70365607995,False,7925000.0,8.036711680445052,0.3214684672178021,1.4314877213094277e-05,hypothetical scenario
gaussian,0.95,0.24,316912.0,7925000.0,7528750.0,76058.87999999999,,352379.23259059235,False,7925000.0,8.012394837248108,0.3204957934899243,1.5454296882295967e-05,hypothetical scenario
gaussian,0.95,0.241,316912.0,7925000.0,7528750.0,76375.792,,352733.3848471972,False,7925000.0,7.988237274993773,0.3195294909997509,1.6669025017422605e-05,hypothetical scenario
gaussian,0.95,0.242,316912.0,7925000.0,7528750.0,76692.704,,353088.1575161953,False,7925000.0,7.964237391662281,0.31856949566649123,1.7962923149005337e-05,hypothetical scenario
gaussian,0.95,0.243,316912.0,7925000.0,7528750.0,77009.616,,353443.5477132711,False,7925000.0,7.9403936068353085,0.3176157442734123,1.9339983526357357e-05,hypothetical scenario
gaussian,0.95,0.244,316912.0,7925000.0,7528750.0,77326.52799999999,,353799.55257917155,False,7925000.0,7.9167043613333306,0.31666817445333323,2.0804330302557193e-05,hypothetical scenario
gaussian,0.95,0.245,316912.0,7925000.0,7528750.0,77643.44,,354156.1692793901,False,7925000.0,7.8931681168602355,0.31572672467440943,2.236022060294167e-05,hypothetical scenario
gaussian,0.95,0.246,316912.0,7925000.0,7528750.0,77960.352,,354513.3950038559,False,7925000.0,7.86978335565495,0.314791334226198,2.4012045474722966e-05,hypothetical scenario
gaussian,0.95,0.247,316912.0,7925000.0,7528750.0,78277.264,,354871.22696662875,False,7925000.0,7.846548580149966,0.31386194320599864,2.576433071559168e-05,hypothetical scenario
gaussian,0.95,0.248,316912.0,7925000.0,7528750.0,78594.17599999999,,355229.6624055976,False,7925000.0,7.823462312636667,0.3129384925054667,2.7621737579410466e-05,hypothetical scenario
gaussian,0.95,0.249,316912.0,7925000.0,7528750.0,78911.088,,355588.6985821855,False,7925000.0,7.8005230949371835,0.31202092379748736,2.9589063357357552e-05,hypothetical scenario
gaussian,0.95,0.25,316912.0,7925000.0,7528750.0,79228.0,,355948.33278105827,False,7925000.0,7.777729488082691,0.31110917952330763,3.167124183311986e-05,hypothetical scenario
gaussian,0.95,0.251,316912.0,7925000.0,7528750.0,79544.912,,356308.56230983825,False,7925000.0,7.755080071998075,0.310203202879923,3.387334361098921e-05,hypothetical scenario
gaussian,0.95,0.252,316912.0,7925000.0,7528750.0,79861.82400000001,,356669.3844988227,False,7925000.0,7.7325734451926555,0.30930293780770624,3.620057631595862e-05,hypothetical scenario
gaussian,0.95,0.253,316912.0,7925000.0,7528750.0,80178.736,,357030.79670070636,False,7925000.0,7.710208224457009,0.30840832897828035,3.865828466515987e-05,hypothetical scenario
gaussian,0.95,0.254,316912.0,7925000.0,7528750.0,80495.648,,357392.79629030905,False,7925000.0,7.687983044565606,0.30751932178262426,4.12519504102262e-05,hypothetical scenario
gaussian,0.95,0.255,316912.0,7925000.0,7528750.0,80812.56,,357755.3806643069,False,7925000.0,7.665896557985254,0.30663586231941015,4.398719215040226e-05,hypothetical scenario
gaussian,0.95,0.256,316912.0,7925000.0,7528750.0,81129.47200000001,,358118.5472409682,False,7925000.0,7.6439474345891405,0.3057578973835656,4.6869765016455296e-05,hypothetical scenario
gaussian,0.95,0.257,316912.0,7925000.0,7528750.0,81446.384,,358482.29345989344,False,7924999.999999999,7.622134361376364,0.3048853744550546,4.990556022567486e-05,hypothetical scenario
gaussian,0.95,0.258,316912.0,7925000.0,7528750.0,81763.296,,358846.61678175913,False,7925000.0,7.600456042196879,0.30401824168787517,5.310060450847341e-05,hypothetical scenario
gaussian,0.95,0.259,316912.0,7925000.0,7528750.0,82080.208,,359211.51468806627,False,7925000.0,7.578911197481632,0.30315644789926527,5.6461059407311624e-05,hypothetical scenario
gaussian,0.95,0.26,316912.0,7925000.0,7528750.0,82397.12000000001,,359576.98468089185,False,7925000.0,7.557498563977923,0.3022999425591169,5.9993220448899674e-05,hypothetical scenario
gaussian,0.95,0.261,316912.0,7925000.0,7528750.0,82714.032,,359943.02428264485,False,7925000.0,7.536216894489753,0.3014486757795901,6.370351619081719e-05,hypothetical scenario
gaussian,0.95,0.262,316912.0,7925000.0,7528750.0,83030.944,,360309.63103582594,False,7925000.0,7.515064957623071,0.30060259830492286,6.759850714390826e-05,hypothetical scenario
gaussian,0.95,0.263,316912.0,7925000.0,7528750.0,83347.856,,360676.8025027905,False,7925000.0,7.494041537535893,0.29976166150143574,7.16848845719897e-05,hypothetical scenario
gaussian,0.95,0.264,316912.0,7925000.0,7528750.0,83664.76800000001,,361044.53626551596,False,7925000.0,7.473145433693064,0.29892581734772256,7.596946917060706e-05,hypothetical scenario
gaussian,0.95,0.265,316912.0,7925000.0,7528750.0,83981.68000000001,,361412.8299253718,False,7925000.0,7.452375460625681,0.2980950184250272,8.045920962674033e-05,hypothetical scenario
gaussian,0.95,0.266,316912.0,7925000.0,7528750.0,84298.592,,361781.68110289413,False,7925000.0,7.43173044769497,0.2972692179077988,8.51611810615419e-05,hypothetical scenario
gaussian,0.95,0.267,316912.0,7925000.0,7528750.0,84615.504,,362151.0874375625,False,7925000.0,7.411209238860647,0.2964483695544259,9.008258335834178e-05,hypothetical scenario
gaussian,0.95,0.268,316912.0,7925000.0,7528750.0,84932.41600000001,,362521.04658758134,False,7925000.0,7.390810692453494,0.29563242769813974,9.523073937831551e-05,hypothetical scenario
gaussian,0.95,0.269,316912.0,7925000.0,7528750.0,85249.32800000001,,362891.5562296635,False,7925000.0,7.37053368095224,0.2948213472380896,0.00010061309306635517,hypothetical scenario
gaussian,0.95,0.27,316912.0,7925000.0,7528750.0,85566.24,,363262.6140588181,False,7925000.0,7.350377090764532,0.29401508363058126,0.00010623720744981464,hypothetical scenario
gaussian,0.95,0.271,316912.0,7925000.0,7528750.0,85883.152,,363634.2177881407,False,7925000.0,7.330339822011965,0.2932135928804786,0.00011211076253293826,hypothetical scenario
gaussian,0.95,0.272,316912.0,7925000.0,7528750.0,86200.06400000001,,364006.36514860735,False,7925000.0,7.31042078831905,0.292416831532762,0.00011824155308989318,hypothetical scenario
gaussian,0.95,0.273,316912.0,7925000.0,7528750.0,86516.97600000001,,364379.0538888709,False,7924999.999999999,7.290618916606078,0.29162475666424315,0.00012463748635944158,hypothetical scenario
gaussian,0.95,0.274,316912.0,7925000.0,7528750.0,86833.888,,364752.28177506116,False,7924999.999999999,7.27093314688578,0.2908373258754312,0.00013130657964439176,hypothetical scenario
gaussian,0.95,0.275,316912.0,7925000.0,7528750.0,87150.8,,365126.0465905874,False,7925000.0,7.251362432063635,0.2900544972825454,0.00013825695781905753,hypothetical scenario
gaussian,0.95,0.276,316912.0,7925000.0,7528750.0,87467.71200000001,,365500.3461359442,False,7924999.999999999,7.231905737741895,0.2892762295096758,0.00014549685074804686,hypothetical scenario
gaussian,0.95,0.277,316912.0,7925000.0,7528750.0,87784.62400000001,,365875.1782285195,False,7925000.0,7.212562042027127,0.28850248168108505,0.00015303459061976544,hypothetical scenario
gaussian,0.95,0.278,316912.0,7925000.0,7528750.0,88101.53600000001,,366250.5407024066,False,7925000.0,7.193330335341212,0.2877332134136485,0.0001608786091981148,hypothetical scenario
gaussian,0.95,0.279,316912.0,7925000.0,7528750.0,88418.448,,366626.43140821747,False,7924999.999999999,7.1742096202358105,0.28696838480943243,0.000169037434995891,hypothetical scenario
gaussian,0.95,0.28,316912.0,7925000.0,7528750.0,88735.36000000002,,367002.8482128998,False,7924999.999999999,7.1551989112101255,0.286207956448405,0.00017751969037347104,hypothetical scenario
gaussian,0.95,0.281,316912.0,7925000.0,7528750.0,89052.27200000001,,367379.78899955656,False,7924999.999999999,7.13629723453193,0.2854518893812772,0.00018633408856640692,hypothetical scenario
gaussian,0.95,0.28200000000000003,316912.0,7925000.0,7528750.0,89369.18400000001,,367757.25166726776,False,7924999.999999999,7.117503628061815,0.2847001451224726,0.00019548943064558337,hypothetical scenario
gaussian,0.95,0.28300000000000003,316912.0,7925000.0,7528750.0,89686.096,,368135.23413091514,False,7924999.999999999,7.098817141080568,0.28395268564322274,0.0002049946024136303,hypothetical scenario
gaussian,0.95,0.28400000000000003,316912.0,7925000.0,7528750.0,90003.00800000002,,368513.73432100913,False,7925000.0,7.080236834119632,0.2832094733647853,0.00021485857124129627,hypothetical scenario
gaussian,0.95,0.28500000000000003,316912.0,7925000.0,7528750.0,90319.92000000001,,368892.7501835187,False,7924999.999999999,7.0617617787945175,0.2824704711517807,0.00022509038284750777,hypothetical scenario
gaussian,0.95,0.28600000000000003,316912.0,7925000.0,7528750.0,90636.83200000001,,369272.27967970277,False,7924999.999999999,7.04339105764126,0.2817356423056504,0.0002356991580268595,hypothetical scenario
gaussian,0.95,0.28700000000000003,316912.0,7925000.0,7528750.0,90953.744,,369652.32078594516,False,7925000.0,7.025123763955659,0.2810049505582264,0.00024669408932824813,hypothetical scenario
gaussian,0.95,0.28800000000000003,316912.0,7925000.0,7528750.0,91270.65600000002,,370032.8714935912,False,7924999.999999999,7.006959001635376,0.28027836006541507,0.00025808443768840343,hypothetical scenario
gaussian,0.95,0.289,316912.0,7925000.0,7528750.0,91587.568,,370413.92980878626,False,7924999.999999999,6.9888958850248875,0.2795558354009955,0.00026987952902401345,hypothetical scenario
gaussian,0.95,0.29,316912.0,7925000.0,7528750.0,91904.48,,370795.49375231756,False,7924999.999999999,6.970933538762986,0.2788373415505194,0.00028208875078616945,hypothetical scenario
gaussian,0.95,0.291,316912.0,7925000.0,7528750.0,92221.39199999999,,371177.56135945756,False,7924999.999999999,6.953071097633067,0.2781228439053227,0.00029472154848078305,hypothetical scenario
gaussian,0.95,0.292,316912.0,7925000.0,7528750.0,92538.30399999999,,371560.1306798094,False,7924999.999999999,6.935307706416008,0.2774123082566403,0.00030778742215864524,hypothetical scenario
gaussian,0.95,0.293,316912.0,7925000.0,7528750.0,92855.216,,371943.1997771549,False,7924999.999999999,6.917642519745523,0.27670570078982093,0.000321295922878744,hypothetical scenario
gaussian,0.95,0.294,316912.0,7925000.0,7528750.0,93172.128,,372326.7667293046,False,7924999.999999999,6.900074701966097,0.2760029880786439,0.0003352566491484021,hypothetical scenario
gaussian,0.95,0.295,316912.0,7925000.0,7528750.0,93489.04,,372710.82962794974,False,7924999.999999999,6.882603426993327,0.2753041370797331,0.00034967924334379486,hypothetical scenario
gaussian,0.95,0.296,316912.0,7925000.0,7528750.0,93805.95199999999,,373095.386578516,False,7924999.999999999,6.865227878176699,0.274609115127068,0.0003645733881143164,hypothetical scenario
gaussian,0.95,0.297,316912.0,7925000.0,7528750.0,94122.864,,373480.4357000199,False,7924999.999999999,6.847947248164678,0.2739178899265871,0.0003799488027742443,hypothetical scenario
gaussian,0.95,0.298,316912.0,7925000.0,7528750.0,94439.776,,373865.97512492683,False,7925000.0,6.830760738772115,0.2732304295508846,0.00039581523968507755,hypothetical scenario
gaussian,0.95,0.299,316912.0,7925000.0,7528750.0,94756.688,,374252.00299901096,False,7924999.999999999,6.813667560849951,0.27254670243399803,0.000412182480631873,hypothetical scenario
gaussian,0.95,0.3,316912.0,7925000.0,7528750.0,95073.59999999999,,374638.517481217,False,7924999.999999999,6.796666934157095,0.2718666773662838,0.0004290603331968372,hypothetical scenario
